fault,level,mode,seed,t_land,v_td,tp,fp,fn,tn,timeout_rate,range_var,rmse_low,s3_frac,level_idx,level_name,risk,hard
clean,0.0,raw,0,14.300000000000068,0.3000000104303835,0,0,0,276,0.0,0.0020058134125051823,0.027247749808333627,0.0,0,baseline,0.0,0
clean,0.0,raw,1,14.100000000000065,0.3000000203357434,0,0,0,272,0.0,0.0016933510135022283,0.02471975080492054,0.0,0,baseline,0.0,0
clean,0.0,raw,2,14.300000000000068,0.3000000104303835,0,0,0,276,0.0,0.0020523793949845967,0.02692445283641041,0.0,0,baseline,0.0,0
clean,0.0,raw,3,14.100000000000065,0.3000000203357434,0,0,0,272,0.0,0.0023159860438319263,0.024598972262077034,0.0,0,baseline,0.0,0
clean,0.0,raw,4,14.300000000000068,0.3000000104303835,0,0,0,276,0.0,0.0021372701733267424,0.024973191692193523,0.0,0,baseline,0.0,0
clean,0.0,raw,5,14.300000000000068,0.3000000104303835,0,0,0,276,0.0,0.0018448465440121247,0.0273641956600505,0.0,0,baseline,0.0,0
clean,0.0,raw,6,14.100000000000065,0.300000020698882,0,0,0,272,0.0,0.002107743239923383,0.026149940251599616,0.0,0,baseline,0.0,0
clean,0.0,raw,7,14.100000000000065,0.3000000203357434,0,0,0,272,0.0,0.0017094136761642018,0.02432640856307024,0.0,0,baseline,0.0,0
clean,0.0,raw,8,14.300000000000068,0.3000000104303835,0,0,0,276,0.0,0.002386449305674784,0.027881546591487096,0.0,0,baseline,0.0,0
clean,0.0,raw,9,14.100000000000065,0.3000000203357434,0,0,0,272,0.0,0.0021549277250603356,0.025123634312575086,0.0,0,baseline,0.0,0
clean,0.0,raw,10,14.300000000000068,0.3000000104303835,0,0,0,276,0.0,0.0016777804809297817,0.02714555244804148,0.0,0,baseline,0.0,0
clean,0.0,raw,11,14.300000000000068,0.3000000104303835,0,0,0,276,0.0,0.001782744933684441,0.023313017992731725,0.0,0,baseline,0.0,0
clean,0.0,raw,12,14.300000000000068,0.3000000104303835,0,0,0,276,0.0,0.0018711578106974677,0.025511986408988142,0.0,0,baseline,0.0,0
clean,0.0,raw,13,14.300000000000068,0.3000000104303835,0,0,0,276,0.0,0.0022370726536422047,0.0291023629355827,0.0,0,baseline,0.0,0
clean,0.0,raw,14,14.100000000000065,0.3000000203357434,0,0,0,272,0.0,0.0020666752156936544,0.02561012033229276,0.0,0,baseline,0.0,0
clean,0.0,raw,15,14.300000000000068,0.3000000104303835,0,0,0,276,0.0,0.0021880230569295287,0.026355207381952364,0.0,0,baseline,0.0,0
clean,0.0,raw,16,14.100000000000065,0.3000000203357434,0,0,0,272,0.0,0.0021693810717056746,0.02485895892514735,0.0,0,baseline,0.0,0
clean,0.0,raw,17,14.100000000000065,0.3000000203357434,0,0,0,272,0.0,0.002354678109749054,0.024779212728051867,0.0,0,baseline,0.0,0
clean,0.0,raw,18,14.300000000000068,0.3000000104303835,0,0,0,276,0.0,0.0020430795765526764,0.02786587486011974,0.0,0,baseline,0.0,0
clean,0.0,raw,19,14.300000000000068,0.3000000104303835,0,0,0,276,0.0,0.0020508287019883253,0.022167367569233428,0.0,0,baseline,0.0,0
clean,0.0,raw,20,14.300000000000068,0.3000000104303835,0,0,0,276,0.0,0.0025835799777921067,0.02430384833767656,0.0,0,baseline,0.0,0
clean,0.0,raw,21,14.300000000000068,0.3000000104303835,0,0,0,276,0.0,0.001805917937112748,0.022071612134864374,0.0,0,baseline,0.0,0
clean,0.0,raw,22,14.100000000000065,0.3000000203357434,0,0,0,272,0.0,0.0023652035327928612,0.02329641471720622,0.0,0,baseline,0.0,0
clean,0.0,raw,23,14.300000000000068,0.3000000104303835,0,0,0,276,0.0,0.0024601974574935156,0.02685970839834396,0.0,0,baseline,0.0,0
clean,0.0,raw,24,14.300000000000068,0.3000000104303835,0,0,0,276,0.0,0.0022882278786258777,0.026191487426902575,0.0,0,baseline,0.0,0
clean,0.0,raw,25,14.100000000000065,0.3000000203357434,0,0,0,272,0.0,0.002090478884987428,0.02709175201329379,0.0,0,baseline,0.0,0
clean,0.0,raw,26,14.100000000000065,0.3000000203357434,0,0,0,272,0.0,0.0026003158132909274,0.027757630558521137,0.0,0,baseline,0.0,0
clean,0.0,raw,27,14.300000000000068,0.3000000104303835,0,0,0,276,0.0,0.0019798708567719085,0.027609379334274403,0.0,0,baseline,0.0,0
clean,0.0,raw,28,14.300000000000068,0.3000000104303835,0,0,0,276,0.0,0.002080284942825364,0.02633819991408678,0.0,0,baseline,0.0,0
clean,0.0,raw,29,14.100000000000065,0.3000000203357434,0,0,0,272,0.0,0.0024988986387414623,0.025563694180386492,0.0,0,baseline,0.0,0
clean,0.0,raw,30,14.100000000000065,0.3000000203357434,0,0,0,272,0.0,0.002092523754605756,0.027493414563701416,0.0,0,baseline,0.0,0
clean,0.0,raw,31,14.100000000000065,0.3000000203357434,0,0,0,272,0.0,0.0017474593573927903,0.024522689768582656,0.0,0,baseline,0.0,0
clean,0.0,raw,32,14.300000000000068,0.3000000104303835,0,0,0,276,0.0,0.002053545210353566,0.026778454876654537,0.0,0,baseline,0.0,0
clean,0.0,raw,33,14.300000000000068,0.3000000104303835,0,0,0,276,0.0,0.0018337791676969434,0.026364414049930104,0.0,0,baseline,0.0,0
clean,0.0,raw,34,14.300000000000068,0.3000000104303835,0,0,0,276,0.0,0.0017693995309449896,0.026530891403154084,0.0,0,baseline,0.0,0
clean,0.0,raw,35,14.300000000000068,0.3000000104303835,0,0,0,276,0.0,0.002301548354944546,0.026075502542052625,0.0,0,baseline,0.0,0
clean,0.0,raw,36,14.100000000000065,0.3000000203357434,0,0,0,272,0.0,0.001732406434351072,0.02493720524138532,0.0,0,baseline,0.0,0
clean,0.0,raw,37,14.100000000000065,0.3000000203357434,0,0,0,272,0.0,0.002044616682297466,0.0246165236527242,0.0,0,baseline,0.0,0
clean,0.0,raw,38,14.100000000000065,0.3000000203357434,0,0,0,272,0.0,0.0021498658133433145,0.023060146370438177,0.0,0,baseline,0.0,0
clean,0.0,raw,39,14.100000000000065,0.3000000203357434,0,0,0,272,0.0,0.0017775676686695799,0.025247321030363336,0.0,0,baseline,0.0,0
clean,0.0,median,0,13.900000000000063,0.30000003964786687,0,0,0,268,0.0,0.0020439956443253546,0.058489518973884096,0.0,0,baseline,0.0,0
clean,0.0,median,1,13.70000000000006,0.3000000773000178,0,0,0,264,0.0,0.0016969414470082728,0.05940265445635931,0.0,0,baseline,0.0,0
clean,0.0,median,2,13.900000000000063,0.30000003964786687,0,0,0,268,0.0,0.0020829867158632023,0.05731693951680555,0.0,0,baseline,0.0,0
clean,0.0,median,3,13.70000000000006,0.3000000773000178,0,0,0,264,0.0,0.00236308257355548,0.06331848315776943,0.0,0,baseline,0.0,0
clean,0.0,median,4,13.900000000000063,0.30000003964786687,0,0,0,268,0.0,0.0021743153358600386,0.061562764618899854,0.0,0,baseline,0.0,0
clean,0.0,median,5,13.900000000000063,0.30000003964786687,0,0,0,268,0.0,0.0018780830536696102,0.06299262073250744,0.0,0,baseline,0.0,0
clean,0.0,median,6,13.70000000000006,0.3000000773000178,0,0,0,264,0.0,0.0021491993941699173,0.06507814099854313,0.0,0,baseline,0.0,0
clean,0.0,median,7,13.70000000000006,0.3000000773000178,0,0,0,264,0.0,0.0017378363939778165,0.06003543840856479,0.0,0,baseline,0.0,0
clean,0.0,median,8,13.900000000000063,0.30000003964786687,0,0,0,268,0.0,0.0024420352091101927,0.05960291001392628,0.0,0,baseline,0.0,0
clean,0.0,median,9,13.70000000000006,0.3000000773000178,0,0,0,264,0.0,0.0021885854611124675,0.06512059530044093,0.0,0,baseline,0.0,0
clean,0.0,median,10,13.900000000000063,0.30000003964786687,0,0,0,268,0.0,0.0017018827644315249,0.05679026739549662,0.0,0,baseline,0.0,0
clean,0.0,median,11,13.900000000000063,0.30000003964786687,0,0,0,268,0.0,0.0018212602621921839,0.059912550841194866,0.0,0,baseline,0.0,0
clean,0.0,median,12,13.900000000000063,0.30000003964786687,0,0,0,268,0.0,0.0019076318223647645,0.05924235355721979,0.0,0,baseline,0.0,0
clean,0.0,median,13,13.900000000000063,0.30000003964786687,0,0,0,268,0.0,0.0022752346811282845,0.06478201122739477,0.0,0,baseline,0.0,0
clean,0.0,median,14,13.70000000000006,0.3000000773000178,0,0,0,264,0.0,0.0021146237124060265,0.06308539244153306,0.0,0,baseline,0.0,0
clean,0.0,median,15,13.900000000000063,0.30000003964786687,0,0,0,268,0.0,0.0022345194259871196,0.0626832525242311,0.0035971223021582736,0,baseline,0.0,0
clean,0.0,median,16,13.70000000000006,0.3000000773000178,0,0,0,264,0.0,0.0022137685842436006,0.06295588703999996,0.0,0,baseline,0.0,0
clean,0.0,median,17,13.70000000000006,0.3000000773000178,0,0,0,264,0.0,0.002399028993185484,0.0660729344669345,0.0,0,baseline,0.0,0
clean,0.0,median,18,13.900000000000063,0.30000003964786687,0,0,0,268,0.0,0.0020604088334539427,0.05786016789991047,0.0,0,baseline,0.0,0
clean,0.0,median,19,13.900000000000063,0.30000003964786687,0,0,0,268,0.0,0.0020946721529299253,0.06084889937599777,0.0,0,baseline,0.0,0
clean,0.0,median,20,13.900000000000063,0.30000003964786687,0,0,0,268,0.0,0.002651711166566103,0.06004225265164128,0.0,0,baseline,0.0,0
clean,0.0,median,21,13.900000000000063,0.30000003964786687,0,0,0,268,0.0,0.0018459697271839182,0.059231411117683166,0.0,0,baseline,0.0,0
clean,0.0,median,22,13.70000000000006,0.3000000773000178,0,0,0,264,0.0,0.0024055060698686074,0.06460803359439389,0.0,0,baseline,0.0,0
clean,0.0,median,23,13.900000000000063,0.30000003964786687,0,0,0,268,0.0,0.0025105404966644603,0.0632347864585577,0.0,0,baseline,0.0,0
clean,0.0,median,24,13.900000000000063,0.30000003964786687,0,0,0,268,0.0,0.0023286940814772512,0.05825724240920365,0.0,0,baseline,0.0,0
clean,0.0,median,25,13.70000000000006,0.3000000773000178,0,0,0,264,0.0,0.0021380477818401184,0.06854689736821613,0.0,0,baseline,0.0,0
clean,0.0,median,26,13.70000000000006,0.3000000773000178,0,0,0,264,0.0,0.002655292261482906,0.06228056054976087,0.0036496350364963502,0,baseline,0.0,0
clean,0.0,median,27,13.900000000000063,0.30000003964786687,0,0,0,268,0.0,0.0020109720293428456,0.06279436339248352,0.0,0,baseline,0.0,0
clean,0.0,median,28,13.900000000000063,0.30000003964786687,0,0,0,268,0.0,0.0021143629767377946,0.0673765616074201,0.007194244604316547,0,baseline,0.0,0
clean,0.0,median,29,13.70000000000006,0.3000000773000178,0,0,0,264,0.0,0.0025461501393623963,0.06367977197315752,0.0,0,baseline,0.0,0
clean,0.0,median,30,13.70000000000006,0.3000000773000178,0,0,0,264,0.0,0.0021307281707750834,0.06639715921364102,0.0,0,baseline,0.0,0
clean,0.0,median,31,13.70000000000006,0.3000000773000178,0,0,0,264,0.0,0.001779633685345642,0.06709445036857227,0.0,0,baseline,0.0,0
clean,0.0,median,32,13.900000000000063,0.30000003964786687,0,0,0,268,0.0,0.0020868684233369926,0.06503698908444008,0.0035971223021582736,0,baseline,0.0,0
clean,0.0,median,33,13.900000000000063,0.30000003964786687,0,0,0,268,0.0,0.0018655170421342094,0.061389534952540084,0.0,0,baseline,0.0,0
clean,0.0,median,34,13.900000000000063,0.30000003964786687,0,0,0,268,0.0,0.0017885156408475416,0.06325376039894301,0.0,0,baseline,0.0,0
clean,0.0,median,35,13.900000000000063,0.30000003964786687,0,0,0,268,0.0,0.0023479059697036654,0.0650593864131312,0.0,0,baseline,0.0,0
clean,0.0,median,36,13.70000000000006,0.3000000773000178,0,0,0,264,0.0,0.001754255834951878,0.06465986630760923,0.0,0,baseline,0.0,0
clean,0.0,median,37,13.70000000000006,0.3000000773000178,0,0,0,264,0.0,0.0020835638742513992,0.06511901353677431,0.0,0,baseline,0.0,0
clean,0.0,median,38,13.70000000000006,0.3000000773000178,0,0,0,264,0.0,0.002205878782629667,0.06602406415241556,0.0036496350364963502,0,baseline,0.0,0
clean,0.0,median,39,13.70000000000006,0.3000000773000178,0,0,0,264,0.0,0.001811336997183414,0.06052655585996105,0.0,0,baseline,0.0,0
clean,0.0,mad,0,14.300000000000068,0.3000000104303835,0,2,0,274,0.0,0.0020058134125051823,0.029976908750755524,0.0,0,baseline,0.0,0
clean,0.0,mad,1,14.100000000000065,0.3000000203357434,0,6,0,266,0.0,0.0016933510135022283,0.030919803453426098,0.0,0,baseline,0.0,0
clean,0.0,mad,2,14.300000000000068,0.3000000104303835,0,4,0,272,0.0,0.0020523793949845967,0.03065969110520861,0.0,0,baseline,0.0,0
clean,0.0,mad,3,14.100000000000065,0.3000000203357434,0,4,0,268,0.0,0.0023159860438319263,0.029259069333281307,0.0,0,baseline,0.0,0
clean,0.0,mad,4,14.300000000000068,0.3000000104303835,0,4,0,272,0.0,0.0021372701733267424,0.027983229528477902,0.0,0,baseline,0.0,0
clean,0.0,mad,5,14.300000000000068,0.3000000104303835,0,2,0,274,0.0,0.0018448465440121247,0.03380894053842548,0.0,0,baseline,0.0,0
clean,0.0,mad,6,14.100000000000065,0.300000020698882,0,1,0,271,0.0,0.002107743239923383,0.030268905842196808,0.0,0,baseline,0.0,0
clean,0.0,mad,7,14.100000000000065,0.3000000203357434,0,3,0,269,0.0,0.0017094136761642018,0.02739111509543591,0.0,0,baseline,0.0,0
clean,0.0,mad,8,14.300000000000068,0.3000000104303835,0,9,0,267,0.0,0.002386449305674784,0.036925270577047406,0.0,0,baseline,0.0,0
clean,0.0,mad,9,14.100000000000065,0.3000000203357434,0,2,0,270,0.0,0.0021549277250603356,0.027909047247006533,0.0,0,baseline,0.0,0
clean,0.0,mad,10,14.300000000000068,0.3000000104303835,0,4,0,272,0.0,0.0016777804809297817,0.033254656137439595,0.0034965034965034965,0,baseline,0.0,0
clean,0.0,mad,11,14.300000000000068,0.3000000104303835,0,2,0,274,0.0,0.001782744933684441,0.029143737713613494,0.0,0,baseline,0.0,0
clean,0.0,mad,12,14.300000000000068,0.3000000104303835,0,8,0,268,0.0,0.0018711578106974677,0.03201881358528664,0.0,0,baseline,0.0,0
clean,0.0,mad,13,14.300000000000068,0.3000000104303835,0,3,0,273,0.0,0.0022370726536422047,0.032113808137204096,0.0,0,baseline,0.0,0
clean,0.0,mad,14,14.100000000000065,0.3000000203357434,0,3,0,269,0.0,0.0020666752156936544,0.028423186599757747,0.0,0,baseline,0.0,0
clean,0.0,mad,15,14.300000000000068,0.3000000104303835,0,4,0,272,0.0,0.0021880230569295287,0.035707344116429916,0.0,0,baseline,0.0,0
clean,0.0,mad,16,14.100000000000065,0.3000000203357434,0,7,0,265,0.0,0.0021693810717056746,0.031683578440036206,0.0,0,baseline,0.0,0
clean,0.0,mad,17,14.100000000000065,0.3000000203357434,0,4,0,268,0.0,0.002354678109749054,0.03266585899919626,0.0,0,baseline,0.0,0
clean,0.0,mad,18,14.300000000000068,0.3000000104303835,0,9,0,267,0.0,0.0020430795765526764,0.030863344868041383,0.02097902097902098,0,baseline,0.0,0
clean,0.0,mad,19,14.300000000000068,0.3000000104303835,0,1,0,275,0.0,0.0020508287019883253,0.02556467847612944,0.0,0,baseline,0.0,0
clean,0.0,mad,20,14.300000000000068,0.3000000104303835,0,1,0,275,0.0,0.0025835799777921067,0.027595194377607195,0.0,0,baseline,0.0,0
clean,0.0,mad,21,14.300000000000068,0.3000000104303835,0,2,0,274,0.0,0.001805917937112748,0.026726991554884925,0.0,0,baseline,0.0,0
clean,0.0,mad,22,14.100000000000065,0.3000000203357434,0,4,0,268,0.0,0.0023652035327928612,0.026770078865970187,0.0,0,baseline,0.0,0
clean,0.0,mad,23,14.300000000000068,0.3000000104303835,0,3,0,273,0.0,0.0024601974574935156,0.029454508320011463,0.0,0,baseline,0.0,0
clean,0.0,mad,24,14.300000000000068,0.3000000104303835,0,4,0,272,0.0,0.0022882278786258777,0.030398430927439133,0.0,0,baseline,0.0,0
clean,0.0,mad,25,14.100000000000065,0.3000000203357434,0,2,0,270,0.0,0.002090478884987428,0.030580321094990353,0.0,0,baseline,0.0,0
clean,0.0,mad,26,14.100000000000065,0.3000000203357434,0,1,0,271,0.0,0.0026003158132909274,0.03199289505553566,0.0,0,baseline,0.0,0
clean,0.0,mad,27,14.300000000000068,0.3000000104303835,0,4,0,272,0.0,0.0019798708567719085,0.031391048657198224,0.0,0,baseline,0.0,0
clean,0.0,mad,28,14.300000000000068,0.3000000104303835,0,4,0,272,0.0,0.002080284942825364,0.033320320445668836,0.0,0,baseline,0.0,0
clean,0.0,mad,29,14.100000000000065,0.3000000203357434,0,3,0,269,0.0,0.0024988986387414623,0.029949359873715803,0.0,0,baseline,0.0,0
clean,0.0,mad,30,14.100000000000065,0.3000000203357434,0,8,0,264,0.0,0.002092523754605756,0.03422981817640282,0.0,0,baseline,0.0,0
clean,0.0,mad,31,14.100000000000065,0.3000000203357434,0,1,0,271,0.0,0.0017474593573927903,0.029295198223256352,0.0,0,baseline,0.0,0
clean,0.0,mad,32,14.300000000000068,0.3000000104303835,0,1,0,275,0.0,0.002053545210353566,0.03146438657808752,0.0,0,baseline,0.0,0
clean,0.0,mad,33,14.300000000000068,0.3000000104303835,0,2,0,274,0.0,0.0018337791676969434,0.03399796746131733,0.0,0,baseline,0.0,0
clean,0.0,mad,34,14.300000000000068,0.3000000104303835,0,2,0,274,0.0,0.0017693995309449896,0.030216508915446406,0.0,0,baseline,0.0,0
clean,0.0,mad,35,14.300000000000068,0.3000000104303835,0,4,0,272,0.0,0.002301548354944546,0.031937460208628435,0.0,0,baseline,0.0,0
clean,0.0,mad,36,14.100000000000065,0.3000000203357434,0,2,0,270,0.0,0.001732406434351072,0.03316918265894022,0.0,0,baseline,0.0,0
clean,0.0,mad,37,14.100000000000065,0.3000000203357434,0,2,0,270,0.0,0.002044616682297466,0.027911138018014307,0.0,0,baseline,0.0,0
clean,0.0,mad,38,14.100000000000065,0.3000000203357434,0,0,0,272,0.0,0.0021498658133433145,0.0260484475357532,0.0,0,baseline,0.0,0
clean,0.0,mad,39,14.100000000000065,0.3000000203357434,0,2,0,270,0.0,0.0017775676686695799,0.0299034632030452,0.0,0,baseline,0.0,0
clean,0.0,kf,0,14.300000000000068,0.3000000104303835,0,0,0,276,0.0,0.0020058134125051823,0.016967690747307317,0.0,0,baseline,0.0,0
clean,0.0,kf,1,14.100000000000065,0.3000000203357434,0,0,0,272,0.0,0.0016933510135022283,0.015816950312047735,0.0,0,baseline,0.0,0
clean,0.0,kf,2,14.100000000000065,0.3000000203357434,0,0,0,272,0.0,0.002069421771026812,0.016617138182961566,0.0,0,baseline,0.0,0
clean,0.0,kf,3,14.100000000000065,0.3000000203357434,0,0,0,272,0.0,0.0023159860438319263,0.016036367267820765,0.0,0,baseline,0.0,0
clean,0.0,kf,4,14.300000000000068,0.3000000104303835,0,0,0,276,0.0,0.0021372701733267424,0.01629570364082964,0.0,0,baseline,0.0,0
clean,0.0,kf,5,14.300000000000068,0.3000000104303835,0,0,0,276,0.0,0.0018448465440121247,0.017449265774731867,0.0,0,baseline,0.0,0
clean,0.0,kf,6,14.300000000000068,0.3000000104303835,0,0,0,276,0.0,0.0020923006761200875,0.01850601498213282,0.0,0,baseline,0.0,0
clean,0.0,kf,7,14.100000000000065,0.3000000203357434,0,0,0,272,0.0,0.0017094136761642018,0.015578037226720617,0.0,0,baseline,0.0,0
clean,0.0,kf,8,14.300000000000068,0.3000000104303835,0,0,0,276,0.0,0.002386449305674784,0.018288544219647564,0.0,0,baseline,0.0,0
clean,0.0,kf,9,14.100000000000065,0.3000000203357434,0,0,0,272,0.0,0.0021549277250603356,0.016839987890256404,0.0,0,baseline,0.0,0
clean,0.0,kf,10,14.300000000000068,0.3000000104303835,0,0,0,276,0.0,0.0016777804809297817,0.017905674249078744,0.0034965034965034965,0,baseline,0.0,0
clean,0.0,kf,11,14.300000000000068,0.3000000104303835,0,0,0,276,0.0,0.001782744933684441,0.016778930661043745,0.0,0,baseline,0.0,0
clean,0.0,kf,12,14.300000000000068,0.3000000104303835,0,0,0,276,0.0,0.0018711578106974677,0.016517665230513692,0.0,0,baseline,0.0,0
clean,0.0,kf,13,14.300000000000068,0.3000000104303835,0,0,0,276,0.0,0.0022370726536422047,0.020084405487080213,0.0,0,baseline,0.0,0
clean,0.0,kf,14,14.100000000000065,0.3000000203357434,0,0,0,272,0.0,0.0020666752156936544,0.015890182695526875,0.0,0,baseline,0.0,0
clean,0.0,kf,15,14.300000000000068,0.3000000104303835,0,0,0,276,0.0,0.0021880230569295287,0.017132626575298845,0.0,0,baseline,0.0,0
clean,0.0,kf,16,14.100000000000065,0.3000000203357434,0,0,0,272,0.0,0.0021693810717056746,0.015096794072223751,0.0,0,baseline,0.0,0
clean,0.0,kf,17,14.100000000000065,0.3000000203357434,0,0,0,272,0.0,0.002354678109749054,0.02177427555054366,0.0,0,baseline,0.0,0
clean,0.0,kf,18,14.300000000000068,0.3000000104303835,0,0,0,276,0.0,0.0020430795765526764,0.017430060654833268,0.0,0,baseline,0.0,0
clean,0.0,kf,19,14.100000000000065,0.3000000203357434,0,0,0,272,0.0,0.002072611932013324,0.01671312267255128,0.0,0,baseline,0.0,0
clean,0.0,kf,20,14.300000000000068,0.3000000104303835,0,0,0,276,0.0,0.0025835799777921067,0.01591698918340184,0.0,0,baseline,0.0,0
clean,0.0,kf,21,14.300000000000068,0.3000000104303835,0,0,0,276,0.0,0.001805917937112748,0.014296329754190179,0.0,0,baseline,0.0,0
clean,0.0,kf,22,14.100000000000065,0.3000000203357434,0,0,0,272,0.0,0.0023652035327928612,0.015922736037301596,0.0,0,baseline,0.0,0
clean,0.0,kf,23,14.100000000000065,0.3000000203357434,0,0,0,272,0.0,0.002492222834862124,0.016995585824586934,0.0,0,baseline,0.0,0
clean,0.0,kf,24,14.300000000000068,0.3000000104303835,0,0,0,276,0.0,0.0022882278786258777,0.01656378896362977,0.0,0,baseline,0.0,0
clean,0.0,kf,25,14.100000000000065,0.3000000203357434,0,0,0,272,0.0,0.002090478884987428,0.01622139408810621,0.0,0,baseline,0.0,0
clean,0.0,kf,26,14.100000000000065,0.3000000203357434,0,0,0,272,0.0,0.0026003158132909274,0.019170849125443302,0.0,0,baseline,0.0,0
clean,0.0,kf,27,14.300000000000068,0.3000000104303835,0,0,0,276,0.0,0.0019798708567719085,0.01780621656090367,0.0,0,baseline,0.0,0
clean,0.0,kf,28,14.300000000000068,0.3000000104303835,0,0,0,276,0.0,0.002080284942825364,0.017477434978171284,0.0,0,baseline,0.0,0
clean,0.0,kf,29,14.100000000000065,0.3000000203357434,0,0,0,272,0.0,0.0024988986387414623,0.014540609236706567,0.0,0,baseline,0.0,0
clean,0.0,kf,30,14.100000000000065,0.3000000203357434,0,0,0,272,0.0,0.002092523754605756,0.018844629346103228,0.0,0,baseline,0.0,0
clean,0.0,kf,31,14.100000000000065,0.3000000203357434,0,0,0,272,0.0,0.0017474593573927903,0.015163676686264626,0.0,0,baseline,0.0,0
clean,0.0,kf,32,14.300000000000068,0.3000000104303835,0,0,0,276,0.0,0.002053545210353566,0.017236483673729215,0.0,0,baseline,0.0,0
clean,0.0,kf,33,14.300000000000068,0.3000000104303835,0,0,0,276,0.0,0.0018337791676969434,0.017307466681703604,0.0,0,baseline,0.0,0
clean,0.0,kf,34,14.100000000000065,0.3000000203357434,0,0,0,272,0.0,0.0017767615128816254,0.01938858592914999,0.0,0,baseline,0.0,0
clean,0.0,kf,35,14.100000000000065,0.3000000203357434,0,0,0,272,0.0,0.0023229912547906894,0.01589033301836802,0.0,0,baseline,0.0,0
clean,0.0,kf,36,14.100000000000065,0.3000000203357434,0,0,0,272,0.0,0.001732406434351072,0.016389324626747935,0.0,0,baseline,0.0,0
clean,0.0,kf,37,14.100000000000065,0.3000000203357434,0,0,0,272,0.0,0.002044616682297466,0.01684365924994458,0.0,0,baseline,0.0,0
clean,0.0,kf,38,14.100000000000065,0.3000000203357434,0,0,0,272,0.0,0.0021498658133433145,0.015316501597870224,0.0,0,baseline,0.0,0
clean,0.0,kf,39,14.100000000000065,0.3000000203357434,0,0,0,272,0.0,0.0017775676686695799,0.015824886134054254,0.0,0,baseline,0.0,0
clean,0.0,kf_fallback,0,14.300000000000068,0.3000000104303835,0,0,0,276,0.0,0.0020058134125051823,0.016967690747307317,0.0,0,baseline,0.0,0
clean,0.0,kf_fallback,1,14.100000000000065,0.3000000203357434,0,0,0,272,0.0,0.0016933510135022283,0.015816950312047735,0.0,0,baseline,0.0,0
clean,0.0,kf_fallback,2,14.100000000000065,0.3000000203357434,0,0,0,272,0.0,0.002069421771026812,0.016617138182961566,0.0,0,baseline,0.0,0
clean,0.0,kf_fallback,3,14.100000000000065,0.3000000203357434,0,0,0,272,0.0,0.0023159860438319263,0.016036367267820765,0.0,0,baseline,0.0,0
clean,0.0,kf_fallback,4,14.300000000000068,0.3000000104303835,0,0,0,276,0.0,0.0021372701733267424,0.01629570364082964,0.0,0,baseline,0.0,0
clean,0.0,kf_fallback,5,14.300000000000068,0.3000000104303835,0,0,0,276,0.0,0.0018448465440121247,0.017449265774731867,0.0,0,baseline,0.0,0
clean,0.0,kf_fallback,6,14.300000000000068,0.3000000104303835,0,0,0,276,0.0,0.0020923006761200875,0.01850601498213282,0.0,0,baseline,0.0,0
clean,0.0,kf_fallback,7,14.100000000000065,0.3000000203357434,0,0,0,272,0.0,0.0017094136761642018,0.015578037226720617,0.0,0,baseline,0.0,0
clean,0.0,kf_fallback,8,14.300000000000068,0.3000000104303835,0,0,0,276,0.0,0.002386449305674784,0.018288544219647564,0.0,0,baseline,0.0,0
clean,0.0,kf_fallback,9,14.100000000000065,0.3000000203357434,0,0,0,272,0.0,0.0021549277250603356,0.016839987890256404,0.0,0,baseline,0.0,0
clean,0.0,kf_fallback,10,14.300000000000068,0.3000000104303835,0,0,0,276,0.0,0.0016777804809297817,0.017905674249078744,0.0034965034965034965,0,baseline,0.0,0
clean,0.0,kf_fallback,11,14.300000000000068,0.3000000104303835,0,0,0,276,0.0,0.001782744933684441,0.016778930661043745,0.0,0,baseline,0.0,0
clean,0.0,kf_fallback,12,14.300000000000068,0.3000000104303835,0,0,0,276,0.0,0.0018711578106974677,0.016517665230513692,0.0,0,baseline,0.0,0
clean,0.0,kf_fallback,13,14.300000000000068,0.3000000104303835,0,0,0,276,0.0,0.0022370726536422047,0.020084405487080213,0.0,0,baseline,0.0,0
clean,0.0,kf_fallback,14,14.100000000000065,0.3000000203357434,0,0,0,272,0.0,0.0020666752156936544,0.015890182695526875,0.0,0,baseline,0.0,0
clean,0.0,kf_fallback,15,14.300000000000068,0.3000000104303835,0,0,0,276,0.0,0.0021880230569295287,0.017132626575298845,0.0,0,baseline,0.0,0
clean,0.0,kf_fallback,16,14.100000000000065,0.3000000203357434,0,0,0,272,0.0,0.0021693810717056746,0.015096794072223751,0.0,0,baseline,0.0,0
clean,0.0,kf_fallback,17,14.100000000000065,0.3000000203357434,0,0,0,272,0.0,0.002354678109749054,0.02177427555054366,0.0,0,baseline,0.0,0
clean,0.0,kf_fallback,18,14.300000000000068,0.3000000104303835,0,0,0,276,0.0,0.0020430795765526764,0.017430060654833268,0.0,0,baseline,0.0,0
clean,0.0,kf_fallback,19,14.100000000000065,0.3000000203357434,0,0,0,272,0.0,0.002072611932013324,0.01671312267255128,0.0,0,baseline,0.0,0
clean,0.0,kf_fallback,20,14.300000000000068,0.3000000104303835,0,0,0,276,0.0,0.0025835799777921067,0.01591698918340184,0.0,0,baseline,0.0,0
clean,0.0,kf_fallback,21,14.300000000000068,0.3000000104303835,0,0,0,276,0.0,0.001805917937112748,0.014296329754190179,0.0,0,baseline,0.0,0
clean,0.0,kf_fallback,22,14.100000000000065,0.3000000203357434,0,0,0,272,0.0,0.0023652035327928612,0.015922736037301596,0.0,0,baseline,0.0,0
clean,0.0,kf_fallback,23,14.100000000000065,0.3000000203357434,0,0,0,272,0.0,0.002492222834862124,0.016995585824586934,0.0,0,baseline,0.0,0
clean,0.0,kf_fallback,24,14.300000000000068,0.3000000104303835,0,0,0,276,0.0,0.0022882278786258777,0.01656378896362977,0.0,0,baseline,0.0,0
clean,0.0,kf_fallback,25,14.100000000000065,0.3000000203357434,0,0,0,272,0.0,0.002090478884987428,0.01622139408810621,0.0,0,baseline,0.0,0
clean,0.0,kf_fallback,26,14.100000000000065,0.3000000203357434,0,0,0,272,0.0,0.0026003158132909274,0.019170849125443302,0.0,0,baseline,0.0,0
clean,0.0,kf_fallback,27,14.300000000000068,0.3000000104303835,0,0,0,276,0.0,0.0019798708567719085,0.01780621656090367,0.0,0,baseline,0.0,0
clean,0.0,kf_fallback,28,14.300000000000068,0.3000000104303835,0,0,0,276,0.0,0.002080284942825364,0.017477434978171284,0.0,0,baseline,0.0,0
clean,0.0,kf_fallback,29,14.100000000000065,0.3000000203357434,0,0,0,272,0.0,0.0024988986387414623,0.014540609236706567,0.0,0,baseline,0.0,0
clean,0.0,kf_fallback,30,14.100000000000065,0.3000000203357434,0,0,0,272,0.0,0.002092523754605756,0.018844629346103228,0.0,0,baseline,0.0,0
clean,0.0,kf_fallback,31,14.100000000000065,0.3000000203357434,0,0,0,272,0.0,0.0017474593573927903,0.015163676686264626,0.0,0,baseline,0.0,0
clean,0.0,kf_fallback,32,14.300000000000068,0.3000000104303835,0,0,0,276,0.0,0.002053545210353566,0.017236483673729215,0.0,0,baseline,0.0,0
clean,0.0,kf_fallback,33,14.300000000000068,0.3000000104303835,0,0,0,276,0.0,0.0018337791676969434,0.017307466681703604,0.0,0,baseline,0.0,0
clean,0.0,kf_fallback,34,14.100000000000065,0.3000000203357434,0,0,0,272,0.0,0.0017767615128816254,0.01938858592914999,0.0,0,baseline,0.0,0
clean,0.0,kf_fallback,35,14.100000000000065,0.3000000203357434,0,0,0,272,0.0,0.0023229912547906894,0.01589033301836802,0.0,0,baseline,0.0,0
clean,0.0,kf_fallback,36,14.100000000000065,0.3000000203357434,0,0,0,272,0.0,0.001732406434351072,0.016389324626747935,0.0,0,baseline,0.0,0
clean,0.0,kf_fallback,37,14.100000000000065,0.3000000203357434,0,0,0,272,0.0,0.002044616682297466,0.01684365924994458,0.0,0,baseline,0.0,0
clean,0.0,kf_fallback,38,14.100000000000065,0.3000000203357434,0,0,0,272,0.0,0.0021498658133433145,0.015316501597870224,0.0,0,baseline,0.0,0
clean,0.0,kf_fallback,39,14.100000000000065,0.3000000203357434,0,0,0,272,0.0,0.0017775676686695799,0.015824886134054254,0.0,0,baseline,0.0,0
noise,0.1,raw,0,13.900000000000063,0.30000003964786687,0,0,157,111,0.0,0.00821686821857658,0.10794156735342172,0.0,0,sigma 0.1 m,0.0,0
noise,0.1,raw,1,14.300000000000068,0.300000011350808,0,0,175,101,0.0,0.0063708931686821315,0.09221242248795046,0.0,0,sigma 0.1 m,0.0,0
noise,0.1,raw,2,13.900000000000063,0.30000003964786687,0,0,187,81,0.0,0.009770731622723346,0.1154870819313307,0.0,0,sigma 0.1 m,0.0,0
noise,0.1,raw,3,14.300000000000068,0.30000001077961536,0,0,209,67,0.0,0.009104924562450975,0.10032132465369659,0.0,0,sigma 0.1 m,0.0,0
noise,0.1,raw,4,13.900000000000063,0.30000004097536326,0,0,132,136,0.0,0.007344672549144003,0.11164060778156346,0.0,0,sigma 0.1 m,0.0,0
noise,0.1,raw,5,14.100000000000065,0.300000020698882,0,0,147,125,0.0,0.007255424661103737,0.10118973467231719,0.0,0,sigma 0.1 m,0.0,0
noise,0.1,raw,6,14.100000000000065,0.3000000203357434,0,0,168,104,0.0,0.009374139731972249,0.10742246681274334,0.0,0,sigma 0.1 m,0.0,0
noise,0.1,raw,7,14.100000000000065,0.300000020698882,0,0,161,111,0.0,0.007024491313978487,0.10171109120974293,0.0,0,sigma 0.1 m,0.0,0
noise,0.1,raw,8,14.500000000000071,0.3000000055545496,0,0,193,87,0.0,0.008853956491441757,0.10098910681903076,0.0,0,sigma 0.1 m,0.0,0
noise,0.1,raw,9,14.100000000000065,0.3000000203357434,0,0,142,130,0.0,0.007573708318402546,0.10636467399540078,0.0,0,sigma 0.1 m,0.0,0
noise,0.1,raw,10,14.100000000000065,0.3000000203357434,0,0,135,137,0.0,0.007089288086458506,0.1065305628647734,0.0,0,sigma 0.1 m,0.0,0
noise,0.1,raw,11,14.300000000000068,0.300000011350808,0,0,205,71,0.0,0.009379863968320643,0.11106574931736862,0.0,0,sigma 0.1 m,0.0,0
noise,0.1,raw,12,14.100000000000065,0.3000000203357434,0,0,191,81,0.0,0.009774908109665525,0.1094173247646728,0.0,0,sigma 0.1 m,0.0,0
noise,0.1,raw,13,14.300000000000068,0.30000001260968306,0,0,146,130,0.0,0.008432435135599456,0.11525480054893458,0.0,0,sigma 0.1 m,0.0,0
noise,0.1,raw,14,14.100000000000065,0.300000020698882,0,0,145,127,0.0,0.00652232101543924,0.09872847756793929,0.0,0,sigma 0.1 m,0.0,0
noise,0.1,raw,15,14.500000000000071,0.3000000053498363,0,0,164,116,0.0,0.007302611232465259,0.09662777911266202,0.0,0,sigma 0.1 m,0.0,0
noise,0.1,raw,16,14.100000000000065,0.3000000210166282,0,0,166,106,0.0,0.008827579676298816,0.10347350833853547,0.0,0,sigma 0.1 m,0.0,0
noise,0.1,raw,17,14.100000000000065,0.300000020698882,0,0,144,128,0.0,0.007179162369265918,0.10118426023543506,0.0,0,sigma 0.1 m,0.0,0
noise,0.1,raw,18,14.300000000000068,0.30000001082950556,0,0,184,92,0.0,0.009700677309510509,0.11369906754412583,0.0,0,sigma 0.1 m,0.0,0
noise,0.1,raw,19,13.900000000000063,0.3000000403558649,0,0,174,94,0.0,0.007906912186380101,0.09429492483023501,0.0,0,sigma 0.1 m,0.0,0
noise,0.1,raw,20,14.300000000000068,0.3000000104303835,0,0,193,83,0.0,0.00991230688991805,0.10592983756993521,0.0,0,sigma 0.1 m,0.0,0
noise,0.1,raw,21,13.900000000000063,0.30000003964786687,0,0,145,123,0.0,0.006580155632833204,0.09644842084738517,0.0,0,sigma 0.1 m,0.0,0
noise,0.1,raw,22,14.300000000000068,0.3000000104303835,0,0,186,90,0.0,0.007829952466564469,0.0947561765191469,0.0,0,sigma 0.1 m,0.0,0
noise,0.1,raw,23,14.300000000000068,0.3000000106166405,0,0,160,116,0.0,0.009474446690605714,0.1119765546295926,0.0,0,sigma 0.1 m,0.0,0
noise,0.1,raw,24,14.300000000000068,0.30000001092221834,0,0,189,87,0.0,0.008553570766116259,0.10386734748569779,0.0,0,sigma 0.1 m,0.0,0
noise,0.1,raw,25,14.300000000000068,0.3000000104303835,0,0,203,73,0.0,0.00911882968033137,0.10066677005917941,0.0,0,sigma 0.1 m,0.0,0
noise,0.1,raw,26,14.300000000000068,0.3000000106166405,0,0,176,100,0.0,0.008301457463148598,0.09166854393087034,0.0,0,sigma 0.1 m,0.0,0
noise,0.1,raw,27,14.100000000000065,0.30000002158820077,0,0,156,116,0.0,0.008742380522019423,0.12053174348267233,0.0,0,sigma 0.1 m,0.0,0
noise,0.1,raw,28,14.100000000000065,0.300000020698882,0,0,143,129,0.0,0.007352451537989566,0.10361858972102676,0.0,0,sigma 0.1 m,0.0,0
noise,0.1,raw,29,14.300000000000068,0.30000001077961536,0,0,211,65,0.0,0.010224639942714326,0.09941134917802093,0.0,0,sigma 0.1 m,0.0,0
noise,0.1,raw,30,14.100000000000065,0.30000002153793054,0,0,193,79,0.0,0.01005412328007058,0.11106254655328328,0.0,0,sigma 0.1 m,0.0,0
noise,0.1,raw,31,13.900000000000063,0.30000003964786687,0,0,135,133,0.0,0.005393849392691664,0.09553565999680345,0.0,0,sigma 0.1 m,0.0,0
noise,0.1,raw,32,14.100000000000065,0.300000020698882,0,0,199,73,0.0,0.009493953127884324,0.1061008103390952,0.0,0,sigma 0.1 m,0.0,0
noise,0.1,raw,33,13.900000000000063,0.30000004097536326,0,0,172,96,0.0,0.008518940881666891,0.10156885911897208,0.0,0,sigma 0.1 m,0.0,0
noise,0.1,raw,34,14.300000000000068,0.3000000104303835,0,0,215,61,0.0,0.009002028634419752,0.09967421478773646,0.0,0,sigma 0.1 m,0.0,0
noise,0.1,raw,35,13.900000000000063,0.30000003964786687,0,0,180,88,0.0,0.008192577291839932,0.09728167901548265,0.0,0,sigma 0.1 m,0.0,0
noise,0.1,raw,36,14.100000000000065,0.3000000203357434,0,0,197,75,0.0,0.008371265620945683,0.09504191586663599,0.0,0,sigma 0.1 m,0.0,0
noise,0.1,raw,37,14.100000000000065,0.3000000203357434,0,0,155,117,0.0,0.007822482423537613,0.10674139768179143,0.0,0,sigma 0.1 m,0.0,0
noise,0.1,raw,38,14.100000000000065,0.30000002111389745,0,0,173,99,0.0,0.007235682717157673,0.09521156382851836,0.0,0,sigma 0.1 m,0.0,0
noise,0.1,raw,39,14.300000000000068,0.3000000104303835,0,0,175,101,0.0,0.007928826122819038,0.11039752468153662,0.0,0,sigma 0.1 m,0.0,0
noise,0.1,median,0,13.500000000000057,0.3000001507090587,0,0,149,111,0.0,0.008105560621404604,0.0815738776673009,0.0,0,sigma 0.1 m,0.0,0
noise,0.1,median,1,14.100000000000065,0.3000000203357434,2,0,169,101,0.0,0.0063653643872077755,0.07627445741527679,0.0,0,sigma 0.1 m,0.0,0
noise,0.1,median,2,13.500000000000057,0.3000001507090587,0,0,179,81,0.0,0.009838254598939302,0.0891168300714012,0.003703703703703704,0,sigma 0.1 m,0.0,0
noise,0.1,median,3,13.900000000000063,0.30000003964786687,0,0,201,67,0.0,0.00903203772938516,0.0815415073310907,0.0,0,sigma 0.1 m,0.0,0
noise,0.1,median,4,13.500000000000057,0.3000001507090587,3,0,121,136,0.0,0.007293818625932133,0.0950276438604416,0.011111111111111112,0,sigma 0.1 m,0.0,0
noise,0.1,median,5,13.70000000000006,0.3000000773000178,1,0,138,125,0.0,0.007301341788064138,0.08731034773981018,0.0,0,sigma 0.1 m,0.0,0
noise,0.1,median,6,13.70000000000006,0.3000000773000178,0,0,160,104,0.0,0.009233905136575439,0.08837158081484435,0.0,0,sigma 0.1 m,0.0,0
noise,0.1,median,7,13.70000000000006,0.3000000773000178,2,0,151,111,0.0,0.006955239458670904,0.08589460623406593,0.0072992700729927005,0,sigma 0.1 m,0.0,0
noise,0.1,median,8,14.100000000000065,0.3000000203357434,0,0,185,87,0.0,0.008912626116718603,0.08243099273757415,0.0,0,sigma 0.1 m,0.0,0
noise,0.1,median,9,13.70000000000006,0.3000000773000178,3,0,131,130,0.0,0.0074518966103753565,0.09790883892236074,0.0036496350364963502,0,sigma 0.1 m,0.0,0
noise,0.1,median,10,13.70000000000006,0.3000000773000178,2,0,125,137,0.0,0.006796412567331354,0.08121968672081409,0.0036496350364963502,0,sigma 0.1 m,0.0,0
noise,0.1,median,11,14.100000000000065,0.3000000203357434,2,0,199,71,0.0,0.00938208987208635,0.08219726532674607,0.0070921985815602835,0,sigma 0.1 m,0.0,0
noise,0.1,median,12,13.70000000000006,0.3000000773000178,4,0,179,81,0.0,0.009734975900626632,0.09077394977768007,0.014598540145985401,0,sigma 0.1 m,0.0,0
noise,0.1,median,13,14.100000000000065,0.3000000203357434,1,0,141,130,0.0,0.008375556538200803,0.08664533315924912,0.0,0,sigma 0.1 m,0.0,0
noise,0.1,median,14,13.70000000000006,0.3000000773000178,1,0,136,127,0.0,0.0064467932698221144,0.08585211166539272,0.0036496350364963502,0,sigma 0.1 m,0.0,0
noise,0.1,median,15,14.100000000000065,0.3000000203357434,3,0,153,116,0.0,0.007326569100671271,0.09255621700934065,0.010638297872340425,0,sigma 0.1 m,0.0,0
noise,0.1,median,16,13.900000000000063,0.30000003964786687,1,0,161,106,0.0,0.008805779762403562,0.07341351767960122,0.0,0,sigma 0.1 m,0.0,0
noise,0.1,median,17,13.900000000000063,0.30000003964786687,1,0,139,128,0.0,0.007072650583403242,0.08672791008001488,0.0,0,sigma 0.1 m,0.0,0
noise,0.1,median,18,13.900000000000063,0.30000003964786687,3,0,173,92,0.0,0.009742356283160952,0.08828447173530543,0.0,0,sigma 0.1 m,0.0,0
noise,0.1,median,19,13.500000000000057,0.3000001507090587,1,0,165,94,0.0,0.007866756105703865,0.07884561665610712,0.003703703703703704,0,sigma 0.1 m,0.0,0
noise,0.1,median,20,13.900000000000063,0.30000003964786687,3,0,182,83,0.0,0.009977012864079707,0.09700712158802419,0.01079136690647482,0,sigma 0.1 m,0.0,0
noise,0.1,median,21,13.500000000000057,0.3000001507090587,1,0,136,123,0.0,0.006470983211401038,0.07584183345959028,0.0,0,sigma 0.1 m,0.0,0
noise,0.1,median,22,13.900000000000063,0.30000003964786687,1,0,177,90,0.0,0.007884839185351248,0.08430554605834199,0.0035971223021582736,0,sigma 0.1 m,0.0,0
noise,0.1,median,23,13.900000000000063,0.30000003964786687,3,0,149,116,0.0,0.00921824868413086,0.08257413919202726,0.0,0,sigma 0.1 m,0.0,0
noise,0.1,median,24,14.300000000000068,0.3000000104303835,2,0,187,87,0.0,0.008553584768896253,0.08188170518297246,0.0,0,sigma 0.1 m,0.0,0
noise,0.1,median,25,13.900000000000063,0.30000003964786687,1,0,194,73,0.0,0.009208443549443869,0.0840519126326816,0.0,0,sigma 0.1 m,0.0,0
noise,0.1,median,26,13.900000000000063,0.30000003964786687,3,0,165,100,0.0,0.00806110217095172,0.09508262426767625,0.0,0,sigma 0.1 m,0.0,0
noise,0.1,median,27,13.900000000000063,0.30000003964786687,3,0,149,116,0.0,0.008733570780466276,0.09464377839847328,0.01079136690647482,0,sigma 0.1 m,0.0,0
noise,0.1,median,28,13.70000000000006,0.3000000773000178,0,0,135,129,0.0,0.007478844837775013,0.08341263251816601,0.0036496350364963502,0,sigma 0.1 m,0.0,0
noise,0.1,median,29,13.900000000000063,0.30000003964786687,1,0,202,65,0.0,0.010265107730609582,0.08245122210647607,0.0035971223021582736,0,sigma 0.1 m,0.0,0
noise,0.1,median,30,13.70000000000006,0.3000000773000178,2,0,183,79,0.0,0.010160481517886143,0.0833300437766912,0.0036496350364963502,0,sigma 0.1 m,0.0,0
noise,0.1,median,31,13.500000000000057,0.3000001507090587,2,0,125,133,0.0,0.005133488025952121,0.09377376796484078,0.007407407407407408,0,sigma 0.1 m,0.0,0
noise,0.1,median,32,13.900000000000063,0.30000003964786687,0,0,195,73,0.0,0.00951895741608555,0.09358131782961152,0.0,0,sigma 0.1 m,0.0,0
noise,0.1,median,33,13.500000000000057,0.3000001507090587,1,0,163,96,0.0,0.008481164582300544,0.11119123777706824,0.0,0,sigma 0.1 m,0.0,0
noise,0.1,median,34,13.900000000000063,0.30000003964786687,1,0,206,61,0.0,0.009140967671239909,0.07003732532472487,0.0,0,sigma 0.1 m,0.0,0
noise,0.1,median,35,13.500000000000057,0.3000001507090587,4,0,168,88,0.0,0.007921309757707856,0.09671287685673795,0.011111111111111112,0,sigma 0.1 m,0.0,0
noise,0.1,median,36,13.70000000000006,0.3000000773000178,2,0,187,75,0.0,0.008393495626541904,0.07023053382256608,0.0,0,sigma 0.1 m,0.0,0
noise,0.1,median,37,13.70000000000006,0.3000000773000178,1,0,146,117,0.0,0.0076381151952546085,0.08544211763462145,0.0036496350364963502,0,sigma 0.1 m,0.0,0
noise,0.1,median,38,13.900000000000063,0.30000003964786687,1,0,168,99,0.0,0.007305636955420762,0.07085830065737633,0.0,0,sigma 0.1 m,0.0,0
noise,0.1,median,39,13.900000000000063,0.30000003964786687,1,0,166,101,0.0,0.007963503851015215,0.0865597815199388,0.0035971223021582736,0,sigma 0.1 m,0.0,0
noise,0.1,mad,0,13.900000000000063,0.30000003964786687,5,2,152,109,0.0,0.00821686821857658,0.10270279075565457,0.0,0,sigma 0.1 m,0.0,0
noise,0.1,mad,1,14.300000000000068,0.300000011350808,4,5,171,96,0.0,0.0063708931686821315,0.09323913606570167,0.0,0,sigma 0.1 m,0.0,0
noise,0.1,mad,2,13.900000000000063,0.30000003964786687,8,2,179,79,0.0,0.009770731622723346,0.1118548256757738,0.01079136690647482,0,sigma 0.1 m,0.0,0
noise,0.1,mad,3,14.300000000000068,0.30000001077961536,8,4,201,63,0.0,0.009104924562450975,0.09802911259450793,0.0,0,sigma 0.1 m,0.0,0
noise,0.1,mad,4,13.900000000000063,0.30000004097536326,3,4,129,132,0.0,0.007344672549144003,0.10512918226220874,0.0035971223021582736,0,sigma 0.1 m,0.0,0
noise,0.1,mad,5,14.100000000000065,0.300000020698882,5,0,142,125,0.0,0.007255424661103737,0.09875653834801408,0.0,0,sigma 0.1 m,0.0,0
noise,0.1,mad,6,14.100000000000065,0.3000000203357434,8,1,160,103,0.0,0.009374139731972249,0.1040166621388613,0.0,0,sigma 0.1 m,0.0,0
noise,0.1,mad,7,14.100000000000065,0.300000020698882,8,3,153,108,0.0,0.007024491313978487,0.10295863804373538,0.014184397163120567,0,sigma 0.1 m,0.0,0
noise,0.1,mad,8,14.500000000000071,0.3000000055545496,6,6,187,81,0.0,0.008853956491441757,0.09936281748777717,0.0,0,sigma 0.1 m,0.0,0
noise,0.1,mad,9,14.100000000000065,0.3000000203357434,5,2,137,128,0.0,0.007573708318402546,0.10328283398939554,0.0035460992907801418,0,sigma 0.1 m,0.0,0
noise,0.1,mad,10,14.100000000000065,0.3000000203357434,2,3,133,134,0.0,0.007089288086458506,0.10600861184636838,0.0,0,sigma 0.1 m,0.0,0
noise,0.1,mad,11,14.300000000000068,0.300000011350808,9,1,196,70,0.0,0.009379863968320643,0.10775491863436802,0.02097902097902098,0,sigma 0.1 m,0.0,0
noise,0.1,mad,12,14.100000000000065,0.3000000203357434,6,6,185,75,0.0,0.009774908109665525,0.11038991495140311,0.0,0,sigma 0.1 m,0.0,0
noise,0.1,mad,13,14.300000000000068,0.30000001260968306,4,3,142,127,0.0,0.008432435135599456,0.11706118677859591,0.0,0,sigma 0.1 m,0.0,0
noise,0.1,mad,14,14.100000000000065,0.300000020698882,3,3,142,124,0.0,0.00652232101543924,0.09592609146800202,0.0070921985815602835,0,sigma 0.1 m,0.0,0
noise,0.1,mad,15,14.500000000000071,0.3000000053498363,4,2,160,114,0.0,0.007302611232465259,0.09836372251935287,0.0,0,sigma 0.1 m,0.0,0
noise,0.1,mad,16,14.100000000000065,0.3000000210166282,6,6,160,100,0.0,0.008827579676298816,0.10104512891439145,0.0,0,sigma 0.1 m,0.0,0
noise,0.1,mad,17,14.100000000000065,0.300000020698882,8,4,136,124,0.0,0.007179162369265918,0.09632127038373942,0.0,0,sigma 0.1 m,0.0,0
noise,0.1,mad,18,14.300000000000068,0.30000001082950556,3,9,181,83,0.0,0.009700677309510509,0.10910481830161521,0.02097902097902098,0,sigma 0.1 m,0.0,0
noise,0.1,mad,19,13.900000000000063,0.3000000403558649,3,1,171,93,0.0,0.007906912186380101,0.0977195155674369,0.007194244604316547,0,sigma 0.1 m,0.0,0
noise,0.1,mad,20,14.300000000000068,0.3000000104303835,4,1,189,82,0.0,0.00991230688991805,0.10365213825623357,0.0,0,sigma 0.1 m,0.0,0
noise,0.1,mad,21,13.900000000000063,0.30000003964786687,4,2,141,121,0.0,0.006580155632833204,0.09454889193158156,0.0,0,sigma 0.1 m,0.0,0
noise,0.1,mad,22,14.300000000000068,0.3000000104303835,10,4,176,86,0.0,0.007829952466564469,0.09746366829863119,0.01048951048951049,0,sigma 0.1 m,0.0,0
noise,0.1,mad,23,14.300000000000068,0.3000000106166405,3,3,157,113,0.0,0.009474446690605714,0.10846941727592785,0.0,0,sigma 0.1 m,0.0,0
noise,0.1,mad,24,14.300000000000068,0.30000001092221834,8,3,181,84,0.0,0.008553570766116259,0.1044319836097314,0.0,0,sigma 0.1 m,0.0,0
noise,0.1,mad,25,14.300000000000068,0.3000000104303835,9,2,194,71,0.0,0.00911882968033137,0.09561204251612902,0.0,0,sigma 0.1 m,0.0,0
noise,0.1,mad,26,14.300000000000068,0.3000000106166405,7,1,169,99,0.0,0.008301457463148598,0.10331146149760534,0.0,0,sigma 0.1 m,0.0,0
noise,0.1,mad,27,14.100000000000065,0.30000002158820077,7,4,149,112,0.0,0.008742380522019423,0.11643795885475,0.0070921985815602835,0,sigma 0.1 m,0.0,0
noise,0.1,mad,28,14.100000000000065,0.300000020698882,3,4,140,125,0.0,0.007352451537989566,0.10004182163358154,0.0,0,sigma 0.1 m,0.0,0
noise,0.1,mad,29,14.300000000000068,0.30000001077961536,5,3,206,62,0.0,0.010224639942714326,0.0978520585849259,0.0,0,sigma 0.1 m,0.0,0
noise,0.1,mad,30,14.100000000000065,0.30000002153793054,6,7,187,72,0.0,0.01005412328007058,0.1117648324051957,0.0,0,sigma 0.1 m,0.0,0
noise,0.1,mad,31,13.900000000000063,0.30000003964786687,8,1,127,132,0.0,0.005393849392691664,0.09342051215024265,0.007194244604316547,0,sigma 0.1 m,0.0,0
noise,0.1,mad,32,14.100000000000065,0.300000020698882,4,1,195,72,0.0,0.009493953127884324,0.10551421735725575,0.0,0,sigma 0.1 m,0.0,0
noise,0.1,mad,33,13.900000000000063,0.30000004097536326,5,2,167,94,0.0,0.008518940881666891,0.10504341212363076,0.0,0,sigma 0.1 m,0.0,0
noise,0.1,mad,34,14.300000000000068,0.3000000104303835,6,2,209,59,0.0,0.009002028634419752,0.09946495599959115,0.01048951048951049,0,sigma 0.1 m,0.0,0
noise,0.1,mad,35,13.900000000000063,0.30000003964786687,9,3,171,85,0.0,0.008192577291839932,0.08910260077873941,0.007194244604316547,0,sigma 0.1 m,0.0,0
noise,0.1,mad,36,14.100000000000065,0.3000000203357434,5,1,192,74,0.0,0.008371265620945683,0.09176956578958573,0.0,0,sigma 0.1 m,0.0,0
noise,0.1,mad,37,14.100000000000065,0.3000000203357434,6,2,149,115,0.0,0.007822482423537613,0.10122904227755045,0.02127659574468085,0,sigma 0.1 m,0.0,0
noise,0.1,mad,38,14.100000000000065,0.30000002111389745,5,0,168,99,0.0,0.007235682717157673,0.09410301495626247,0.0,0,sigma 0.1 m,0.0,0
noise,0.1,mad,39,14.300000000000068,0.3000000104303835,3,2,172,99,0.0,0.007928826122819038,0.11221992926186151,0.01048951048951049,0,sigma 0.1 m,0.0,0
noise,0.1,kf,0,14.100000000000065,0.3000000203357434,5,0,156,111,0.0,0.008192373965177089,0.0685187882026004,0.0,0,sigma 0.1 m,0.0,0
noise,0.1,kf,1,14.300000000000068,0.3000000104303835,2,0,173,101,0.0,0.0063705196053768865,0.05653063134398257,0.0,0,sigma 0.1 m,0.0,0
noise,0.1,kf,2,14.100000000000065,0.3000000203357434,11,0,180,81,0.0,0.009785125868856803,0.06907591059273445,0.02127659574468085,0,sigma 0.1 m,0.0,0
noise,0.1,kf,3,14.300000000000068,0.3000000104303835,6,0,203,67,0.0,0.009104781075063953,0.06340510620249476,0.0,0,sigma 0.1 m,0.0,0
noise,0.1,kf,4,14.300000000000068,0.3000000104303835,6,0,134,136,0.0,0.007855150285868312,0.06772205808234068,0.0034965034965034965,0,sigma 0.1 m,0.0,0
noise,0.1,kf,5,14.100000000000065,0.300000020698882,3,0,144,125,0.0,0.007255424661103737,0.0634570621066046,0.0,0,sigma 0.1 m,0.0,0
noise,0.1,kf,6,13.900000000000063,0.30000003964786687,9,0,155,104,0.0,0.009254025078346266,0.0685966568164154,0.0,0,sigma 0.1 m,0.0,0
noise,0.1,kf,7,14.300000000000068,0.3000000104303835,7,0,158,111,0.0,0.006995645404596778,0.0583862426208535,0.0034965034965034965,0,sigma 0.1 m,0.0,0
noise,0.1,kf,8,14.500000000000071,0.3000000053498363,3,0,190,87,0.0,0.008853742043136955,0.06630824923002691,0.0,0,sigma 0.1 m,0.0,0
noise,0.1,kf,9,14.100000000000065,0.3000000203357434,3,0,139,130,0.0,0.007573708318402546,0.06547062648978481,0.0,0,sigma 0.1 m,0.0,0
noise,0.1,kf,10,14.300000000000068,0.3000000104303835,4,0,135,137,0.0,0.006992766289506287,0.06900614275824607,0.0,0,sigma 0.1 m,0.0,0
noise,0.1,kf,11,14.500000000000071,0.3000000053498363,10,0,199,71,0.0,0.009449898295869235,0.06734012501381613,0.017241379310344827,0,sigma 0.1 m,0.0,0
noise,0.1,kf,12,14.100000000000065,0.3000000203357434,9,0,182,81,0.0,0.009774908109665525,0.06818257910332377,0.0,0,sigma 0.1 m,0.0,0
noise,0.1,kf,13,14.300000000000068,0.3000000104303835,10,0,136,130,0.0,0.008431141066231003,0.06852419783351164,0.0,0,sigma 0.1 m,0.0,0
noise,0.1,kf,14,14.300000000000068,0.3000000104303835,2,0,147,127,0.0,0.00656093654751862,0.06583361767545982,0.0,0,sigma 0.1 m,0.0,0
noise,0.1,kf,15,14.500000000000071,0.3000000053498363,2,0,162,116,0.0,0.007302611232465259,0.0637066868324797,0.0,0,sigma 0.1 m,0.0,0
noise,0.1,kf,16,14.500000000000071,0.3000000053498363,6,0,168,106,0.0,0.008681215323864875,0.06610543958662346,0.006896551724137931,0,sigma 0.1 m,0.0,0
noise,0.1,kf,17,14.300000000000068,0.3000000104303835,6,0,142,128,0.0,0.007170514604270918,0.07241895535957737,0.0034965034965034965,0,sigma 0.1 m,0.0,0
noise,0.1,kf,18,14.500000000000071,0.3000000053498363,5,0,183,92,0.0,0.009757524463070816,0.07993077588636813,0.006896551724137931,0,sigma 0.1 m,0.0,0
noise,0.1,kf,19,14.300000000000068,0.3000000104303835,7,0,175,94,0.0,0.007867535661875114,0.06252408862650516,0.01048951048951049,0,sigma 0.1 m,0.0,0
noise,0.1,kf,20,14.100000000000065,0.3000000203357434,5,0,184,83,0.0,0.009934350017385607,0.07428873423311838,0.0,0,sigma 0.1 m,0.0,0
noise,0.1,kf,21,14.100000000000065,0.3000000203357434,2,0,147,123,0.0,0.006722022580021632,0.06299438844431408,0.0035460992907801418,0,sigma 0.1 m,0.0,0
noise,0.1,kf,22,14.300000000000068,0.3000000104303835,5,0,181,90,0.0,0.007829952466564469,0.06519587985465136,0.01048951048951049,0,sigma 0.1 m,0.0,0
noise,0.1,kf,23,14.100000000000065,0.3000000203357434,7,0,149,116,0.0,0.009329560401530981,0.07408334801394137,0.0,0,sigma 0.1 m,0.0,0
noise,0.1,kf,24,14.300000000000068,0.3000000104303835,6,0,183,87,0.0,0.008553584768896253,0.06934278524615183,0.0,0,sigma 0.1 m,0.0,0
noise,0.1,kf,25,14.300000000000068,0.3000000104303835,6,0,197,73,0.0,0.00911882968033137,0.06144014056234545,0.0,0,sigma 0.1 m,0.0,0
noise,0.1,kf,26,14.500000000000071,0.3000000053498363,4,0,176,100,0.0,0.008340480337274643,0.06689912805888973,0.0,0,sigma 0.1 m,0.0,0
noise,0.1,kf,27,14.100000000000065,0.3000000203357434,12,0,144,116,0.0,0.008741969066653019,0.08952855795061006,0.0070921985815602835,0,sigma 0.1 m,0.0,0
noise,0.1,kf,28,13.900000000000063,0.30000003964786687,6,0,133,129,0.0,0.007429319436685639,0.05711482341958125,0.01079136690647482,0,sigma 0.1 m,0.0,0
noise,0.1,kf,29,14.100000000000065,0.3000000203357434,4,0,203,65,0.0,0.010297387948963259,0.06292228244195801,0.010638297872340425,0,sigma 0.1 m,0.0,0
noise,0.1,kf,30,14.300000000000068,0.3000000104303835,4,0,193,79,0.0,0.010002572445691508,0.0646587750978173,0.0,0,sigma 0.1 m,0.0,0
noise,0.1,kf,31,13.900000000000063,0.30000003964786687,3,0,132,133,0.0,0.005393849392691664,0.06155548867448324,0.007194244604316547,0,sigma 0.1 m,0.0,0
noise,0.1,kf,32,14.100000000000065,0.3000000203357434,3,0,196,73,0.0,0.009493921140956063,0.07415872321416979,0.0,0,sigma 0.1 m,0.0,0
noise,0.1,kf,33,13.900000000000063,0.30000004097536326,3,0,169,96,0.0,0.008518940881666891,0.06964515086217694,0.0,0,sigma 0.1 m,0.0,0
noise,0.1,kf,34,14.100000000000065,0.3000000203357434,2,0,209,61,0.0,0.009071255786745556,0.06240597362530641,0.0,0,sigma 0.1 m,0.0,0
noise,0.1,kf,35,14.100000000000065,0.3000000203357434,6,0,178,88,0.0,0.008244976168544083,0.06497143004626554,0.0,0,sigma 0.1 m,0.0,0
noise,0.1,kf,36,14.100000000000065,0.3000000203357434,4,0,193,75,0.0,0.008371265620945683,0.05831144463380229,0.0,0,sigma 0.1 m,0.0,0
noise,0.1,kf,37,14.100000000000065,0.3000000203357434,6,0,149,117,0.0,0.007822482423537613,0.06771709269695995,0.014184397163120567,0,sigma 0.1 m,0.0,0
noise,0.1,kf,38,14.300000000000068,0.3000000104303835,3,0,174,99,0.0,0.007372581275787192,0.06293206892690931,0.0,0,sigma 0.1 m,0.0,0
noise,0.1,kf,39,14.300000000000068,0.3000000104303835,6,0,169,101,0.0,0.007928826122819038,0.06179911596472198,0.013986013986013986,0,sigma 0.1 m,0.0,0
noise,0.1,kf_fallback,0,14.100000000000065,0.3000000203357434,5,0,156,111,0.0,0.008192373965177089,0.0685187882026004,0.0,0,sigma 0.1 m,0.0,0
noise,0.1,kf_fallback,1,14.300000000000068,0.3000000104303835,2,0,173,101,0.0,0.0063705196053768865,0.05653063134398257,0.0,0,sigma 0.1 m,0.0,0
noise,0.1,kf_fallback,2,14.100000000000065,0.3000000203357434,11,0,180,81,0.0,0.009785125868856803,0.06907591059273445,0.02127659574468085,0,sigma 0.1 m,0.0,0
noise,0.1,kf_fallback,3,14.300000000000068,0.3000000104303835,6,0,203,67,0.0,0.009104781075063953,0.06340510620249476,0.0,0,sigma 0.1 m,0.0,0
noise,0.1,kf_fallback,4,14.300000000000068,0.3000000104303835,6,0,134,136,0.0,0.007855150285868312,0.06772205808234068,0.0034965034965034965,0,sigma 0.1 m,0.0,0
noise,0.1,kf_fallback,5,14.100000000000065,0.300000020698882,3,0,144,125,0.0,0.007255424661103737,0.0634570621066046,0.0,0,sigma 0.1 m,0.0,0
noise,0.1,kf_fallback,6,13.900000000000063,0.30000003964786687,9,0,155,104,0.0,0.009254025078346266,0.0685966568164154,0.0,0,sigma 0.1 m,0.0,0
noise,0.1,kf_fallback,7,14.300000000000068,0.3000000104303835,7,0,158,111,0.0,0.006995645404596778,0.0583862426208535,0.0034965034965034965,0,sigma 0.1 m,0.0,0
noise,0.1,kf_fallback,8,14.500000000000071,0.3000000053498363,3,0,190,87,0.0,0.008853742043136955,0.06630824923002691,0.0,0,sigma 0.1 m,0.0,0
noise,0.1,kf_fallback,9,14.100000000000065,0.3000000203357434,3,0,139,130,0.0,0.007573708318402546,0.06547062648978481,0.0,0,sigma 0.1 m,0.0,0
noise,0.1,kf_fallback,10,14.300000000000068,0.3000000104303835,4,0,135,137,0.0,0.006992766289506287,0.06900614275824607,0.0,0,sigma 0.1 m,0.0,0
noise,0.1,kf_fallback,11,14.500000000000071,0.3000000053498363,10,0,199,71,0.0,0.009449898295869235,0.06734012501381613,0.017241379310344827,0,sigma 0.1 m,0.0,0
noise,0.1,kf_fallback,12,14.100000000000065,0.3000000203357434,9,0,182,81,0.0,0.009774908109665525,0.06818257910332377,0.0,0,sigma 0.1 m,0.0,0
noise,0.1,kf_fallback,13,14.650000000000073,0.30000000329597437,8,0,145,130,0.0,0.008593801872829815,0.07033819381087916,0.0,0,sigma 0.1 m,0.0,0
noise,0.1,kf_fallback,14,14.300000000000068,0.3000000104303835,2,0,147,127,0.0,0.00656093654751862,0.06583361767545982,0.0,0,sigma 0.1 m,0.0,0
noise,0.1,kf_fallback,15,14.500000000000071,0.3000000053498363,2,0,162,116,0.0,0.007302611232465259,0.0637066868324797,0.0,0,sigma 0.1 m,0.0,0
noise,0.1,kf_fallback,16,14.500000000000071,0.3000000053498363,6,0,168,106,0.0,0.008681215323864875,0.06610543958662346,0.006896551724137931,0,sigma 0.1 m,0.0,0
noise,0.1,kf_fallback,17,14.300000000000068,0.3000000104303835,6,0,142,128,0.0,0.007170514604270918,0.07241895535957737,0.0034965034965034965,0,sigma 0.1 m,0.0,0
noise,0.1,kf_fallback,18,14.500000000000071,0.3000000053498363,5,0,183,92,0.0,0.009757524463070816,0.07993077588636813,0.006896551724137931,0,sigma 0.1 m,0.0,0
noise,0.1,kf_fallback,19,14.300000000000068,0.3000000104303835,7,0,175,94,0.0,0.007867535661875114,0.06252408862650516,0.01048951048951049,0,sigma 0.1 m,0.0,0
noise,0.1,kf_fallback,20,14.100000000000065,0.3000000203357434,5,0,184,83,0.0,0.009934350017385607,0.07428873423311838,0.0,0,sigma 0.1 m,0.0,0
noise,0.1,kf_fallback,21,14.100000000000065,0.3000000203357434,2,0,147,123,0.0,0.006722022580021632,0.06299438844431408,0.0035460992907801418,0,sigma 0.1 m,0.0,0
noise,0.1,kf_fallback,22,14.300000000000068,0.3000000104303835,5,0,181,90,0.0,0.007829952466564469,0.06519587985465136,0.01048951048951049,0,sigma 0.1 m,0.0,0
noise,0.1,kf_fallback,23,14.100000000000065,0.3000000203357434,7,0,149,116,0.0,0.009329560401530981,0.07408334801394137,0.0,0,sigma 0.1 m,0.0,0
noise,0.1,kf_fallback,24,14.300000000000068,0.3000000104303835,6,0,183,87,0.0,0.008553584768896253,0.06934278524615183,0.0,0,sigma 0.1 m,0.0,0
noise,0.1,kf_fallback,25,14.300000000000068,0.3000000104303835,6,0,197,73,0.0,0.00911882968033137,0.06144014056234545,0.0,0,sigma 0.1 m,0.0,0
noise,0.1,kf_fallback,26,14.800000000000075,0.30000000452961983,5,0,181,100,0.0,0.008367658310517579,0.06441799414986457,0.0,0,sigma 0.1 m,0.0,0
noise,0.1,kf_fallback,27,14.100000000000065,0.3000000203357434,12,0,144,116,0.0,0.008741969066653019,0.08952855795061006,0.0070921985815602835,0,sigma 0.1 m,0.0,0
noise,0.1,kf_fallback,28,13.900000000000063,0.30000003964786687,6,0,133,129,0.0,0.007429319436685639,0.05711482341958125,0.01079136690647482,0,sigma 0.1 m,0.0,0
noise,0.1,kf_fallback,29,14.100000000000065,0.3000000203357434,4,0,203,65,0.0,0.010297387948963259,0.06292228244195801,0.010638297872340425,0,sigma 0.1 m,0.0,0
noise,0.1,kf_fallback,30,14.300000000000068,0.3000000104303835,4,0,193,79,0.0,0.010002572445691508,0.0646587750978173,0.0,0,sigma 0.1 m,0.0,0
noise,0.1,kf_fallback,31,13.900000000000063,0.30000003964786687,3,0,132,133,0.0,0.005393849392691664,0.06155548867448324,0.007194244604316547,0,sigma 0.1 m,0.0,0
noise,0.1,kf_fallback,32,14.600000000000072,0.3000000116930685,4,0,205,73,0.0,0.009434816942793262,0.07191672345267297,0.010273972602739725,0,sigma 0.1 m,0.0,0
noise,0.1,kf_fallback,33,13.900000000000063,0.30000004097536326,3,0,169,96,0.0,0.008518940881666891,0.06964515086217694,0.0,0,sigma 0.1 m,0.0,0
noise,0.1,kf_fallback,34,14.100000000000065,0.3000000203357434,2,0,209,61,0.0,0.009071255786745556,0.06240597362530641,0.0,0,sigma 0.1 m,0.0,0
noise,0.1,kf_fallback,35,14.100000000000065,0.3000000203357434,6,0,178,88,0.0,0.008244976168544083,0.06497143004626554,0.0,0,sigma 0.1 m,0.0,0
noise,0.1,kf_fallback,36,14.350000000000069,0.3000000147167984,4,0,198,75,0.0,0.00844715138238338,0.06113143477572906,0.0,0,sigma 0.1 m,0.0,0
noise,0.1,kf_fallback,37,14.100000000000065,0.3000000203357434,6,0,149,117,0.0,0.007822482423537613,0.06771709269695995,0.014184397163120567,0,sigma 0.1 m,0.0,0
noise,0.1,kf_fallback,38,14.300000000000068,0.3000000104303835,3,0,174,99,0.0,0.007372581275787192,0.06293206892690931,0.0,0,sigma 0.1 m,0.0,0
noise,0.1,kf_fallback,39,14.300000000000068,0.3000000104303835,6,0,169,101,0.0,0.007928826122819038,0.06179911596472198,0.013986013986013986,0,sigma 0.1 m,0.0,0
noise,0.3,raw,1000,13.70000000000006,0.3000001185224234,0,0,162,102,0.0,0.04824917552825299,0.29215539603451696,0.0,1,sigma 0.3 m,0.0,0
noise,0.3,raw,1001,14.100000000000065,0.3000000237755044,0,0,162,110,0.0,0.056802829128975996,0.3114452352768693,0.0,1,sigma 0.3 m,0.0,0
noise,0.3,raw,1002,14.100000000000065,0.30000005211013586,0,0,181,91,0.0,0.05057604446732921,0.29558981317810656,0.0,1,sigma 0.3 m,0.0,0
noise,0.3,raw,1003,14.100000000000065,0.30000003122693175,0,0,196,76,0.0,0.05450888510459842,0.2688653053406531,0.0,1,sigma 0.3 m,0.0,0
noise,0.3,raw,1004,13.70000000000006,0.3000000934750072,0,0,203,61,0.0,0.08014596433740491,0.32195653913954886,0.0,1,sigma 0.3 m,0.0,0
noise,0.3,raw,1005,13.900000000000063,0.30000005438573507,0,0,201,67,0.0,0.07733091362951656,0.30311052989384357,0.0,1,sigma 0.3 m,0.0,0
noise,0.3,raw,1006,13.900000000000063,0.3000002963892421,0,0,181,87,0.0,0.06959950678041628,0.3072511215982687,0.0,1,sigma 0.3 m,0.0,0
noise,0.3,raw,1007,13.900000000000063,0.30000004890504145,0,0,202,66,0.0,0.06972703066211257,0.2944209193651971,0.0,1,sigma 0.3 m,0.0,0
noise,0.3,raw,1008,14.500000000000071,0.3000000135967536,0,0,206,74,0.0,0.059793587648691866,0.28799503750034333,0.0,1,sigma 0.3 m,0.0,0
noise,0.3,raw,1009,13.70000000000006,0.3000000866003118,0,0,199,65,0.0,0.06380955416015405,0.2782979750947628,0.0,1,sigma 0.3 m,0.0,0
noise,0.3,raw,1010,14.100000000000065,0.3000000302516915,0,0,204,68,0.0,0.0629658029047848,0.2918386885336129,0.0,1,sigma 0.3 m,0.0,0
noise,0.3,raw,1011,14.300000000000068,0.30000001619734107,0,0,193,83,0.0,0.06989676422703493,0.3218056104065356,0.0,1,sigma 0.3 m,0.0,0
noise,0.3,raw,1012,13.300000000000054,0.3000003515068234,0,0,171,85,0.0,0.05232893557873606,0.27910996760667006,0.0,1,sigma 0.3 m,0.0,0
noise,0.3,raw,1013,14.300000000000068,0.30000001260968306,0,0,152,124,0.0,0.0517457164657811,0.3132695865456883,0.0,1,sigma 0.3 m,0.0,0
noise,0.3,raw,1014,13.900000000000063,0.30000045188388286,0,0,173,95,0.0,0.06373191930560322,0.313664868949538,0.0,1,sigma 0.3 m,0.0,0
noise,0.3,raw,1015,13.900000000000063,0.30000007212611934,0,0,179,89,0.0,0.06743590612903082,0.3231869095072867,0.0,1,sigma 0.3 m,0.0,0
noise,0.3,raw,1016,14.300000000000068,0.3000000116348771,0,0,197,79,0.0,0.06802905908674661,0.3164186341995176,0.0,1,sigma 0.3 m,0.0,0
noise,0.3,raw,1017,13.900000000000063,0.3000000424925019,0,0,134,134,0.0,0.04238169218381366,0.2908792753569133,0.0,1,sigma 0.3 m,0.0,0
noise,0.3,raw,1018,14.500000000000071,0.3000000070723399,0,0,172,108,0.0,0.050681007801249164,0.28161700318297506,0.0,1,sigma 0.3 m,0.0,0
noise,0.3,raw,1019,14.100000000000065,0.3000000210166282,0,0,194,78,0.0,0.06415625086674855,0.3087830921505368,0.0,1,sigma 0.3 m,0.0,0
noise,0.3,raw,1020,13.900000000000063,0.3000002176340509,0,0,161,107,0.0,0.05205832652670736,0.28815020190823815,0.0,1,sigma 0.3 m,0.0,0
noise,0.3,raw,1021,14.100000000000065,0.3000000203357434,0,0,182,90,0.0,0.05951257499456137,0.28794056665408263,0.0,1,sigma 0.3 m,0.0,0
noise,0.3,raw,1022,14.100000000000065,0.3000000434952458,0,0,211,61,0.0,0.05948975179949545,0.2946056039854824,0.0,1,sigma 0.3 m,0.0,0
noise,0.3,raw,1023,13.900000000000063,0.3000000403558649,0,0,180,88,0.0,0.05887161757526754,0.2959049721456188,0.0,1,sigma 0.3 m,0.0,0
noise,0.3,raw,1024,13.900000000000063,0.30000004314657447,0,0,182,86,0.0,0.05416521807389638,0.2858187470716701,0.0,1,sigma 0.3 m,0.0,0
noise,0.3,raw,1025,13.70000000000006,0.30000011667755166,0,0,138,126,0.0,0.039236918924118416,0.27213190655023567,0.0,1,sigma 0.3 m,0.0,0
noise,0.3,raw,1026,13.70000000000006,0.30000008146574164,0,0,190,74,0.0,0.06520810595304996,0.3018332387694109,0.0,1,sigma 0.3 m,0.0,0
noise,0.3,raw,1027,14.100000000000065,0.3000000366324148,0,0,209,63,0.0,0.06971668663301432,0.3052579310255736,0.0,1,sigma 0.3 m,0.0,0
noise,0.3,raw,1028,14.100000000000065,0.300000022726036,0,0,146,126,0.0,0.052054570151826594,0.29617603801540526,0.0,1,sigma 0.3 m,0.0,0
noise,0.3,raw,1029,13.900000000000063,0.3000000716415101,0,0,141,127,0.0,0.03909812035072189,0.2737116962730426,0.0,1,sigma 0.3 m,0.0,0
noise,0.3,raw,1030,14.100000000000065,0.30000002111389745,0,0,193,79,0.0,0.060478639117680484,0.3219280356189816,0.0,1,sigma 0.3 m,0.0,0
noise,0.3,raw,1031,13.900000000000063,0.30000004508544104,0,0,152,116,0.0,0.04830630579765029,0.28940835753583233,0.0,1,sigma 0.3 m,0.0,0
noise,0.3,raw,1032,13.70000000000006,0.3000000876839649,0,0,133,131,0.0,0.04099680108334817,0.29846365111710954,0.0,1,sigma 0.3 m,0.0,0
noise,0.3,raw,1033,13.70000000000006,0.3000000864761515,0,0,137,127,0.0,0.046652797413104935,0.3170285062624761,0.0,1,sigma 0.3 m,0.0,0
noise,0.3,raw,1034,13.900000000000063,0.3000000495072456,0,0,129,139,0.0,0.04160940231274627,0.2978979268007717,0.0,1,sigma 0.3 m,0.0,0
noise,0.3,raw,1035,13.900000000000063,0.3000001581815716,0,0,182,86,0.0,0.059317341110339,0.29128053160861644,0.0,1,sigma 0.3 m,0.0,0
noise,0.3,raw,1036,14.500000000000071,0.30000000544536914,0,0,196,84,0.0,0.05631085197525928,0.2812413131631879,0.0,1,sigma 0.3 m,0.0,0
noise,0.3,raw,1037,13.70000000000006,0.30000009082769885,0,0,178,86,0.0,0.065514422463596,0.29196593603151105,0.0,1,sigma 0.3 m,0.0,0
noise,0.3,raw,1038,13.70000000000006,0.3000001122289903,0,0,177,87,0.0,0.06182951969434414,0.28577893297737167,0.0,1,sigma 0.3 m,0.0,0
noise,0.3,raw,1039,14.300000000000068,0.30000001077961536,0,0,146,130,0.0,0.05441348785201015,0.3189372636441133,0.0,1,sigma 0.3 m,0.0,0
noise,0.3,median,1000,13.70000000000006,0.3000000773000178,28,0,134,102,0.0,0.04825059646432758,0.18586791549172088,0.043795620437956206,1,sigma 0.3 m,0.0,0
noise,0.3,median,1001,13.900000000000063,0.30000003964786687,26,0,132,110,0.0,0.05581446422993602,0.18243042378303923,0.007194244604316547,1,sigma 0.3 m,0.0,0
noise,0.3,median,1002,14.300000000000068,0.3000000104303835,24,0,161,91,0.0,0.05019388041587943,0.17161155840082865,0.02097902097902098,1,sigma 0.3 m,0.0,0
noise,0.3,median,1003,14.100000000000065,0.3000000203357434,20,0,176,76,0.0,0.05450798676425066,0.1588990536671404,0.0070921985815602835,1,sigma 0.3 m,0.0,0
noise,0.3,median,1004,13.500000000000057,0.3000001507090587,35,0,164,61,0.0,0.08024725990253134,0.19867698861035848,0.06296296296296296,1,sigma 0.3 m,0.0,0
noise,0.3,median,1005,13.70000000000006,0.3000000930609594,32,0,165,67,0.0,0.07844548174942431,0.17599757255140894,0.014598540145985401,1,sigma 0.3 m,0.0,0
noise,0.3,median,1006,13.70000000000006,0.3000000773000178,27,0,150,87,0.0,0.0692781269114926,0.17805556159953553,0.010948905109489052,1,sigma 0.3 m,0.0,0
noise,0.3,median,1007,13.500000000000057,0.3000001507090587,33,0,161,66,0.0,0.0688623891265047,0.18297512634019483,0.02962962962962963,1,sigma 0.3 m,0.0,0
noise,0.3,median,1008,14.700000000000074,0.3000000027439785,22,0,188,74,0.0,0.059689417823665665,0.16686368450835115,0.0,1,sigma 0.3 m,0.0,0
noise,0.3,median,1009,13.100000000000051,0.3000005728736853,27,0,160,65,0.0,0.06516495269146654,0.18650868521223896,0.007633587786259542,1,sigma 0.3 m,0.0,0
noise,0.3,median,1010,13.70000000000006,0.3000000773000178,27,0,169,68,0.0,0.06316040396311931,0.16066160480932629,0.025547445255474453,1,sigma 0.3 m,0.0,0
noise,0.3,median,1011,14.300000000000068,0.3000000117000398,28,0,165,83,0.0,0.06989603399763836,0.19094291493688406,0.04895104895104895,1,sigma 0.3 m,0.0,0
noise,0.3,median,1012,12.500000000000043,0.30000424559074956,18,0,137,85,0.0,0.05319748701363573,0.23299168561709666,0.052,1,sigma 0.3 m,0.0,0
noise,0.3,median,1013,14.100000000000065,0.3000000203357434,26,0,122,124,0.0,0.05203548111285425,0.18986070750976902,0.03900709219858156,1,sigma 0.3 m,0.0,0
noise,0.3,median,1014,14.100000000000065,0.3000000203357434,26,0,151,95,0.0,0.06373513526819362,0.16060343525125487,0.031914893617021274,1,sigma 0.3 m,0.0,0
noise,0.3,median,1015,13.300000000000054,0.30000029383201743,22,0,145,89,0.0,0.06380524334136184,0.23002954594382094,0.0,1,sigma 0.3 m,0.0,0
noise,0.3,median,1016,14.300000000000068,0.3000000104303835,27,0,170,79,0.0,0.06802782827316864,0.19108045386765168,0.01048951048951049,1,sigma 0.3 m,0.0,0
noise,0.3,median,1017,13.500000000000057,0.3000001507090587,20,0,106,134,0.0,0.03996277649009981,0.1842197652458933,0.018518518518518517,1,sigma 0.3 m,0.0,0
noise,0.3,median,1018,14.500000000000071,0.3000000053498363,22,0,150,108,0.0,0.050679970261613624,0.1518094166002505,0.0,1,sigma 0.3 m,0.0,0
noise,0.3,median,1019,13.70000000000006,0.3000000773000178,29,0,157,78,0.0,0.0625869211058885,0.1763820197090296,0.07664233576642336,1,sigma 0.3 m,0.0,0
noise,0.3,median,1020,14.100000000000065,0.3000000203357434,20,0,145,107,0.0,0.05188711409069907,0.2014491855624163,0.014184397163120567,1,sigma 0.3 m,0.0,0
noise,0.3,median,1021,13.70000000000006,0.3000000773000178,25,0,149,90,0.0,0.05730764146659865,0.17803521284697535,0.0,1,sigma 0.3 m,0.0,0
noise,0.3,median,1022,14.100000000000065,0.3000000203357434,26,0,185,61,0.0,0.05948341236117783,0.1915267655938461,0.02127659574468085,1,sigma 0.3 m,0.0,0
noise,0.3,median,1023,13.500000000000057,0.3000001507090587,21,0,151,88,0.0,0.05890011917416715,0.19394892800798666,0.0,1,sigma 0.3 m,0.0,0
noise,0.3,median,1024,13.70000000000006,0.3000000773000178,18,0,160,86,0.0,0.05366224151907471,0.17005777871775687,0.021897810218978103,1,sigma 0.3 m,0.0,0
noise,0.3,median,1025,13.500000000000057,0.3000001507090587,18,0,116,126,0.0,0.03886763174018314,0.13439190142457028,0.011111111111111112,1,sigma 0.3 m,0.0,0
noise,0.3,median,1026,13.300000000000054,0.30000029383201743,21,0,161,74,0.0,0.06482713682810343,0.21745414126100832,0.018796992481203006,1,sigma 0.3 m,0.0,0
noise,0.3,median,1027,13.900000000000063,0.30000003964786687,28,0,177,63,0.0,0.07017564989699987,0.21334156003775545,0.03597122302158273,1,sigma 0.3 m,0.0,0
noise,0.3,median,1028,13.900000000000063,0.30000003964786687,21,0,121,126,0.0,0.05232845003618443,0.1594965702640509,0.02158273381294964,1,sigma 0.3 m,0.0,0
noise,0.3,median,1029,14.100000000000065,0.3000000232798752,23,0,122,127,0.0,0.03928873425977804,0.19896859206835787,0.03900709219858156,1,sigma 0.3 m,0.0,0
noise,0.3,median,1030,13.70000000000006,0.3000000773000178,27,0,158,79,0.0,0.059800282552883964,0.25358435445900446,0.043795620437956206,1,sigma 0.3 m,0.0,0
noise,0.3,median,1031,13.300000000000054,0.30000029383201743,18,0,122,116,0.0,0.0480462777424129,0.17823730521331788,0.0,1,sigma 0.3 m,0.0,0
noise,0.3,median,1032,13.500000000000057,0.3000001507090587,16,0,113,131,0.0,0.04117212390567617,0.16935985778384607,0.040740740740740744,1,sigma 0.3 m,0.0,0
noise,0.3,median,1033,13.500000000000057,0.3000001507090587,16,0,117,127,0.0,0.04528243148359063,0.19730186128884417,0.007407407407407408,1,sigma 0.3 m,0.0,0
noise,0.3,median,1034,13.900000000000063,0.30000003964786687,18,0,111,139,0.0,0.04160896535994174,0.18150354817485181,0.017985611510791366,1,sigma 0.3 m,0.0,0
noise,0.3,median,1035,13.70000000000006,0.3000000773000178,15,0,163,86,0.0,0.05899018110021433,0.17038018765270802,0.0,1,sigma 0.3 m,0.0,0
noise,0.3,median,1036,14.100000000000065,0.3000000203357434,25,0,163,84,0.0,0.05697599160214187,0.16892702239602242,0.0,1,sigma 0.3 m,0.0,0
noise,0.3,median,1037,13.300000000000054,0.30000029383201743,25,0,145,86,0.0,0.06645601291951535,0.22137394488172277,0.02631578947368421,1,sigma 0.3 m,0.0,0
noise,0.3,median,1038,13.500000000000057,0.3000001507090587,19,0,154,87,0.0,0.06016739939120384,0.18308527391749876,0.018518518518518517,1,sigma 0.3 m,0.0,0
noise,0.3,median,1039,13.900000000000063,0.30000003964786687,26,0,112,130,0.0,0.04928794139090025,0.20083980683508318,0.017985611510791366,1,sigma 0.3 m,0.0,0
noise,0.3,mad,1000,13.70000000000006,0.3000001185224234,10,5,152,97,0.0,0.04824917552825299,0.27175824653481445,0.025547445255474453,1,sigma 0.3 m,0.0,0
noise,0.3,mad,1001,14.100000000000065,0.3000000237755044,7,1,155,109,0.0,0.056802829128975996,0.29817199589020843,0.01773049645390071,1,sigma 0.3 m,0.0,0
noise,0.3,mad,1002,14.100000000000065,0.30000005211013586,9,2,172,89,0.0,0.05057604446732921,0.28715951146008944,0.03900709219858156,1,sigma 0.3 m,0.0,0
noise,0.3,mad,1003,14.100000000000065,0.300000022726036,10,4,186,72,0.0,0.05450781221265874,0.25482577476183227,0.0070921985815602835,1,sigma 0.3 m,0.0,0
noise,0.3,mad,1004,13.500000000000057,0.3000001875848891,17,3,182,58,0.0,0.08025091378942703,0.31811850875866,0.044444444444444446,1,sigma 0.3 m,0.0,0
noise,0.3,mad,1005,13.900000000000063,0.30000005438573507,11,3,190,64,0.0,0.07733091362951656,0.287361005565872,0.0035971223021582736,1,sigma 0.3 m,0.0,0
noise,0.3,mad,1006,13.900000000000063,0.3000002963892421,7,5,174,82,0.0,0.06959950678041628,0.2973689433462866,0.0035971223021582736,1,sigma 0.3 m,0.0,0
noise,0.3,mad,1007,13.900000000000063,0.30000004890504145,7,2,195,64,0.0,0.06972703066211257,0.3196113152311541,0.02158273381294964,1,sigma 0.3 m,0.0,0
noise,0.3,mad,1008,14.300000000000068,0.3000000219099771,14,5,188,69,0.0,0.05961191444912543,0.26787722926935953,0.0,1,sigma 0.3 m,0.0,0
noise,0.3,mad,1009,13.100000000000051,0.30000066328179487,15,0,172,65,0.0,0.06516567833829566,0.273854789918183,0.04198473282442748,1,sigma 0.3 m,0.0,0
noise,0.3,mad,1010,14.100000000000065,0.3000000302516915,14,5,190,63,0.0,0.0629658029047848,0.2600211636192733,0.014184397163120567,1,sigma 0.3 m,0.0,0
noise,0.3,mad,1011,14.100000000000065,0.3000000289357478,12,2,177,81,0.0,0.07058236635869743,0.3087973580067938,0.024822695035460994,1,sigma 0.3 m,0.0,0
noise,0.3,mad,1012,12.500000000000043,0.3000052465502424,12,6,143,79,0.0,0.05320190469443712,0.32086742556382036,0.036,1,sigma 0.3 m,0.0,0
noise,0.3,mad,1013,14.300000000000068,0.30000001260968306,10,5,142,119,0.0,0.0517457164657811,0.29681528159096204,0.027972027972027972,1,sigma 0.3 m,0.0,0
noise,0.3,mad,1014,13.900000000000063,0.30000045188388286,7,0,166,95,0.0,0.06373191930560322,0.32102680814262324,0.017985611510791366,1,sigma 0.3 m,0.0,0
noise,0.3,mad,1015,13.900000000000063,0.30000007212611934,8,5,171,84,0.0,0.06743590612903082,0.3486047409731462,0.0,1,sigma 0.3 m,0.0,0
noise,0.3,mad,1016,14.300000000000068,0.3000000116348771,15,3,182,76,0.0,0.06802905908674661,0.29639993691673505,0.01048951048951049,1,sigma 0.3 m,0.0,0
noise,0.3,mad,1017,13.900000000000063,0.3000000424925019,7,3,127,131,0.0,0.04238169218381366,0.2892907195296885,0.03237410071942446,1,sigma 0.3 m,0.0,0
noise,0.3,mad,1018,14.500000000000071,0.3000000070723399,11,4,161,104,0.0,0.050681007801249164,0.2540707694893133,0.0,1,sigma 0.3 m,0.0,0
noise,0.3,mad,1019,14.100000000000065,0.3000000210166282,17,6,177,72,0.0,0.06415625086674855,0.2949868254240758,0.03900709219858156,1,sigma 0.3 m,0.0,0
noise,0.3,mad,1020,13.900000000000063,0.30000019832839897,10,0,151,107,0.0,0.0520563808439941,0.27014894406077616,0.01079136690647482,1,sigma 0.3 m,0.0,0
noise,0.3,mad,1021,14.100000000000065,0.3000000203357434,8,2,174,88,0.0,0.05951257499456137,0.2734497239246893,0.01773049645390071,1,sigma 0.3 m,0.0,0
noise,0.3,mad,1022,14.300000000000068,0.30000001107278007,11,2,204,59,0.0,0.05996772330605014,0.27871525442510287,0.027972027972027972,1,sigma 0.3 m,0.0,0
noise,0.3,mad,1023,13.900000000000063,0.3000000403558649,9,3,171,85,0.0,0.05887161757526754,0.28792571003444983,0.014388489208633094,1,sigma 0.3 m,0.0,0
noise,0.3,mad,1024,13.900000000000063,0.30000004314657447,10,0,172,86,0.0,0.05416521807389638,0.28817334892107527,0.03597122302158273,1,sigma 0.3 m,0.0,0
noise,0.3,mad,1025,13.70000000000006,0.30000011667755166,7,7,131,119,0.0,0.039236918924118416,0.2576684794153962,0.01824817518248175,1,sigma 0.3 m,0.0,0
noise,0.3,mad,1026,13.500000000000057,0.30000016358253045,11,8,175,66,0.0,0.06468057683983705,0.29683612477651,0.03333333333333333,1,sigma 0.3 m,0.0,0
noise,0.3,mad,1027,14.100000000000065,0.3000000366324148,13,6,196,57,0.0,0.06971668663301432,0.30023086165215607,0.024822695035460994,1,sigma 0.3 m,0.0,0
noise,0.3,mad,1028,14.100000000000065,0.300000022726036,9,4,137,122,0.0,0.052054570151826594,0.27316308517296284,0.01773049645390071,1,sigma 0.3 m,0.0,0
noise,0.3,mad,1029,13.900000000000063,0.3000000673926085,11,2,130,125,0.0,0.03909894302594162,0.26939007070054954,0.025179856115107913,1,sigma 0.3 m,0.0,0
noise,0.3,mad,1030,14.100000000000065,0.30000002111389745,13,1,180,78,0.0,0.060478639117680484,0.2928470235283556,0.05319148936170213,1,sigma 0.3 m,0.0,0
noise,0.3,mad,1031,13.900000000000063,0.30000004508544104,6,4,146,112,0.0,0.04830630579765029,0.2746010160473624,0.0035971223021582736,1,sigma 0.3 m,0.0,0
noise,0.3,mad,1032,13.500000000000057,0.30000015647598954,13,4,116,127,0.0,0.04117225480282721,0.26279228089025214,0.040740740740740744,1,sigma 0.3 m,0.0,0
noise,0.3,mad,1033,13.500000000000057,0.30000016905437205,11,2,122,125,0.0,0.04528453350922973,0.27395003290290526,0.007407407407407408,1,sigma 0.3 m,0.0,0
noise,0.3,mad,1034,13.900000000000063,0.3000000495072456,7,0,122,139,0.0,0.04160940231274627,0.2680888201354839,0.017985611510791366,1,sigma 0.3 m,0.0,0
noise,0.3,mad,1035,13.900000000000063,0.3000001581815716,10,2,172,84,0.0,0.059317341110339,0.28761714993971954,0.0,1,sigma 0.3 m,0.0,0
noise,0.3,mad,1036,14.500000000000071,0.30000000544536914,8,0,188,84,0.0,0.05631085197525928,0.26089398581363427,0.006896551724137931,1,sigma 0.3 m,0.0,0
noise,0.3,mad,1037,13.70000000000006,0.30000009082769885,9,7,169,79,0.0,0.065514422463596,0.28165519792012816,0.0072992700729927005,1,sigma 0.3 m,0.0,0
noise,0.3,mad,1038,13.70000000000006,0.3000001122289903,9,3,168,84,0.0,0.06182951969434414,0.2830518596820744,0.025547445255474453,1,sigma 0.3 m,0.0,0
noise,0.3,mad,1039,14.300000000000068,0.30000001077961536,9,2,137,128,0.0,0.05441348785201015,0.30113370525650623,0.006993006993006993,1,sigma 0.3 m,0.0,0
noise,0.3,kf,1000,13.70000000000006,0.3000000773000178,72,0,90,102,0.0,0.04825059646432758,0.15561403120862902,0.40875912408759124,1,sigma 0.3 m,0.0,0
noise,0.3,kf,1001,13.900000000000063,0.30000003964786687,71,0,87,110,0.0,0.05581446422993602,0.1974533278837424,0.44964028776978415,1,sigma 0.3 m,0.0,0
noise,0.3,kf,1002,14.500000000000071,0.3000000053498363,70,0,119,91,0.0,0.05030986674071417,0.17360047073783036,0.29310344827586204,1,sigma 0.3 m,0.0,0
noise,0.3,kf,1003,13.900000000000063,0.30000003964786687,73,0,119,76,0.0,0.05438951376594791,0.17456462905910117,0.38848920863309355,1,sigma 0.3 m,0.0,0
noise,0.3,kf,1004,14.100000000000065,0.3000000203357434,90,0,121,61,0.0,0.0799931976611273,0.16823523034751986,0.5035460992907801,1,sigma 0.3 m,0.0,0
noise,0.3,kf,1005,14.700000000000074,0.3000000027439785,88,0,129,67,0.0,0.07693596921207331,0.165384636265464,0.46258503401360546,1,sigma 0.3 m,0.0,0
noise,0.3,kf,1006,14.700000000000074,0.3000000027439785,79,0,118,87,0.0,0.07149978303405884,0.15549459979054023,0.40816326530612246,1,sigma 0.3 m,0.0,0
noise,0.3,kf,1007,13.900000000000063,0.30000003964786687,90,0,112,66,0.0,0.06972576669519373,0.14736976120229212,0.5719424460431655,1,sigma 0.3 m,0.0,0
noise,0.3,kf,1008,15.10000000000008,0.30000000072187355,70,0,148,74,0.0,0.059228336729270394,0.19240209428478028,0.2251655629139073,1,sigma 0.3 m,0.0,0
noise,0.3,kf,1009,13.70000000000006,0.30000008186975835,71,0,128,65,0.0,0.06380892888662355,0.1583716415512818,0.3102189781021898,1,sigma 0.3 m,0.0,0
noise,0.3,kf,1010,15.10000000000008,0.30000000072187355,82,0,142,68,0.0,0.06292043543146686,0.14775684376963005,0.3741721854304636,1,sigma 0.3 m,0.0,0
noise,0.3,kf,1011,14.700000000000074,0.3000000027439785,80,0,121,83,0.0,0.06906198754398614,0.19813023767212565,0.3435374149659864,1,sigma 0.3 m,0.0,0
noise,0.3,kf,1012,13.500000000000057,0.3000001507090587,61,0,114,85,0.0,0.052937510699528394,0.1461156264473036,0.24444444444444444,1,sigma 0.3 m,0.0,0
noise,0.3,kf,1013,14.300000000000068,0.3000000104303835,79,0,73,124,0.0,0.05174272869812803,0.19884557796377753,0.458041958041958,1,sigma 0.3 m,0.0,0
noise,0.3,kf,1014,14.900000000000077,0.3000000014074109,79,0,114,95,0.0,0.0642304763337107,0.1480290704780631,0.40939597315436244,1,sigma 0.3 m,0.0,0
noise,0.3,kf,1015,13.300000000000054,0.30000029383201743,66,0,101,89,0.0,0.06380524334136184,0.25094516041086573,0.39473684210526316,1,sigma 0.3 m,0.0,0
noise,0.3,kf,1016,14.500000000000071,0.3000000053498363,97,0,104,79,0.0,0.06961998286244969,0.2557754204203807,0.5379310344827586,1,sigma 0.3 m,0.0,0
noise,0.3,kf,1017,14.500000000000071,0.3000000053498363,68,0,78,134,0.0,0.04477287920896604,0.20441337837549736,0.31724137931034485,1,sigma 0.3 m,0.0,0
noise,0.3,kf,1018,15.10000000000008,0.30000000072187355,70,0,114,108,0.0,0.05135910490134339,0.1566031782364147,0.3443708609271523,1,sigma 0.3 m,0.0,0
noise,0.3,kf,1019,13.900000000000063,0.30000003964786687,77,0,113,78,0.0,0.06372157335410562,0.2072063051942579,0.42805755395683454,1,sigma 0.3 m,0.0,0
noise,0.3,kf,1020,14.700000000000074,0.3000000027439785,72,0,105,107,0.0,0.051753541389555215,0.13819674293469417,0.25170068027210885,1,sigma 0.3 m,0.0,0
noise,0.3,kf,1021,13.900000000000063,0.30000003964786687,77,0,101,90,0.0,0.05807325183106406,0.19436539539360226,0.38489208633093525,1,sigma 0.3 m,0.0,0
noise,0.3,kf,1022,14.100000000000065,0.3000000203357434,81,0,130,61,0.0,0.05948341236117783,0.22168152823265255,0.4326241134751773,1,sigma 0.3 m,0.0,0
noise,0.3,kf,1023,14.700000000000074,0.3000000027439785,70,0,126,88,0.0,0.057599752773875156,0.11766887678168211,0.3197278911564626,1,sigma 0.3 m,0.0,0
noise,0.3,kf,1024,13.900000000000063,0.30000003964786687,63,0,119,86,0.0,0.05416574036045957,0.16131703525728144,0.2841726618705036,1,sigma 0.3 m,0.0,0
noise,0.3,kf,1025,13.900000000000063,0.30000004151742427,57,0,85,126,0.0,0.039767387359446266,0.11967856972101013,0.3237410071942446,1,sigma 0.3 m,0.0,0
noise,0.3,kf,1026,14.300000000000068,0.30000001077961536,97,0,105,74,0.0,0.06531436510142996,0.20659824187693998,0.6013986013986014,1,sigma 0.3 m,0.0,0
noise,0.3,kf,1027,14.500000000000071,0.3000000053498363,77,0,140,63,0.0,0.06802431924457587,0.13570295979194374,0.27586206896551724,1,sigma 0.3 m,0.0,0
noise,0.3,kf,1028,14.500000000000071,0.3000000053498363,66,0,88,126,0.0,0.05268458686973241,0.13788107152874238,0.35517241379310344,1,sigma 0.3 m,0.0,0
noise,0.3,kf,1029,14.100000000000065,0.3000000203357434,56,0,89,127,0.0,0.03928944685649917,0.2226777878549692,0.21631205673758866,1,sigma 0.3 m,0.0,0
noise,0.3,kf,1030,13.70000000000006,0.3000000773000178,75,0,110,79,0.0,0.059800282552883964,0.20840863738309423,0.4306569343065693,1,sigma 0.3 m,0.0,0
noise,0.3,kf,1031,13.500000000000057,0.3000001507090587,55,0,89,116,0.0,0.04806318519174089,0.18269851163101095,0.24074074074074073,1,sigma 0.3 m,0.0,0
noise,0.3,kf,1032,14.100000000000065,0.3000000203357434,56,0,85,131,0.0,0.04198044530252296,0.10056432435920393,0.26595744680851063,1,sigma 0.3 m,0.0,0
noise,0.3,kf,1033,13.900000000000063,0.30000004199172764,59,0,82,127,0.0,0.047022291511036096,0.18521841550542417,0.35611510791366907,1,sigma 0.3 m,0.0,0
noise,0.3,kf,1034,14.300000000000068,0.3000000104303835,46,0,91,139,0.0,0.04212610420119211,0.20917074482104386,0.1993006993006993,1,sigma 0.3 m,0.0,0
noise,0.3,kf,1035,14.300000000000068,0.3000000104303835,66,0,124,86,0.0,0.05913901299886826,0.1512770301813468,0.27972027972027974,1,sigma 0.3 m,0.0,0
noise,0.3,kf,1036,14.300000000000068,0.3000000104303835,72,0,120,84,0.0,0.05672287817288757,0.18474935859607078,0.2867132867132867,1,sigma 0.3 m,0.0,0
noise,0.3,kf,1037,13.500000000000057,0.3000001507090587,79,0,95,86,0.0,0.06576235405358173,0.18743337541617,0.4703703703703704,1,sigma 0.3 m,0.0,0
noise,0.3,kf,1038,14.700000000000074,0.3000000027439785,79,0,118,87,0.0,0.06414186115735086,0.1713758790962325,0.3741496598639456,1,sigma 0.3 m,0.0,0
noise,0.3,kf,1039,14.100000000000065,0.3000000203357434,65,0,77,130,0.0,0.04996352863550914,0.22617929423660732,0.36524822695035464,1,sigma 0.3 m,0.0,0
noise,0.3,kf_fallback,1000,19.500000000000142,0.30000000008271277,104,0,174,102,0.0,0.06474230867297529,0.16848084664469457,0.3230769230769231,1,sigma 0.3 m,0.0,0
noise,0.3,kf_fallback,1001,19.500000000000142,0.30000000000481986,123,0,147,110,0.0,0.06789094263740304,0.23262488141257084,0.5333333333333333,1,sigma 0.3 m,0.0,0
noise,0.3,kf_fallback,1002,20.450000000000156,0.30000000035419405,107,0,201,91,0.0,0.06013141392609233,0.1670922297036571,0.34474327628361856,1,sigma 0.3 m,0.0,0
noise,0.3,kf_fallback,1003,21.300000000000168,0.30000000017594286,113,0,227,76,0.0,0.06431154615841521,0.16396301610305608,0.2652582159624413,1,sigma 0.3 m,0.0,0
noise,0.3,kf_fallback,1004,24.150000000000208,0.3000000000391337,158,0,254,61,0.0,0.08074230125523486,0.12068532318611713,0.43478260869565216,1,sigma 0.3 m,0.0,0
noise,0.3,kf_fallback,1005,25.300000000000225,0.3000000000005856,166,0,263,67,0.0,0.08269965506733398,0.19086662485266215,0.4644268774703557,1,sigma 0.3 m,0.0,0
noise,0.3,kf_fallback,1006,21.35000000000017,0.30000000000287375,142,0,188,87,0.0,0.08052902940477209,0.21442449806842626,0.5199063231850117,1,sigma 0.3 m,0.0,0
noise,0.3,kf_fallback,1007,23.400000000000198,0.30000000007547734,157,0,235,66,0.0,0.07741086003682751,0.15181385730748445,0.45085470085470086,1,sigma 0.3 m,0.0,0
noise,0.3,kf_fallback,1008,20.80000000000016,0.3000000000602142,105,0,227,74,0.0,0.0671454470361538,0.1619559187538918,0.23076923076923078,1,sigma 0.3 m,0.0,0
noise,0.3,kf_fallback,1009,23.300000000000196,0.3000000000470172,138,0,253,65,0.0,0.072557247022127,0.2180248531168897,0.3283261802575107,1,sigma 0.3 m,0.0,0
noise,0.3,kf_fallback,1010,23.150000000000194,0.30000000039865476,141,0,244,68,0.0,0.07082348336461018,0.19658334420369203,0.3304535637149028,1,sigma 0.3 m,0.0,0
noise,0.3,kf_fallback,1011,22.10000000000018,0.3000000000000351,150,0,199,83,0.0,0.08512439665959627,0.16102160056809905,0.49547511312217196,1,sigma 0.3 m,0.0,0
noise,0.3,kf_fallback,1012,21.800000000000175,0.30000000003554095,119,0,222,85,0.0,0.058360561003606995,0.17766765094226333,0.29357798165137616,1,sigma 0.3 m,0.0,0
noise,0.3,kf_fallback,1013,17.700000000000117,0.3000000000014398,99,0,121,124,0.0,0.0621136817635171,0.20843197687939988,0.4858757062146893,1,sigma 0.3 m,0.0,0
noise,0.3,kf_fallback,1014,21.55000000000017,0.30000000000737487,129,0,197,95,0.0,0.07432776457638648,0.15580082513879331,0.4709976798143852,1,sigma 0.3 m,0.0,0
noise,0.3,kf_fallback,1015,20.00000000000015,0.3000000006433596,116,0,185,89,0.0,0.07382995385488837,0.1778134857299818,0.4175,1,sigma 0.3 m,0.0,0
noise,0.3,kf_fallback,1016,23.200000000000195,0.30000000000729027,139,0,236,79,0.0,0.07406808412189855,0.14830808027242218,0.3771551724137931,1,sigma 0.3 m,0.0,0
noise,0.3,kf_fallback,1017,16.250000000000096,0.3000000000220129,86,0,95,134,0.0,0.04899026156427915,0.18374149128856898,0.39076923076923076,1,sigma 0.3 m,0.0,0
noise,0.3,kf_fallback,1018,19.200000000000138,0.30000000003508415,98,0,168,108,0.0,0.06187267158427976,0.14292214874032583,0.3125,1,sigma 0.3 m,0.0,0
noise,0.3,kf_fallback,1019,22.500000000000185,0.30000000000785176,143,0,219,78,0.0,0.07886972538416862,0.1720600756851037,0.4222222222222222,1,sigma 0.3 m,0.0,0
noise,0.3,kf_fallback,1020,18.400000000000126,0.30000000008187994,92,0,159,107,0.0,0.058329021197302204,0.191310254212086,0.21739130434782608,1,sigma 0.3 m,0.0,0
noise,0.3,kf_fallback,1021,21.100000000000165,0.3000000004714394,133,0,189,90,0.0,0.07065234601430544,0.17979705406014856,0.3957345971563981,1,sigma 0.3 m,0.0,0
noise,0.3,kf_fallback,1022,23.200000000000195,0.30000000002410127,132,0,261,61,0.0,0.0734406304812131,0.147959738361319,0.31896551724137934,1,sigma 0.3 m,0.0,0
noise,0.3,kf_fallback,1023,20.200000000000152,0.3000000000908138,104,0,202,88,0.0,0.06853309211026506,0.12710472376516488,0.3069306930693069,1,sigma 0.3 m,0.0,0
noise,0.3,kf_fallback,1024,21.050000000000164,0.30000000005197547,114,0,211,86,0.0,0.06544398622299903,0.13857071751284852,0.3515439429928741,1,sigma 0.3 m,0.0,0
noise,0.3,kf_fallback,1025,16.950000000000106,0.30000000000185023,78,0,125,126,0.0,0.046519506564272395,0.1461073961325094,0.30678466076696165,1,sigma 0.3 m,0.0,0
noise,0.3,kf_fallback,1026,22.400000000000183,0.30000000001893207,132,0,232,74,0.0,0.07648158533031617,0.1629128270365258,0.3950892857142857,1,sigma 0.3 m,0.0,0
noise,0.3,kf_fallback,1027,22.80000000000019,0.30000000028297674,126,0,257,63,0.0,0.08144513814171798,0.21238126069420143,0.3092105263157895,1,sigma 0.3 m,0.0,0
noise,0.3,kf_fallback,1028,16.350000000000097,0.3000000001186637,80,0,111,126,0.0,0.05597249184191879,0.14287048632332258,0.3761467889908257,1,sigma 0.3 m,0.0,0
noise,0.3,kf_fallback,1029,15.950000000000092,0.30000000005212396,76,0,106,127,0.0,0.0448861840705835,0.22181640128012534,0.29780564263322884,1,sigma 0.3 m,0.0,0
noise,0.3,kf_fallback,1030,23.250000000000195,0.3000000000000133,170,0,206,79,0.0,0.08066065075027572,0.24638871719264918,0.5118279569892473,1,sigma 0.3 m,0.0,0
noise,0.3,kf_fallback,1031,17.700000000000117,0.3000000001203304,83,0,145,116,0.0,0.05650117994536032,0.16254136359460172,0.2824858757062147,1,sigma 0.3 m,0.0,0
noise,0.3,kf_fallback,1032,16.5500000000001,0.3000000000497743,83,0,107,131,0.0,0.05415784552506581,0.1721782797887122,0.3716012084592145,1,sigma 0.3 m,0.0,0
noise,0.3,kf_fallback,1033,15.85000000000009,0.3000000000836752,82,0,98,127,0.0,0.05961130807077881,0.19166588882003885,0.4353312302839117,1,sigma 0.3 m,0.0,0
noise,0.3,kf_fallback,1034,14.300000000000068,0.3000000104303835,46,0,91,139,0.0,0.04212610420119211,0.20917074482104386,0.1993006993006993,1,sigma 0.3 m,0.0,0
noise,0.3,kf_fallback,1035,20.80000000000016,0.30000000021376205,111,0,209,86,0.0,0.06437975782832232,0.1461811262001831,0.27884615384615385,1,sigma 0.3 m,0.0,0
noise,0.3,kf_fallback,1036,21.700000000000173,0.3000000002774764,139,0,201,84,0.0,0.071468380368165,0.22218319411309664,0.4539170506912442,1,sigma 0.3 m,0.0,0
noise,0.3,kf_fallback,1037,21.850000000000176,0.3000000007180131,129,0,212,86,0.0,0.06979917551115472,0.12894960912776293,0.36384439359267734,1,sigma 0.3 m,0.0,0
noise,0.3,kf_fallback,1038,20.600000000000158,0.30000000026095464,125,0,190,87,0.0,0.07403679027537882,0.17969812519125405,0.3713592233009709,1,sigma 0.3 m,0.0,0
noise,0.3,kf_fallback,1039,16.5500000000001,0.3000000000412426,83,0,108,130,0.0,0.05777099207016853,0.22535827634377845,0.3716012084592145,1,sigma 0.3 m,0.0,0
noise,0.6,raw,2000,13.70000000000006,0.3000016593029334,0,0,157,107,0.0,0.18040503711110328,0.5730971861365092,0.0,2,sigma 0.6 m,0.0,0
noise,0.6,raw,2001,13.500000000000057,0.3000005757249846,0,0,166,94,0.0,0.21277129368740672,0.6198585755129694,0.0,2,sigma 0.6 m,0.0,0
noise,0.6,raw,2002,13.500000000000057,0.3000173491433454,0,0,128,132,0.0,0.179771795740789,0.6371429262861198,0.0,2,sigma 0.6 m,0.0,0
noise,0.6,raw,2003,13.500000000000057,0.30000046196892194,0,0,176,84,0.0,0.20771603363115326,0.6487538833325261,0.0,2,sigma 0.6 m,0.0,0
noise,0.6,raw,2004,13.500000000000057,0.3000005038980379,0,0,148,112,0.0,0.194557268206109,0.5883108756620585,0.0,2,sigma 0.6 m,0.0,0
noise,0.6,raw,2005,13.500000000000057,0.30000086549979904,0,0,142,118,0.0,0.19942758033816851,0.5612198899618097,0.0,2,sigma 0.6 m,0.0,0
noise,0.6,raw,2006,12.900000000000048,0.30000645430875006,0,0,118,130,0.0,0.14358926357216265,0.6398530480134929,0.0,2,sigma 0.6 m,0.0,0
noise,0.6,raw,2007,13.70000000000006,0.30000069771153703,0,0,143,121,0.0,0.16198562653913745,0.5925459631196547,0.0,2,sigma 0.6 m,0.0,0
noise,0.6,raw,2008,13.70000000000006,0.30011093481356976,0,0,132,132,0.0,0.1524432519560634,0.5753433780716926,0.0,2,sigma 0.6 m,0.0,0
noise,0.6,raw,2009,13.100000000000051,0.3000640625551825,0,0,175,77,0.0,0.2583579155924001,0.6038072500045527,0.0,2,sigma 0.6 m,0.0,0
noise,0.6,raw,2010,12.900000000000048,0.3001805249719148,0,0,168,80,0.0,0.218977215164887,0.625799886885667,0.0,2,sigma 0.6 m,0.0,0
noise,0.6,raw,2011,13.300000000000054,0.30000177541808387,0,0,136,120,0.0,0.14203674348414766,0.6045358370213251,0.0,2,sigma 0.6 m,0.0,0
noise,0.6,raw,2012,13.70000000000006,0.3000002878548601,0,0,184,80,0.0,0.2606775175227486,0.5920534785533761,0.0,2,sigma 0.6 m,0.0,0
noise,0.6,raw,2013,13.300000000000054,0.3000033989170294,0,0,174,82,0.0,0.2537746611187825,0.6324763653237353,0.0,2,sigma 0.6 m,0.0,0
noise,0.6,raw,2014,13.300000000000054,0.3000011123740181,0,0,122,134,0.0,0.14312748575239523,0.5793591943311945,0.0,2,sigma 0.6 m,0.0,0
noise,0.6,raw,2015,13.100000000000051,0.3000098418669299,0,0,151,101,0.0,0.22939561051005444,0.6340021332369072,0.0,2,sigma 0.6 m,0.0,0
noise,0.6,raw,2016,13.300000000000054,0.30001176466151686,0,0,118,138,0.0,0.15049826448500606,0.6374360112603296,0.0,2,sigma 0.6 m,0.0,0
noise,0.6,raw,2017,14.100000000000065,0.3000000682569953,0,0,136,136,0.0,0.14934382697124718,0.6477676796589088,0.0,2,sigma 0.6 m,0.0,0
noise,0.6,raw,2018,13.70000000000006,0.3000116708034608,0,0,165,99,0.0,0.2065433743909196,0.6064848440109359,0.0,2,sigma 0.6 m,0.0,0
noise,0.6,raw,2019,13.900000000000063,0.3000030899154993,0,0,196,72,0.0,0.20058741964972593,0.5818122964001797,0.0,2,sigma 0.6 m,0.0,0
noise,0.6,raw,2020,13.300000000000054,0.30000061689915325,0,0,158,98,0.0,0.23283420785745915,0.6477390797840816,0.0,2,sigma 0.6 m,0.0,0
noise,0.6,raw,2021,13.70000000000006,0.3000010472486091,0,0,143,121,0.0,0.16456508526936714,0.5644414362798151,0.0,2,sigma 0.6 m,0.0,0
noise,0.6,raw,2022,13.300000000000054,0.30000071993360533,0,0,176,80,0.0,0.1814122992208959,0.5295469228879544,0.0,2,sigma 0.6 m,0.0,0
noise,0.6,raw,2023,13.70000000000006,0.3000008936117504,0,0,196,68,0.0,0.25562428039242496,0.6167113619618693,0.0,2,sigma 0.6 m,0.0,0
noise,0.6,raw,2024,13.500000000000057,0.3000089387290926,0,0,145,115,0.0,0.1854666772081641,0.6018921328561212,0.0,2,sigma 0.6 m,0.0,0
noise,0.6,raw,2025,13.500000000000057,0.30000486587767744,0,0,120,140,0.0,0.1253150857890494,0.5757898073911755,0.0,2,sigma 0.6 m,0.0,0
noise,0.6,raw,2026,13.300000000000054,0.3000046949122611,0,0,181,75,0.0,0.28463061020192476,0.626786883225828,0.0,2,sigma 0.6 m,0.0,0
noise,0.6,raw,2027,13.300000000000054,0.3000010248751192,0,0,195,61,0.0,0.27403967980801286,0.6629810672630673,0.0,2,sigma 0.6 m,0.0,0
noise,0.6,raw,2028,13.900000000000063,0.3000007017858602,0,0,177,91,0.0,0.1988579267472325,0.5934681329800897,0.0,2,sigma 0.6 m,0.0,0
noise,0.6,raw,2029,13.70000000000006,0.3000005144676661,0,0,140,124,0.0,0.1989162751445767,0.590573084978283,0.0,2,sigma 0.6 m,0.0,0
noise,0.6,raw,2030,14.100000000000065,0.3000000629413059,0,0,180,92,0.0,0.2379739836473593,0.6199148919622479,0.0,2,sigma 0.6 m,0.0,0
noise,0.6,raw,2031,13.300000000000054,0.30016616380190775,0,0,165,91,0.0,0.2524788696171233,0.6238187390045048,0.0,2,sigma 0.6 m,0.0,0
noise,0.6,raw,2032,13.300000000000054,0.300002403245908,0,0,154,102,0.0,0.17343249934471017,0.5655466593579345,0.0,2,sigma 0.6 m,0.0,0
noise,0.6,raw,2033,13.100000000000051,0.30000533993794026,0,0,185,67,0.0,0.2584557674941532,0.5972335471065703,0.0,2,sigma 0.6 m,0.0,0
noise,0.6,raw,2034,13.500000000000057,0.3000024500321654,0,0,195,65,0.0,0.2237608599060511,0.60034513397585,0.0,2,sigma 0.6 m,0.0,0
noise,0.6,raw,2035,13.100000000000051,0.300023783919864,0,0,178,74,0.0,0.21114254126926824,0.5593224030894557,0.0,2,sigma 0.6 m,0.0,0
noise,0.6,raw,2036,13.300000000000054,0.3001164594977911,0,0,118,138,0.0,0.15145493255364684,0.6233072751074025,0.0,2,sigma 0.6 m,0.0,0
noise,0.6,raw,2037,13.100000000000051,0.300007466998482,0,0,120,132,0.0,0.13272635317160444,0.563241736992957,0.0,2,sigma 0.6 m,0.0,0
noise,0.6,raw,2038,13.500000000000057,0.30000213365241724,0,0,147,113,0.0,0.1743293077990564,0.6032672890818007,0.0,2,sigma 0.6 m,0.0,0
noise,0.6,raw,2039,13.900000000000063,0.30000013125279895,0,0,158,110,0.0,0.17538570241853788,0.6063724973396183,0.0,2,sigma 0.6 m,0.0,0
noise,0.6,median,2000,13.300000000000054,0.30000033764518297,47,0,102,107,0.0,0.17840574930553849,0.4077760318715562,0.15413533834586465,2,sigma 0.6 m,0.0,0
noise,0.6,median,2001,13.500000000000057,0.3000001507090587,50,0,116,94,0.0,0.21277709481049437,0.438117198574223,0.0962962962962963,2,sigma 0.6 m,0.0,0
noise,0.6,median,2002,13.70000000000006,0.30000009384875026,50,0,82,132,0.0,0.1815174268376304,0.38412601459892537,0.22262773722627738,2,sigma 0.6 m,0.0,0
noise,0.6,median,2003,13.500000000000057,0.3000001611960686,69,0,107,84,0.0,0.20772496094868814,0.28147070152819537,0.3074074074074074,2,sigma 0.6 m,0.0,0
noise,0.6,median,2004,14.300000000000068,0.300000016683109,51,0,113,112,0.0,0.19552065518409045,0.31712362233555264,0.0979020979020979,2,sigma 0.6 m,0.0,0
noise,0.6,median,2005,13.500000000000057,0.3000010323250742,56,0,86,118,0.0,0.19942176910384754,0.3535626665399515,0.3111111111111111,2,sigma 0.6 m,0.0,0
noise,0.6,median,2006,13.500000000000057,0.30000016859943457,52,0,78,130,0.0,0.14059262555046076,0.36419653524689855,0.22592592592592592,2,sigma 0.6 m,0.0,0
noise,0.6,median,2007,14.300000000000068,0.3000000104303835,55,0,100,121,0.0,0.16710974020672056,0.2986431517532713,0.12237762237762238,2,sigma 0.6 m,0.0,0
noise,0.6,median,2008,13.300000000000054,0.30000051517170495,44,0,80,132,0.0,0.14570103561517772,0.33551120949094776,0.21428571428571427,2,sigma 0.6 m,0.0,0
noise,0.6,median,2009,13.300000000000054,0.30000029383201743,65,0,114,77,0.0,0.26404353602149616,0.37035255777542947,0.24436090225563908,2,sigma 0.6 m,0.0,0
noise,0.6,median,2010,13.500000000000057,0.3000002099359868,62,0,118,80,0.0,0.21389584620378221,0.3684576918538969,0.26296296296296295,2,sigma 0.6 m,0.0,0
noise,0.6,median,2011,13.100000000000051,0.3000005728736853,48,0,84,120,0.0,0.13087264669219578,0.3472080895818002,0.17938931297709923,2,sigma 0.6 m,0.0,0
noise,0.6,median,2012,14.100000000000065,0.300000020698882,68,0,124,80,0.0,0.2612737323039374,0.37439731432277595,0.2907801418439716,2,sigma 0.6 m,0.0,0
noise,0.6,median,2013,14.100000000000065,0.30000003735004466,78,0,112,82,0.0,0.2684044538835698,0.3160295079903172,0.3900709219858156,2,sigma 0.6 m,0.0,0
noise,0.6,median,2014,12.900000000000048,0.3000011169111525,35,0,79,134,0.0,0.14419200704228197,0.3838490757859156,0.10077519379844961,2,sigma 0.6 m,0.0,0
noise,0.6,median,2015,14.100000000000065,0.3000000203357434,63,0,108,101,0.0,0.23446809768575352,0.3328066339548415,0.24822695035460993,2,sigma 0.6 m,0.0,0
noise,0.6,median,2016,14.500000000000071,0.3000000095789454,50,0,92,138,0.0,0.16954675705186442,0.34032947027994437,0.2,2,sigma 0.6 m,0.0,0
noise,0.6,median,2017,13.900000000000063,0.30000003964786687,55,0,77,136,0.0,0.14581569322694027,0.44232851542540647,0.2302158273381295,2,sigma 0.6 m,0.0,0
noise,0.6,median,2018,14.100000000000065,0.3000000203357434,64,0,109,99,0.0,0.20879738535673467,0.29744784946739994,0.25177304964539005,2,sigma 0.6 m,0.0,0
noise,0.6,median,2019,13.70000000000006,0.3000000773000178,58,0,134,72,0.0,0.20058806251752898,0.2773725426596427,0.15328467153284672,2,sigma 0.6 m,0.0,0
noise,0.6,median,2020,12.30000000000004,0.3000092217964201,57,0,81,98,0.0,0.2124639152979189,0.36011792397434483,0.3617886178861789,2,sigma 0.6 m,0.0,0
noise,0.6,median,2021,13.300000000000054,0.30000029383201743,52,0,83,121,0.0,0.16296957863700995,0.3225242995929677,0.2669172932330827,2,sigma 0.6 m,0.0,0
noise,0.6,median,2022,12.700000000000045,0.3000023338387435,56,0,108,80,0.0,0.17751525880207644,0.3183671505132402,0.2637795275590551,2,sigma 0.6 m,0.0,0
noise,0.6,median,2023,13.70000000000006,0.30000008267889894,75,0,121,68,0.0,0.25565482093792247,0.4129906507751083,0.34306569343065696,2,sigma 0.6 m,0.0,0
noise,0.6,median,2024,12.700000000000045,0.30000217760135917,48,0,81,115,0.0,0.18867336508183552,0.36044002524238716,0.23622047244094488,2,sigma 0.6 m,0.0,0
noise,0.6,median,2025,13.500000000000057,0.3000001507090587,48,0,72,140,0.0,0.12531828258551203,0.31643917604274896,0.18888888888888888,2,sigma 0.6 m,0.0,0
noise,0.6,median,2026,13.500000000000057,0.3000003214615212,65,0,120,75,0.0,0.2845403969946335,0.3653946617785784,0.26296296296296295,2,sigma 0.6 m,0.0,0
noise,0.6,median,2027,13.900000000000063,0.30000003964786687,78,0,129,61,0.0,0.27798280722748503,0.38701341250467547,0.34172661870503596,2,sigma 0.6 m,0.0,0
noise,0.6,median,2028,14.100000000000065,0.30000002291185873,60,0,121,91,0.0,0.20017753657628867,0.32172850510711,0.18439716312056736,2,sigma 0.6 m,0.0,0
noise,0.6,median,2029,13.300000000000054,0.30000042652165587,60,0,72,124,0.0,0.18580233730329587,0.32347879831875115,0.30451127819548873,2,sigma 0.6 m,0.0,0
noise,0.6,median,2030,14.100000000000065,0.3000000203357434,63,0,117,92,0.0,0.23795457106550535,0.372446751787771,0.1702127659574468,2,sigma 0.6 m,0.0,0
noise,0.6,median,2031,13.300000000000054,0.30000029383201743,67,0,98,91,0.0,0.24866083988316304,0.42195928675916056,0.37218045112781956,2,sigma 0.6 m,0.0,0
noise,0.6,median,2032,13.300000000000054,0.30000029383201743,54,0,100,102,0.0,0.1734258361926428,0.34709664207181923,0.2593984962406015,2,sigma 0.6 m,0.0,0
noise,0.6,median,2033,13.300000000000054,0.30000029383201743,59,0,130,67,0.0,0.2580832887399139,0.3554515453245085,0.16917293233082706,2,sigma 0.6 m,0.0,0
noise,0.6,median,2034,13.70000000000006,0.3000000802579282,65,0,134,65,0.0,0.2225661845638048,0.3374740945260032,0.23722627737226276,2,sigma 0.6 m,0.0,0
noise,0.6,median,2035,13.500000000000057,0.3000001507090587,63,0,123,74,0.0,0.21267527131320219,0.36825008668893905,0.26666666666666666,2,sigma 0.6 m,0.0,0
noise,0.6,median,2036,13.900000000000063,0.3000000420897377,51,0,79,138,0.0,0.15471810008726875,0.35638761224250354,0.2841726618705036,2,sigma 0.6 m,0.0,0
noise,0.6,median,2037,13.100000000000051,0.3000005728736853,43,0,77,132,0.0,0.1327659630629291,0.3455220907597649,0.19083969465648856,2,sigma 0.6 m,0.0,0
noise,0.6,median,2038,13.300000000000054,0.30000029383201743,59,0,84,113,0.0,0.1677616005979555,0.37991690086033403,0.3609022556390977,2,sigma 0.6 m,0.0,0
noise,0.6,median,2039,14.300000000000068,0.3000000104303835,63,0,103,110,0.0,0.17532431975014623,0.2909946278146767,0.25874125874125875,2,sigma 0.6 m,0.0,0
noise,0.6,mad,2000,13.70000000000006,0.3000016593029334,15,5,142,102,0.0,0.18040503711110328,0.5287843042648375,0.01824817518248175,2,sigma 0.6 m,0.0,0
noise,0.6,mad,2001,13.500000000000057,0.3000005757249846,19,2,147,92,0.0,0.21277129368740672,0.6072160510755635,0.06666666666666667,2,sigma 0.6 m,0.0,0
noise,0.6,mad,2002,13.500000000000057,0.30000240274069795,23,2,105,130,0.0,0.17976370145103204,0.5851288320600471,0.0962962962962963,2,sigma 0.6 m,0.0,0
noise,0.6,mad,2003,13.500000000000057,0.30000046196892194,23,3,153,81,0.0,0.20771603363115326,0.5414979885036244,0.07407407407407407,2,sigma 0.6 m,0.0,0
noise,0.6,mad,2004,13.500000000000057,0.3000005038980379,15,1,133,111,0.0,0.194557268206109,0.5599767898306565,0.06296296296296296,2,sigma 0.6 m,0.0,0
noise,0.6,mad,2005,13.500000000000057,0.30000086549979904,16,1,126,117,0.0,0.19942758033816851,0.5074192734037137,0.003703703703703704,2,sigma 0.6 m,0.0,0
noise,0.6,mad,2006,12.900000000000048,0.30000645430875006,21,3,97,127,0.0,0.14358926357216265,0.5481135306630158,0.06589147286821706,2,sigma 0.6 m,0.0,0
noise,0.6,mad,2007,13.70000000000006,0.3000001719685553,18,2,125,119,0.0,0.1619764673923594,0.567060670161645,0.0364963503649635,2,sigma 0.6 m,0.0,0
noise,0.6,mad,2008,13.70000000000006,0.3000001432489493,15,3,117,129,0.0,0.15243908036390244,0.5211627667175351,0.05474452554744526,2,sigma 0.6 m,0.0,0
noise,0.6,mad,2009,12.900000000000048,0.3000125740797263,20,2,151,75,0.0,0.25960327587158033,0.5164006967946478,0.04263565891472868,2,sigma 0.6 m,0.0,0
noise,0.6,mad,2010,12.900000000000048,0.3001805249719148,23,5,145,75,0.0,0.218977215164887,0.5959458972737951,0.07751937984496124,2,sigma 0.6 m,0.0,0
noise,0.6,mad,2011,12.900000000000048,0.3000094647576779,16,2,112,118,0.0,0.12651697203975237,0.4951933395562503,0.05426356589147287,2,sigma 0.6 m,0.0,0
noise,0.6,mad,2012,13.500000000000057,0.30000049277060425,17,2,163,78,0.0,0.25938564909080936,0.5955897481225562,0.025925925925925925,2,sigma 0.6 m,0.0,0
noise,0.6,mad,2013,13.300000000000054,0.3000033989170294,14,0,160,82,0.0,0.2537746611187825,0.6000433432820994,0.03759398496240601,2,sigma 0.6 m,0.0,0
noise,0.6,mad,2014,13.500000000000057,0.30000016257642675,16,4,110,130,0.0,0.14920710968716397,0.5238136843919132,0.0,2,sigma 0.6 m,0.0,0
noise,0.6,mad,2015,13.100000000000051,0.3000098418669299,18,0,133,101,0.0,0.22939561051005444,0.6478948543327233,0.04961832061068702,2,sigma 0.6 m,0.0,0
noise,0.6,mad,2016,13.500000000000057,0.30000664322392,20,0,102,138,0.0,0.15969228364823163,0.5294356044309643,0.003703703703703704,2,sigma 0.6 m,0.0,0
noise,0.6,mad,2017,13.70000000000006,0.300000209839619,26,3,102,133,0.0,0.14571328944429862,0.6035294292935764,0.08029197080291971,2,sigma 0.6 m,0.0,0
noise,0.6,mad,2018,13.70000000000006,0.3000116708034608,13,6,152,93,0.0,0.2065433743909196,0.5285864605831803,0.029197080291970802,2,sigma 0.6 m,0.0,0
noise,0.6,mad,2019,13.900000000000063,0.300000080178153,18,2,178,70,0.0,0.20057422421690418,0.4756609266910563,0.014388489208633094,2,sigma 0.6 m,0.0,0
noise,0.6,mad,2020,13.300000000000054,0.30000061689915325,20,3,138,95,0.0,0.23283420785745915,0.5942219892248217,0.07894736842105263,2,sigma 0.6 m,0.0,0
noise,0.6,mad,2021,13.70000000000006,0.3000010472486091,12,4,131,117,0.0,0.16456508526936714,0.5324300101720005,0.0036496350364963502,2,sigma 0.6 m,0.0,0
noise,0.6,mad,2022,13.300000000000054,0.30000071993360533,18,2,158,78,0.0,0.1814122992208959,0.527700525613986,0.06015037593984962,2,sigma 0.6 m,0.0,0
noise,0.6,mad,2023,13.70000000000006,0.3000008936117504,19,1,177,67,0.0,0.25562428039242496,0.5643832277147881,0.05474452554744526,2,sigma 0.6 m,0.0,0
noise,0.6,mad,2024,13.70000000000006,0.30000010269787675,16,1,133,114,0.0,0.1961065551744967,0.5037146951690569,0.01824817518248175,2,sigma 0.6 m,0.0,0
noise,0.6,mad,2025,12.900000000000048,0.30002433899288394,18,5,90,135,0.0,0.12497673810383841,0.5475087559591304,0.06976744186046512,2,sigma 0.6 m,0.0,0
noise,0.6,mad,2026,13.100000000000051,0.3000070282962274,19,7,158,68,0.0,0.28291799487571173,0.5925196263228287,0.03816793893129771,2,sigma 0.6 m,0.0,0
noise,0.6,mad,2027,13.100000000000051,0.3000017043682912,24,1,167,60,0.0,0.2721271780614392,0.5586235561150006,0.030534351145038167,2,sigma 0.6 m,0.0,0
noise,0.6,mad,2028,13.900000000000063,0.3000007017858602,19,4,158,87,0.0,0.1988579267472325,0.5375024716286448,0.017985611510791366,2,sigma 0.6 m,0.0,0
noise,0.6,mad,2029,13.500000000000057,0.30000033462416315,26,2,110,122,0.0,0.19194724062572266,0.5290046187220336,0.08518518518518518,2,sigma 0.6 m,0.0,0
noise,0.6,mad,2030,14.100000000000065,0.3000000629413059,21,3,159,89,0.0,0.2379739836473593,0.5808320681989104,0.04964539007092199,2,sigma 0.6 m,0.0,0
noise,0.6,mad,2031,13.500000000000057,0.30000045521448376,19,4,150,87,0.0,0.24980889246868174,0.5425552584204524,0.014814814814814815,2,sigma 0.6 m,0.0,0
noise,0.6,mad,2032,13.500000000000057,0.30000109765263744,18,1,140,101,0.0,0.1729978805096689,0.47194216499000613,0.022222222222222223,2,sigma 0.6 m,0.0,0
noise,0.6,mad,2033,12.700000000000045,0.30001583991597547,20,1,157,66,0.0,0.247181240609004,0.498208524646532,0.023622047244094488,2,sigma 0.6 m,0.0,0
noise,0.6,mad,2034,13.500000000000057,0.3000024500321654,14,1,181,64,0.0,0.2237608599060511,0.5371811013738202,0.003703703703703704,2,sigma 0.6 m,0.0,0
noise,0.6,mad,2035,12.900000000000048,0.3000406561563955,16,0,158,74,0.0,0.21201249653320872,0.5283756708265329,0.01937984496124031,2,sigma 0.6 m,0.0,0
noise,0.6,mad,2036,13.500000000000057,0.3000033010751105,18,1,104,137,0.0,0.15368194451965836,0.5832354906581217,0.02962962962962963,2,sigma 0.6 m,0.0,0
noise,0.6,mad,2037,12.900000000000048,0.3000118710344314,14,1,102,131,0.0,0.12939792880982046,0.49809627341245827,0.011627906976744186,2,sigma 0.6 m,0.0,0
noise,0.6,mad,2038,13.300000000000054,0.30000368189284604,19,3,124,110,0.0,0.16982379634635808,0.5193664255674815,0.007518796992481203,2,sigma 0.6 m,0.0,0
noise,0.6,mad,2039,13.900000000000063,0.30000013125279895,16,3,142,107,0.0,0.17538570241853788,0.5770672868396542,0.05755395683453238,2,sigma 0.6 m,0.0,0
noise,0.6,kf,2000,13.100000000000051,0.3000005728736853,94,0,51,107,0.0,0.1795062350614546,0.339599737209816,0.5305343511450382,2,sigma 0.6 m,0.0,0
noise,0.6,kf,2001,14.500000000000071,0.3000000057629186,119,0,67,94,0.0,0.21225716583287696,0.20784468282091434,0.6482758620689655,2,sigma 0.6 m,0.0,0
noise,0.6,kf,2002,14.100000000000065,0.3000000203357434,97,0,43,132,0.0,0.18686632743903617,0.2884453862714293,0.5,2,sigma 0.6 m,0.0,0
noise,0.6,kf,2003,14.700000000000074,0.3000000027439785,121,0,79,84,0.0,0.22793761543410299,0.18491142854589324,0.6666666666666666,2,sigma 0.6 m,0.0,0
noise,0.6,kf,2004,14.100000000000065,0.3000000203357434,105,0,55,112,0.0,0.19337060033062498,0.2392923009874668,0.5567375886524822,2,sigma 0.6 m,0.0,0
noise,0.6,kf,2005,15.10000000000008,0.3000000007494962,131,0,43,118,0.0,0.21659844498450515,0.3280720649895367,0.5794701986754967,2,sigma 0.6 m,0.0,0
noise,0.6,kf,2006,14.300000000000068,0.30000001148431543,100,0,46,130,0.0,0.15785987754524358,0.24235797872648537,0.506993006993007,2,sigma 0.6 m,0.0,0
noise,0.6,kf,2007,14.500000000000071,0.3000000053498363,100,0,59,121,0.0,0.17195742252304297,0.16182389833369829,0.5241379310344828,2,sigma 0.6 m,0.0,0
noise,0.6,kf,2008,14.100000000000065,0.3000000203357434,91,0,49,132,0.0,0.15247311489302115,0.3707402606175457,0.4858156028368794,2,sigma 0.6 m,0.0,0
noise,0.6,kf,2009,14.300000000000068,0.3000000104303835,136,0,63,77,0.0,0.2720018475279316,0.2471886347382324,0.6923076923076923,2,sigma 0.6 m,0.0,0
noise,0.6,kf,2010,13.900000000000063,0.30000004116500556,118,0,70,80,0.0,0.21636748428348002,0.19221013030626669,0.6762589928057554,2,sigma 0.6 m,0.0,0
noise,0.6,kf,2011,14.100000000000065,0.3000000203357434,96,0,56,120,0.0,0.15197255120360736,0.23773567150905667,0.5283687943262412,2,sigma 0.6 m,0.0,0
noise,0.6,kf,2012,13.70000000000006,0.3000000773000178,122,0,62,80,0.0,0.2606682993902821,0.36560911970223325,0.6678832116788321,2,sigma 0.6 m,0.0,0
noise,0.6,kf,2013,14.700000000000074,0.3000000027439785,133,0,69,82,0.0,0.26724005786915683,0.35686164955051647,0.673469387755102,2,sigma 0.6 m,0.0,0
noise,0.6,kf,2014,13.300000000000054,0.30000029383201743,80,0,42,134,0.0,0.1431108103165596,0.28390107734771963,0.4548872180451128,2,sigma 0.6 m,0.0,0
noise,0.6,kf,2015,14.300000000000068,0.3000000104303835,107,0,68,101,0.0,0.23676434201895866,0.182991555340637,0.6013986013986014,2,sigma 0.6 m,0.0,0
noise,0.6,kf,2016,14.700000000000074,0.3000000027439785,97,0,49,138,0.0,0.1762572907962346,0.19196321586017145,0.5,2,sigma 0.6 m,0.0,0
noise,0.6,kf,2017,14.100000000000065,0.3000000203357434,84,0,52,136,0.0,0.1493526753637916,0.22101423100468123,0.4716312056737589,2,sigma 0.6 m,0.0,0
noise,0.6,kf,2018,13.100000000000051,0.3000005728736853,99,0,54,99,0.0,0.19550807649087026,0.2767551033215728,0.5877862595419847,2,sigma 0.6 m,0.0,0
noise,0.6,kf,2019,14.300000000000068,0.3000000104303835,121,0,83,72,0.0,0.20110406640985365,0.1314341525760493,0.6923076923076923,2,sigma 0.6 m,0.0,0
noise,0.6,kf,2020,13.500000000000057,0.3000001507090587,100,0,62,98,0.0,0.23186834068924336,0.2306771978735312,0.5888888888888889,2,sigma 0.6 m,0.0,0
noise,0.6,kf,2021,14.300000000000068,0.3000000104303835,103,0,52,121,0.0,0.17435343082461924,0.3056203010913314,0.541958041958042,2,sigma 0.6 m,0.0,0
noise,0.6,kf,2022,13.70000000000006,0.3000000773000178,106,0,78,80,0.0,0.1820293155166871,0.3746742546057472,0.6605839416058394,2,sigma 0.6 m,0.0,0
noise,0.6,kf,2023,15.500000000000085,0.3000000001899072,145,0,87,68,0.0,0.26071211585814624,0.27628003948173385,0.7387096774193549,2,sigma 0.6 m,0.0,0
noise,0.6,kf,2024,13.70000000000006,0.30000008186975835,98,0,51,115,0.0,0.19610092506140042,0.3065822237602574,0.5218978102189781,2,sigma 0.6 m,0.0,0
noise,0.6,kf,2025,13.500000000000057,0.3000001507090587,83,0,37,140,0.0,0.12531828258551203,0.2653114674491592,0.43333333333333335,2,sigma 0.6 m,0.0,0
noise,0.6,kf,2026,13.900000000000063,0.30000003964786687,128,0,65,75,0.0,0.28013736886501606,0.15026135804877386,0.6906474820143885,2,sigma 0.6 m,0.0,0
noise,0.6,kf,2027,14.300000000000068,0.3000000104303835,147,0,68,61,0.0,0.2909460220454838,0.33807797256880345,0.7412587412587412,2,sigma 0.6 m,0.0,0
noise,0.6,kf,2028,14.300000000000068,0.3000000104303835,119,0,66,91,0.0,0.2109984296758454,0.4702589977658855,0.6153846153846154,2,sigma 0.6 m,0.0,0
noise,0.6,kf,2029,14.300000000000068,0.3000000104303835,103,0,49,124,0.0,0.20210912593495592,0.17916387103189663,0.5244755244755245,2,sigma 0.6 m,0.0,0
noise,0.6,kf,2030,15.300000000000082,0.30000000037025526,131,0,73,92,0.0,0.2336181008696724,0.22553213151047263,0.6437908496732027,2,sigma 0.6 m,0.0,0
noise,0.6,kf,2031,13.300000000000054,0.30000029383201743,114,0,51,91,0.0,0.24866083988316304,0.2697153005936505,0.6090225563909775,2,sigma 0.6 m,0.0,0
noise,0.6,kf,2032,14.500000000000071,0.3000000053498363,117,0,61,102,0.0,0.1849665082682984,0.19267758848995212,0.6172413793103448,2,sigma 0.6 m,0.0,0
noise,0.6,kf,2033,12.900000000000048,0.3000011169111525,119,0,62,67,0.0,0.2476084474277484,0.25151333449875773,0.689922480620155,2,sigma 0.6 m,0.0,0
noise,0.6,kf,2034,15.300000000000082,0.30000000037025526,154,0,77,65,0.0,0.24166094618201373,0.3681324110607611,0.7581699346405228,2,sigma 0.6 m,0.0,0
noise,0.6,kf,2035,14.300000000000068,0.3000000104303835,124,0,78,74,0.0,0.21699017928961992,0.22254525281369633,0.6713286713286714,2,sigma 0.6 m,0.0,0
noise,0.6,kf,2036,14.500000000000071,0.3000000053498363,101,0,41,138,0.0,0.16839108940721756,0.48138679227911574,0.4827586206896552,2,sigma 0.6 m,0.0,0
noise,0.6,kf,2037,14.300000000000068,0.30000001082950556,93,0,51,132,0.0,0.15275142142007564,0.2926036626478103,0.506993006993007,2,sigma 0.6 m,0.0,0
noise,0.6,kf,2038,13.900000000000063,0.30000003964786687,100,0,55,113,0.0,0.18804460476870158,0.2713299441174085,0.539568345323741,2,sigma 0.6 m,0.0,0
noise,0.6,kf,2039,14.700000000000074,0.3000000027439785,111,0,63,110,0.0,0.17994880673520974,0.19341522263362018,0.5782312925170068,2,sigma 0.6 m,0.0,0
noise,0.6,kf_fallback,2000,21.45000000000017,0.30000000000000016,192,0,120,107,0.0,0.2485489477046737,0.2712403665409583,0.7062937062937062,2,sigma 0.6 m,0.0,0
noise,0.6,kf_fallback,2001,24.35000000000021,0.30000000000000016,234,0,149,94,0.0,0.27783999876829546,0.22739910363963373,0.7823408624229979,2,sigma 0.6 m,0.0,0
noise,0.6,kf_fallback,2002,16.850000000000104,0.3000000000023381,134,0,61,132,0.0,0.2064107625931671,0.28217208517107495,0.5816023738872403,2,sigma 0.6 m,0.0,0
noise,0.6,kf_fallback,2003,25.950000000000234,0.3000000000000014,263,0,162,84,0.0,0.31572007490209686,0.22684734816774507,0.791907514450867,2,sigma 0.6 m,0.0,0
noise,0.6,kf_fallback,2004,20.350000000000154,0.30000000000000016,176,0,109,112,0.0,0.24317301674385455,0.20716025079608397,0.6928746928746928,2,sigma 0.6 m,0.0,0
noise,0.6,kf_fallback,2005,19.650000000000144,0.30000000000000016,183,0,82,118,0.0,0.25054349889309696,0.2583156148047794,0.6768447837150128,2,sigma 0.6 m,0.0,0
noise,0.6,kf_fallback,2006,17.20000000000011,0.30000000000078214,138,0,66,130,0.0,0.20878331056556307,0.27060614787772447,0.5901162790697675,2,sigma 0.6 m,0.0,0
noise,0.6,kf_fallback,2007,18.60000000000013,0.300000000000009,154,0,87,121,0.0,0.22916692600873712,0.16225504223542955,0.6290322580645161,2,sigma 0.6 m,0.0,0
noise,0.6,kf_fallback,2008,16.400000000000098,0.30000000001130117,121,0,65,132,0.0,0.16290536638936498,0.3199099183150065,0.5579268292682927,2,sigma 0.6 m,0.0,0
noise,0.6,kf_fallback,2009,27.350000000000254,0.30000000000000016,289,0,171,77,0.0,0.29901420592766537,0.2026429764935211,0.8354661791590493,2,sigma 0.6 m,0.0,0
noise,0.6,kf_fallback,2010,26.700000000000244,0.30000000000000016,279,0,165,80,0.0,0.26605842518761147,0.3644501672781126,0.8314606741573034,2,sigma 0.6 m,0.0,0
noise,0.6,kf_fallback,2011,19.050000000000136,0.30000000009379013,171,0,80,120,0.0,0.23812593460000508,0.33068465535633085,0.6456692913385826,2,sigma 0.6 m,0.0,0
noise,0.6,kf_fallback,2012,26.950000000000248,0.30000000000000016,269,0,180,80,0.0,0.29013700256009783,0.2805348853630088,0.8274582560296846,2,sigma 0.6 m,0.0,0
noise,0.6,kf_fallback,2013,25.80000000000023,0.30000000000000016,278,0,146,82,0.0,0.31360324964885306,0.1560461784802792,0.812015503875969,2,sigma 0.6 m,0.0,0
noise,0.6,kf_fallback,2014,16.400000000000098,0.30000000001130117,116,0,68,134,0.0,0.16838076134574076,0.3259134231560792,0.5579268292682927,2,sigma 0.6 m,0.0,0
noise,0.6,kf_fallback,2015,22.400000000000183,0.3000000000001405,210,0,127,101,0.0,0.28074901572952365,0.3197528705175229,0.7433035714285714,2,sigma 0.6 m,0.0,0
noise,0.6,kf_fallback,2016,15.500000000000085,0.30000000020899886,114,0,48,138,0.0,0.2043198521663842,0.21543191422778793,0.5258064516129032,2,sigma 0.6 m,0.0,0
noise,0.6,kf_fallback,2017,15.80000000000009,0.30000000007923205,107,0,63,136,0.0,0.18545019181594208,0.28800515661508896,0.5284810126582279,2,sigma 0.6 m,0.0,0
noise,0.6,kf_fallback,2018,23.250000000000195,0.30000000000000016,232,0,124,99,0.0,0.26427500487132927,0.319254363499967,0.7677419354838709,2,sigma 0.6 m,0.0,0
noise,0.6,kf_fallback,2019,27.550000000000257,0.30000000000000016,286,0,183,72,0.0,0.27769210648049847,0.20390321883054854,0.8294010889292196,2,sigma 0.6 m,0.0,0
noise,0.6,kf_fallback,2020,22.85000000000019,0.30000000000000016,216,0,133,98,0.0,0.30936292820032446,0.24581077128275977,0.7571115973741794,2,sigma 0.6 m,0.0,0
noise,0.6,kf_fallback,2021,18.850000000000133,0.30000000000000293,164,0,82,121,0.0,0.21441328898178827,0.2627202451320699,0.6525198938992043,2,sigma 0.6 m,0.0,0
noise,0.6,kf_fallback,2022,26.250000000000238,0.30000000000000016,258,0,177,80,0.0,0.23649880748727853,0.23947452945170766,0.7923809523809524,2,sigma 0.6 m,0.0,0
noise,0.6,kf_fallback,2023,28.45000000000027,0.300000000000001,298,0,193,68,0.0,0.32479511249998644,0.35852055667460137,0.8101933216168717,2,sigma 0.6 m,0.0,0
noise,0.6,kf_fallback,2024,19.500000000000142,0.3000000000000004,166,0,99,115,0.0,0.23398020047897441,0.2001237973872588,0.6641025641025641,2,sigma 0.6 m,0.0,0
noise,0.6,kf_fallback,2025,15.10000000000008,0.30000000091790024,104,0,48,140,0.0,0.14492099196781297,0.2600828812817322,0.49337748344370863,2,sigma 0.6 m,0.0,0
noise,0.6,kf_fallback,2026,27.85000000000026,0.30000000000000016,291,0,181,75,0.0,0.32546234658048817,0.24900322017571153,0.8456014362657092,2,sigma 0.6 m,0.0,0
noise,0.6,kf_fallback,2027,30.900000000000304,0.30000000000000016,362,0,185,61,0.0,0.3397053506385171,0.21969648984309398,0.8802588996763754,2,sigma 0.6 m,0.0,0
noise,0.6,kf_fallback,2028,24.550000000000214,0.30000000000000016,247,0,143,91,0.0,0.27653011857465476,0.30663698713536014,0.7759674134419552,2,sigma 0.6 m,0.0,0
noise,0.6,kf_fallback,2029,18.200000000000124,0.30000000000002774,155,0,75,124,0.0,0.2337625240608758,0.19536366890500323,0.6208791208791209,2,sigma 0.6 m,0.0,0
noise,0.6,kf_fallback,2030,24.550000000000214,0.30000000000000016,244,0,145,92,0.0,0.3010919817775916,0.3493273250557355,0.7780040733197556,2,sigma 0.6 m,0.0,0
noise,0.6,kf_fallback,2031,24.90000000000022,0.30000000000000016,272,0,125,91,0.0,0.30593243187021635,0.28939729624201305,0.7911646586345381,2,sigma 0.6 m,0.0,0
noise,0.6,kf_fallback,2032,22.450000000000184,0.30000000000000016,209,0,128,102,0.0,0.23760083308076382,0.2710958496919665,0.7505567928730512,2,sigma 0.6 m,0.0,0
noise,0.6,kf_fallback,2033,29.650000000000286,0.30000000000000016,321,0,195,67,0.0,0.3044740185093076,0.2438048042868586,0.863406408094435,2,sigma 0.6 m,0.0,0
noise,0.6,kf_fallback,2034,29.95000000000029,0.30000000000000016,329,0,195,65,0.0,0.33200189505998284,0.41601889859563596,0.8631051752921536,2,sigma 0.6 m,0.0,0
noise,0.6,kf_fallback,2035,28.250000000000266,0.30000000000000016,298,0,183,74,0.0,0.2797659297535797,0.3400323443012721,0.8442477876106195,2,sigma 0.6 m,0.0,0
noise,0.6,kf_fallback,2036,15.500000000000085,0.3000000002001832,114,0,48,138,0.0,0.17394269565785883,0.3039811438785476,0.5161290322580645,2,sigma 0.6 m,0.0,0
noise,0.6,kf_fallback,2037,16.700000000000102,0.3000000000038052,127,0,65,132,0.0,0.19083253494610158,0.28244379897509153,0.5778443113772455,2,sigma 0.6 m,0.0,0
noise,0.6,kf_fallback,2038,20.450000000000156,0.30000000000000016,183,0,103,113,0.0,0.2439534766481348,0.28156365411942674,0.687041564792176,2,sigma 0.6 m,0.0,0
noise,0.6,kf_fallback,2039,20.550000000000157,0.30000000000000016,176,0,115,110,0.0,0.22616793995528425,0.22486718066380137,0.6982968369829684,2,sigma 0.6 m,0.0,0
dropout,0.1,raw,0,14.300000000000068,0.3000000104303835,9,0,0,267,0.03146853146853147,0.0020605400495961167,0.028992096361647377,0.0,0,timeout 10%,0.0,0
dropout,0.1,raw,1,14.100000000000065,0.3000000203357434,6,0,0,266,0.03546099290780142,0.0017708053606226165,0.030084883817409768,0.0,0,timeout 10%,0.0,0
dropout,0.1,raw,2,14.100000000000065,0.3000000203357434,22,0,0,250,0.08156028368794327,0.002267659629627376,0.04381796437585886,0.0673758865248227,0,timeout 10%,0.0,0
dropout,0.1,raw,3,14.300000000000068,0.3000000104303835,17,0,0,259,0.05944055944055944,0.0023670549673011298,0.02445635695183933,0.06293706293706294,0,timeout 10%,0.0,0
dropout,0.1,raw,4,14.300000000000068,0.3000000104303835,25,0,0,251,0.08741258741258741,0.002330658486461627,0.05460304733406744,0.05944055944055944,0,timeout 10%,0.0,0
dropout,0.1,raw,5,14.100000000000065,0.3000000203357434,12,0,0,260,0.05673758865248227,0.0018951391305312539,0.029526809997685134,0.0,0,timeout 10%,0.0,0
dropout,0.1,raw,6,14.300000000000068,0.3000000104303835,10,0,0,266,0.03496503496503497,0.0020671040064150297,0.025986988058089917,0.0,0,timeout 10%,0.0,0
dropout,0.1,raw,7,12.30000000000004,0.3000082774749663,16,0,0,220,0.06504065040650407,0.001888404498865303,0.1408940379488246,0.06097560975609756,0,timeout 10%,0.0,0
dropout,0.1,raw,8,14.100000000000065,0.3000000203357434,15,0,0,257,0.05319148936170213,0.0025355035246481714,0.02687843546762865,0.05319148936170213,0,timeout 10%,0.0,0
dropout,0.1,raw,9,14.100000000000065,0.3000000203357434,16,0,0,256,0.05673758865248227,0.0022742634757259655,0.05622796196239597,0.07446808510638298,0,timeout 10%,0.0,0
dropout,0.1,raw,10,14.300000000000068,0.3000000104303835,29,0,0,247,0.10139860139860139,0.0018050491036421881,0.06094630940733961,0.06993006993006994,0,timeout 10%,0.0,0
dropout,0.1,raw,11,14.100000000000065,0.3000000203357434,10,0,0,262,0.03900709219858156,0.001773368791378653,0.07875669376474773,0.0,0,timeout 10%,0.0,0
dropout,0.1,raw,12,14.300000000000068,0.3000000104303835,40,0,0,236,0.13986013986013987,0.0018305250738301676,0.03354296029430016,0.19230769230769232,0,timeout 10%,0.0,0
dropout,0.1,raw,13,14.100000000000065,0.3000000203357434,8,0,0,264,0.028368794326241134,0.0022386162361131205,0.03740179781357382,0.0,0,timeout 10%,0.0,0
dropout,0.1,raw,14,14.100000000000065,0.3000000203357434,11,0,0,261,0.03900709219858156,0.0021439786112083473,0.033040434392155926,0.04964539007092199,0,timeout 10%,0.0,0
dropout,0.1,raw,15,14.300000000000068,0.3000000104303835,9,0,0,267,0.03146853146853147,0.002233159570928295,0.025431984936276714,0.0,0,timeout 10%,0.0,0
dropout,0.1,raw,16,12.500000000000043,0.30000424559074956,23,0,0,217,0.092,0.00248807893295077,0.21934977700629835,0.128,0,timeout 10%,0.0,0
dropout,0.1,raw,17,14.300000000000068,0.3000000104303835,20,0,0,256,0.06993006993006994,0.002496916185022653,0.0471041386989711,0.06993006993006994,0,timeout 10%,0.0,0
dropout,0.1,raw,18,14.300000000000068,0.3000000104303835,25,0,0,251,0.08741258741258741,0.0022733374788745354,0.04936191480330233,0.07342657342657342,0,timeout 10%,0.0,0
dropout,0.1,raw,19,14.300000000000068,0.3000000104303835,24,0,0,252,0.11538461538461539,0.00213235906745837,0.15983941689807213,0.08741258741258741,0,timeout 10%,0.0,0
dropout,0.1,raw,20,14.300000000000068,0.3000000104303835,4,0,0,272,0.017482517482517484,0.0026757913624790215,0.027510201639326774,0.0,0,timeout 10%,0.0,0
dropout,0.1,raw,21,12.700000000000045,0.30000217760135917,27,0,0,217,0.1062992125984252,0.0021746245574375857,0.13955517784342547,0.14173228346456693,0,timeout 10%,0.0,0
dropout,0.1,raw,22,14.300000000000068,0.3000000104303835,6,0,0,270,0.02097902097902098,0.0025118305949810007,0.0279178376211034,0.0,0,timeout 10%,0.0,0
dropout,0.1,raw,23,14.300000000000068,0.3000000104303835,17,0,0,259,0.05944055944055944,0.002532629425185664,0.02659472813094022,0.06293706293706294,0,timeout 10%,0.0,0
dropout,0.1,raw,24,14.300000000000068,0.3000000104303835,9,0,0,267,0.05244755244755245,0.0024048924380033394,0.0342398951306704,0.0,0,timeout 10%,0.0,0
dropout,0.1,raw,25,14.300000000000068,0.3000000104303835,11,0,0,265,0.04195804195804196,0.0019756782061052585,0.026844700083833432,0.0,0,timeout 10%,0.0,0
dropout,0.1,raw,26,14.300000000000068,0.3000000104303835,25,0,0,251,0.08741258741258741,0.002668102958054565,0.099872218755509,0.07342657342657342,0,timeout 10%,0.0,0
dropout,0.1,raw,27,14.100000000000065,0.3000000203357434,3,0,0,269,0.010638297872340425,0.0020535445809028753,0.02806596166038018,0.0,0,timeout 10%,0.0,0
dropout,0.1,raw,28,14.100000000000065,0.3000000203357434,8,0,0,264,0.028368794326241134,0.0021529773851447173,0.026761725703012128,0.0,0,timeout 10%,0.0,0
dropout,0.1,raw,29,14.100000000000065,0.300000020698882,8,0,0,264,0.028368794326241134,0.00243918328216239,0.027975690564834437,0.04609929078014184,0,timeout 10%,0.0,0
dropout,0.1,raw,30,12.100000000000037,0.30001613829396373,16,0,0,216,0.06611570247933884,0.0024034702374021773,0.16356754369033014,0.06611570247933884,0,timeout 10%,0.0,0
dropout,0.1,raw,31,14.100000000000065,0.3000000203357434,30,0,0,242,0.10638297872340426,0.0019057854263403208,0.04655506421119385,0.1347517730496454,0,timeout 10%,0.0,0
dropout,0.1,raw,32,13.300000000000054,0.30000029383201743,14,0,0,242,0.05639097744360902,0.0021942801831139978,0.05707375850545994,0.04887218045112782,0,timeout 10%,0.0,0
dropout,0.1,raw,33,14.300000000000068,0.3000000104303835,9,0,0,267,0.04895104895104895,0.0018004140236596796,0.03395398723455502,0.02097902097902098,0,timeout 10%,0.0,0
dropout,0.1,raw,34,14.100000000000065,0.3000000203357434,37,0,0,235,0.13120567375886524,0.0018288760851096733,0.04182954918692935,0.08865248226950355,0,timeout 10%,0.0,0
dropout,0.1,raw,35,14.300000000000068,0.3000000104303835,10,0,0,266,0.03496503496503497,0.002260449454714817,0.030710298624100713,0.0,0,timeout 10%,0.0,0
dropout,0.1,raw,36,14.300000000000068,0.3000000104303835,6,0,0,270,0.02097902097902098,0.0015829903684762647,0.027489374007576686,0.0,0,timeout 10%,0.0,0
dropout,0.1,raw,37,14.100000000000065,0.3000000203357434,33,0,0,239,0.11702127659574468,0.0021837176052698286,0.16430303871961782,0.15602836879432624,0,timeout 10%,0.0,0
dropout,0.1,raw,38,14.300000000000068,0.3000000104303835,16,0,0,260,0.055944055944055944,0.002185536910063832,0.027268320953258925,0.04895104895104895,0,timeout 10%,0.0,0
dropout,0.1,raw,39,14.300000000000068,0.3000000104303835,33,0,0,243,0.14335664335664336,0.0018879446026829618,0.21691908789448747,0.15734265734265734,0,timeout 10%,0.0,0
dropout,0.1,median,0,13.900000000000063,0.30000003964786687,9,0,0,259,0.03237410071942446,0.002105631462735015,0.067467564540649,0.0,0,timeout 10%,0.0,0
dropout,0.1,median,1,13.70000000000006,0.3000000773000178,6,0,0,258,0.021897810218978103,0.001813451797704737,0.06596221388453945,0.0,0,timeout 10%,0.0,0
dropout,0.1,median,2,13.70000000000006,0.3000000773000178,22,0,0,242,0.08029197080291971,0.002331215841930809,0.08672278166147523,0.072992700729927,0,timeout 10%,0.0,0
dropout,0.1,median,3,13.900000000000063,0.30000003964786687,17,2,0,249,0.06115107913669065,0.002410712018080654,0.062164356612614026,0.07553956834532374,0,timeout 10%,0.0,0
dropout,0.1,median,4,13.900000000000063,0.30000003964786687,25,0,0,243,0.08992805755395683,0.002382968854453826,0.09733179713287146,0.08633093525179857,0,timeout 10%,0.0,0
dropout,0.1,median,5,13.70000000000006,0.3000000773000178,12,0,0,252,0.043795620437956206,0.0019233787820663957,0.06674720483879727,0.014598540145985401,0,timeout 10%,0.0,0
dropout,0.1,median,6,13.900000000000063,0.30000003964786687,7,2,0,259,0.03597122302158273,0.0020992783849289255,0.06704499103740066,0.05755395683453238,0,timeout 10%,0.0,0
dropout,0.1,median,7,11.900000000000034,0.3000314642487334,16,4,0,208,0.06722689075630252,0.0019467856596906495,0.23612466253417386,0.11764705882352941,0,timeout 10%,0.0,0
dropout,0.1,median,8,13.70000000000006,0.3000000773000178,12,2,0,250,0.05474452554744526,0.0025675463033384698,0.06767367802845575,0.06204379562043796,0,timeout 10%,0.0,0
dropout,0.1,median,9,13.70000000000006,0.3000000773000178,15,0,0,249,0.058394160583941604,0.002311451303933414,0.09134297241661164,0.06569343065693431,0,timeout 10%,0.0,0
dropout,0.1,median,10,13.900000000000063,0.30000003964786687,27,2,0,239,0.10431654676258993,0.0018527521441241996,0.136804480161262,0.09712230215827339,0,timeout 10%,0.0,0
dropout,0.1,median,11,13.70000000000006,0.3000000773000178,10,2,0,252,0.0364963503649635,0.0018091387136329167,0.15042920194326684,0.06569343065693431,0,timeout 10%,0.0,0
dropout,0.1,median,12,13.900000000000063,0.30000003964786687,38,4,0,226,0.14388489208633093,0.0018635578341956755,0.07344043279429223,0.21942446043165467,0,timeout 10%,0.0,0
dropout,0.1,median,13,12.900000000000048,0.3000011169111525,8,0,0,240,0.031007751937984496,0.002385916312979171,0.11962419430648266,0.0,0,timeout 10%,0.0,0
dropout,0.1,median,14,13.70000000000006,0.3000000773000178,11,0,0,253,0.040145985401459854,0.0021822780177082357,0.08014501116431752,0.051094890510948905,0,timeout 10%,0.0,0
dropout,0.1,median,15,13.900000000000063,0.30000003964786687,9,0,0,259,0.03237410071942446,0.0022691196264454003,0.06394699490240953,0.0,0,timeout 10%,0.0,0
dropout,0.1,median,16,12.100000000000037,0.30001613829396373,23,4,0,205,0.09504132231404959,0.002548330531526324,0.3237091865741455,0.14049586776859505,0,timeout 10%,0.0,0
dropout,0.1,median,17,13.900000000000063,0.30000003964786687,20,0,0,248,0.07194244604316546,0.0025767167999107606,0.09504914780691377,0.07553956834532374,0,timeout 10%,0.0,0
dropout,0.1,median,18,13.900000000000063,0.30000003964786687,25,0,0,243,0.08992805755395683,0.002312341653731917,0.08897010818088957,0.08992805755395683,0,timeout 10%,0.0,0
dropout,0.1,median,19,10.300000000000011,0.30656893993049206,18,2,0,177,0.11650485436893204,0.0026924381506767355,0.5621892032931847,0.12135922330097088,0,timeout 10%,0.0,0
dropout,0.1,median,20,13.900000000000063,0.30000003964786687,4,0,0,264,0.014388489208633094,0.002750056582012449,0.06180269709908009,0.0,0,timeout 10%,0.0,0
dropout,0.1,median,21,12.30000000000004,0.3000082774749663,27,2,0,207,0.10975609756097561,0.0022215856311128017,0.23593016901586542,0.15447154471544716,0,timeout 10%,0.0,0
dropout,0.1,median,22,13.900000000000063,0.30000003964786687,4,0,0,264,0.02158273381294964,0.002560296948945638,0.06969873464818446,0.007194244604316547,0,timeout 10%,0.0,0
dropout,0.1,median,23,13.900000000000063,0.30000003964786687,17,2,0,249,0.06115107913669065,0.0025936752425991657,0.11405381413636088,0.07194244604316546,0,timeout 10%,0.0,0
dropout,0.1,median,24,13.900000000000063,0.30000003964786687,9,0,0,259,0.03237410071942446,0.0024422735441782923,0.07832092023895847,0.0,0,timeout 10%,0.0,0
dropout,0.1,median,25,13.900000000000063,0.30000003964786687,11,3,0,254,0.039568345323741004,0.001991252061126195,0.060627672369470226,0.046762589928057555,0,timeout 10%,0.0,0
dropout,0.1,median,26,13.900000000000063,0.30000003964786687,24,3,0,241,0.08992805755395683,0.00272844847632803,0.18355656676836965,0.08273381294964029,0,timeout 10%,0.0,0
dropout,0.1,median,27,13.70000000000006,0.3000000773000178,3,0,0,261,0.010948905109489052,0.002078671688737063,0.06944396938949034,0.0036496350364963502,0,timeout 10%,0.0,0
dropout,0.1,median,28,13.70000000000006,0.3000000773000178,8,0,0,256,0.029197080291970802,0.0022108718020928124,0.07150777158744337,0.0036496350364963502,0,timeout 10%,0.0,0
dropout,0.1,median,29,13.70000000000006,0.3000000773000178,8,0,0,256,0.029197080291970802,0.0024737991901646692,0.07681860539646994,0.04744525547445255,0,timeout 10%,0.0,0
dropout,0.1,median,30,11.700000000000031,0.3000613447089147,16,2,0,206,0.06837606837606838,0.0024388768976025955,0.27487213210663924,0.07692307692307693,0,timeout 10%,0.0,0
dropout,0.1,median,31,13.70000000000006,0.3000000773000178,30,0,0,234,0.10948905109489052,0.0019410215222694055,0.10200757547586564,0.1386861313868613,0,timeout 10%,0.0,0
dropout,0.1,median,32,12.900000000000048,0.3000011169111525,14,1,0,233,0.05813953488372093,0.002229729360429094,0.13085855196500548,0.050387596899224806,0,timeout 10%,0.0,0
dropout,0.1,median,33,13.900000000000063,0.30000003964786687,6,0,0,262,0.039568345323741004,0.0018058631844479218,0.06865277519517604,0.0035971223021582736,0,timeout 10%,0.0,0
dropout,0.1,median,34,13.70000000000006,0.3000000773000178,37,1,0,226,0.13503649635036497,0.001869980704009289,0.08281804244074262,0.09854014598540146,0,timeout 10%,0.0,0
dropout,0.1,median,35,13.900000000000063,0.30000003964786687,10,0,0,258,0.03597122302158273,0.002311097837179866,0.07702325740394508,0.0,0,timeout 10%,0.0,0
dropout,0.1,median,36,13.900000000000063,0.30000003964786687,6,0,0,262,0.02158273381294964,0.0016105299508831288,0.06250915852062666,0.0,0,timeout 10%,0.0,0
dropout,0.1,median,37,10.100000000000009,0.312807224673872,31,2,0,160,0.15346534653465346,0.002873223925715935,0.6125224824960476,0.22277227722772278,0,timeout 10%,0.0,0
dropout,0.1,median,38,13.900000000000063,0.30000003964786687,16,2,0,250,0.05755395683453238,0.0022186172125252023,0.06186080576542989,0.06115107913669065,0,timeout 10%,0.0,0
dropout,0.1,median,39,13.900000000000063,0.30000003964786687,30,4,0,234,0.12589928057553956,0.0018907068104608074,0.3130038959716681,0.1474820143884892,0,timeout 10%,0.0,0
dropout,0.1,mad,0,14.300000000000068,0.3000000104303835,9,3,0,264,0.03146853146853147,0.0020605400495961167,0.03303057390991113,0.0,0,timeout 10%,0.0,0
dropout,0.1,mad,1,14.100000000000065,0.3000000203357434,6,5,0,261,0.03546099290780142,0.0017708053606226165,0.03161455341733258,0.0,0,timeout 10%,0.0,0
dropout,0.1,mad,2,14.100000000000065,0.3000000203357434,22,3,0,247,0.08156028368794327,0.002267659629627376,0.05424486933537386,0.07092198581560284,0,timeout 10%,0.0,0
dropout,0.1,mad,3,14.300000000000068,0.3000000104303835,17,9,0,250,0.05944055944055944,0.0023670549673011298,0.028265637357520513,0.08041958041958042,0,timeout 10%,0.0,0
dropout,0.1,mad,4,14.300000000000068,0.3000000104303835,25,4,0,247,0.08741258741258741,0.002330658486461627,0.0561948491005723,0.05944055944055944,0,timeout 10%,0.0,0
dropout,0.1,mad,5,14.100000000000065,0.3000000203357434,12,0,0,260,0.05673758865248227,0.0018951391305312539,0.03601024992288473,0.0,0,timeout 10%,0.0,0
dropout,0.1,mad,6,14.300000000000068,0.3000000104303835,10,2,0,264,0.03496503496503497,0.0020671040064150297,0.02959652720247814,0.045454545454545456,0,timeout 10%,0.0,0
dropout,0.1,mad,7,11.900000000000034,0.3000325177393698,16,5,0,207,0.06722689075630252,0.001946979047938396,0.2350654425515163,0.07142857142857142,0,timeout 10%,0.0,0
dropout,0.1,mad,8,14.100000000000065,0.3000000203357434,15,11,0,246,0.05319148936170213,0.0025355035246481714,0.03929638143382172,0.07092198581560284,0,timeout 10%,0.0,0
dropout,0.1,mad,9,14.100000000000065,0.3000000203357434,16,9,0,247,0.05673758865248227,0.0022742634757259655,0.08761126270060826,0.09219858156028368,0,timeout 10%,0.0,0
dropout,0.1,mad,10,14.300000000000068,0.3000000104303835,29,8,0,239,0.10139860139860139,0.0018050491036421881,0.08322003036229476,0.13636363636363635,0,timeout 10%,0.0,0
dropout,0.1,mad,11,14.100000000000065,0.3000000203357434,10,2,0,260,0.03900709219858156,0.001773368791378653,0.0803174816317855,0.0,0,timeout 10%,0.0,0
dropout,0.1,mad,12,14.300000000000068,0.3000000104303835,40,9,0,227,0.13986013986013987,0.0018305250738301676,0.043881144855521845,0.1993006993006993,0,timeout 10%,0.0,0
dropout,0.1,mad,13,14.100000000000065,0.3000000203357434,8,3,0,261,0.028368794326241134,0.0022386162361131205,0.039163402358936776,0.0,0,timeout 10%,0.0,0
dropout,0.1,mad,14,14.100000000000065,0.3000000203357434,11,4,0,257,0.03900709219858156,0.0021439786112083473,0.04253920049940205,0.05319148936170213,0,timeout 10%,0.0,0
dropout,0.1,mad,15,14.300000000000068,0.3000000104303835,9,3,0,264,0.03146853146853147,0.002233159570928295,0.034696186300928106,0.045454545454545456,0,timeout 10%,0.0,0
dropout,0.1,mad,16,12.100000000000037,0.30001613829396373,23,10,0,199,0.09504132231404959,0.002548330531526324,0.7717954459343013,0.14049586776859505,0,timeout 10%,0.0,0
dropout,0.1,mad,17,14.300000000000068,0.3000000104303835,20,7,0,249,0.06993006993006994,0.002496916185022653,0.05141297025990408,0.08041958041958042,0,timeout 10%,0.0,0
dropout,0.1,mad,18,14.300000000000068,0.3000000104303835,25,15,0,236,0.08741258741258741,0.0022733374788745354,0.08223446516038986,0.17832167832167833,0,timeout 10%,0.0,0
dropout,0.1,mad,19,14.300000000000068,0.3000000104303835,24,3,0,249,0.11538461538461539,0.00213235906745837,0.1615368305349895,0.12237762237762238,0,timeout 10%,0.0,0
dropout,0.1,mad,20,14.300000000000068,0.3000000104303835,4,2,0,270,0.017482517482517484,0.0026757913624790215,0.032217849444547246,0.0,0,timeout 10%,0.0,0
dropout,0.1,mad,21,12.100000000000037,0.3000164264778361,27,8,0,197,0.1115702479338843,0.0022632265521773257,0.2737974216285116,0.2024793388429752,0,timeout 10%,0.0,0
dropout,0.1,mad,22,14.300000000000068,0.3000000104303835,6,4,0,266,0.02097902097902098,0.0025118305949810007,0.03163853477837089,0.0034965034965034965,0,timeout 10%,0.0,0
dropout,0.1,mad,23,14.300000000000068,0.3000000104303835,17,7,0,252,0.05944055944055944,0.002532629425185664,0.21950419011493147,0.07692307692307693,0,timeout 10%,0.0,0
dropout,0.1,mad,24,14.300000000000068,0.3000000104303835,9,3,0,264,0.05244755244755245,0.0024048924380033394,0.0342398951306704,0.0,0,timeout 10%,0.0,0
dropout,0.1,mad,25,14.300000000000068,0.3000000104303835,11,3,0,262,0.04195804195804196,0.0019756782061052585,0.03405501213896506,0.0,0,timeout 10%,0.0,0
dropout,0.1,mad,26,14.300000000000068,0.3000000104303835,25,1,0,250,0.08741258741258741,0.002668102958054565,0.10112319177464528,0.07692307692307693,0,timeout 10%,0.0,0
dropout,0.1,mad,27,14.100000000000065,0.3000000203357434,3,5,0,264,0.010638297872340425,0.0020535445809028753,0.03265600245050675,0.0,0,timeout 10%,0.0,0
dropout,0.1,mad,28,14.100000000000065,0.3000000203357434,8,4,0,260,0.028368794326241134,0.0021529773851447173,0.030899445112051397,0.0,0,timeout 10%,0.0,0
dropout,0.1,mad,29,14.100000000000065,0.300000020698882,8,5,0,259,0.028368794326241134,0.00243918328216239,0.036085062882612685,0.04609929078014184,0,timeout 10%,0.0,0
dropout,0.1,mad,30,11.100000000000023,0.3004546281617371,16,12,0,184,0.07207207207207207,0.002552132548148024,0.3861163151223344,0.10810810810810811,0,timeout 10%,0.0,0
dropout,0.1,mad,31,14.100000000000065,0.3000000203357434,30,7,0,235,0.10638297872340426,0.0019057854263403208,0.13778671630489706,0.14184397163120568,0,timeout 10%,0.0,0
dropout,0.1,mad,32,13.300000000000054,0.30000029383201743,14,4,0,238,0.05639097744360902,0.0021942801831139978,0.0622209591651329,0.04887218045112782,0,timeout 10%,0.0,0
dropout,0.1,mad,33,14.300000000000068,0.3000000104303835,9,4,0,263,0.04895104895104895,0.0018004140236596796,0.05301932579663803,0.02097902097902098,0,timeout 10%,0.0,0
dropout,0.1,mad,34,14.100000000000065,0.3000000203357434,37,7,0,228,0.13120567375886524,0.0018288760851096733,0.061293387017877565,0.16312056737588654,0,timeout 10%,0.0,0
dropout,0.1,mad,35,14.300000000000068,0.3000000104303835,10,7,0,259,0.03496503496503497,0.002260449454714817,0.04452832170520628,0.045454545454545456,0,timeout 10%,0.0,0
dropout,0.1,mad,36,14.300000000000068,0.3000000104303835,6,1,0,269,0.02097902097902098,0.0015829903684762647,0.029879606849535206,0.0,0,timeout 10%,0.0,0
dropout,0.1,mad,37,14.100000000000065,0.3000000203357434,33,5,0,234,0.11702127659574468,0.0021837176052698286,0.16945677388839536,0.16666666666666666,0,timeout 10%,0.0,0
dropout,0.1,mad,38,14.300000000000068,0.3000000104303835,16,2,0,258,0.055944055944055944,0.002185536910063832,0.03820293841584117,0.055944055944055944,0,timeout 10%,0.0,0
dropout,0.1,mad,39,13.300000000000054,0.30000029383201743,30,8,0,218,0.11278195488721804,0.0019515143161345856,0.42802529450856774,0.16541353383458646,0,timeout 10%,0.0,0
dropout,0.1,kf,0,14.300000000000068,0.3000000104303835,9,0,0,267,0.03146853146853147,0.0020605400495961167,0.018424541755338076,0.0,0,timeout 10%,0.0,0
dropout,0.1,kf,1,14.100000000000065,0.3000000203357434,6,0,0,266,0.03546099290780142,0.0017708053606226165,0.016554116005363342,0.0,0,timeout 10%,0.0,0
dropout,0.1,kf,2,14.100000000000065,0.3000000203357434,22,0,0,250,0.08156028368794327,0.002267659629627376,0.02171887500364104,0.0673758865248227,0,timeout 10%,0.0,0
dropout,0.1,kf,3,14.300000000000068,0.3000000104303835,17,0,0,259,0.05944055944055944,0.0023670549673011298,0.01708741902363011,0.06293706293706294,0,timeout 10%,0.0,0
dropout,0.1,kf,4,14.300000000000068,0.3000000104303835,25,0,0,251,0.08741258741258741,0.002330658486461627,0.016205899443327672,0.05944055944055944,0,timeout 10%,0.0,0
dropout,0.1,kf,5,14.300000000000068,0.3000000104303835,12,0,0,264,0.05944055944055944,0.0018837091764564258,0.015721757678900085,0.0034965034965034965,0,timeout 10%,0.0,0
dropout,0.1,kf,6,14.100000000000065,0.3000000203357434,10,0,0,262,0.03546099290780142,0.002084297575785855,0.016788494241982636,0.010638297872340425,0,timeout 10%,0.0,0
dropout,0.1,kf,7,14.300000000000068,0.3000000104303835,16,0,0,260,0.055944055944055944,0.0017153926178422301,0.014487238236188847,0.05244755244755245,0,timeout 10%,0.0,0
dropout,0.1,kf,8,14.100000000000065,0.3000000203357434,15,0,0,257,0.05319148936170213,0.0025355035246481714,0.019158795568569524,0.06028368794326241,0,timeout 10%,0.0,0
dropout,0.1,kf,9,14.100000000000065,0.3000000203357434,16,0,0,256,0.05673758865248227,0.0022742634757259655,0.030498084229533852,0.09219858156028368,0,timeout 10%,0.0,0
dropout,0.1,kf,10,14.300000000000068,0.3000000104303835,29,0,0,247,0.10139860139860139,0.0018050491036421881,0.01869069881831835,0.09090909090909091,0,timeout 10%,0.0,0
dropout,0.1,kf,11,14.100000000000065,0.3000000203357434,10,0,0,262,0.03900709219858156,0.001773368791378653,0.02015949365034691,0.0,0,timeout 10%,0.0,0
dropout,0.1,kf,12,14.300000000000068,0.3000000104303835,40,0,0,236,0.13986013986013987,0.0018305250738301676,0.0282088724463986,0.1958041958041958,0,timeout 10%,0.0,0
dropout,0.1,kf,13,14.300000000000068,0.3000000104303835,8,0,0,268,0.027972027972027972,0.0022139072288721666,0.01783394856524234,0.0,0,timeout 10%,0.0,0
dropout,0.1,kf,14,14.100000000000065,0.3000000203357434,11,0,0,261,0.03900709219858156,0.0021439786112083473,0.015336765276055033,0.04964539007092199,0,timeout 10%,0.0,0
dropout,0.1,kf,15,14.300000000000068,0.3000000104303835,9,0,0,267,0.03146853146853147,0.002233159570928295,0.017060882061974522,0.0,0,timeout 10%,0.0,0
dropout,0.1,kf,16,14.100000000000065,0.3000000203357434,26,0,0,246,0.09574468085106383,0.0022831856045807597,0.01658645319787561,0.1276595744680851,0,timeout 10%,0.0,0
dropout,0.1,kf,17,14.300000000000068,0.3000000104303835,20,0,0,256,0.06993006993006994,0.002496916185022653,0.025073019349221803,0.06993006993006994,0,timeout 10%,0.0,0
dropout,0.1,kf,18,14.300000000000068,0.3000000104303835,25,0,0,251,0.08741258741258741,0.0022733374788745354,0.01737532580360808,0.07692307692307693,0,timeout 10%,0.0,0
dropout,0.1,kf,19,14.300000000000068,0.3000000104303835,24,0,0,252,0.11538461538461539,0.00213235906745837,0.03321432867898506,0.08741258741258741,0,timeout 10%,0.0,0
dropout,0.1,kf,20,14.300000000000068,0.3000000104303835,4,0,0,272,0.017482517482517484,0.0026757913624790215,0.01863643391688006,0.0,0,timeout 10%,0.0,0
dropout,0.1,kf,21,14.300000000000068,0.3000000104303835,27,0,0,249,0.0944055944055944,0.002021286956789476,0.016386004435109156,0.12937062937062938,0,timeout 10%,0.0,0
dropout,0.1,kf,22,14.300000000000068,0.3000000104303835,6,0,0,270,0.02097902097902098,0.0025118305949810007,0.01857893105986439,0.0034965034965034965,0,timeout 10%,0.0,0
dropout,0.1,kf,23,14.300000000000068,0.3000000104303835,17,0,0,259,0.05944055944055944,0.002532629425185664,0.014837734521265895,0.06293706293706294,0,timeout 10%,0.0,0
dropout,0.1,kf,24,14.300000000000068,0.3000000104303835,9,0,0,267,0.05244755244755245,0.0024048924380033394,0.01705059273252008,0.0,0,timeout 10%,0.0,0
dropout,0.1,kf,25,14.300000000000068,0.3000000104303835,11,0,0,265,0.04195804195804196,0.0019756782061052585,0.016787185318179087,0.0,0,timeout 10%,0.0,0
dropout,0.1,kf,26,14.300000000000068,0.3000000104303835,25,0,0,251,0.08741258741258741,0.002668102958054565,0.016025632520788407,0.07692307692307693,0,timeout 10%,0.0,0
dropout,0.1,kf,27,14.100000000000065,0.3000000203357434,3,0,0,269,0.010638297872340425,0.0020535445809028753,0.01743089702320853,0.0,0,timeout 10%,0.0,0
dropout,0.1,kf,28,14.100000000000065,0.3000000203357434,8,0,0,264,0.028368794326241134,0.0021529773851447173,0.016378976206335702,0.0,0,timeout 10%,0.0,0
dropout,0.1,kf,29,14.300000000000068,0.3000000104303835,8,0,0,268,0.027972027972027972,0.002417646864686418,0.017590487502011202,0.045454545454545456,0,timeout 10%,0.0,0
dropout,0.1,kf,30,14.300000000000068,0.3000000104303835,25,0,0,251,0.08741258741258741,0.0021964273593912806,0.019873025370243592,0.10839160839160839,0,timeout 10%,0.0,0
dropout,0.1,kf,31,14.100000000000065,0.3000000203357434,30,0,0,242,0.10638297872340426,0.0019057854263403208,0.01994720521896784,0.1347517730496454,0,timeout 10%,0.0,0
dropout,0.1,kf,32,14.300000000000068,0.3000000104303835,15,0,0,261,0.05244755244755245,0.0020944071423639825,0.017652519300302566,0.045454545454545456,0,timeout 10%,0.0,0
dropout,0.1,kf,33,14.100000000000065,0.3000000203357434,7,0,0,265,0.04964539007092199,0.0017948527227696393,0.01625843753237292,0.0070921985815602835,0,timeout 10%,0.0,0
dropout,0.1,kf,34,14.100000000000065,0.3000000203357434,37,0,0,235,0.13120567375886524,0.0018288760851096733,0.017109053256905704,0.08865248226950355,0,timeout 10%,0.0,0
dropout,0.1,kf,35,14.100000000000065,0.3000000203357434,10,0,0,262,0.03546099290780142,0.0022879298303677283,0.015985501037377267,0.0,0,timeout 10%,0.0,0
dropout,0.1,kf,36,14.300000000000068,0.3000000104303835,6,0,0,270,0.02097902097902098,0.0015829903684762647,0.015029270524643019,0.0,0,timeout 10%,0.0,0
dropout,0.1,kf,37,14.100000000000065,0.3000000203357434,33,0,0,239,0.11702127659574468,0.0021837176052698286,0.014543323293604816,0.15602836879432624,0,timeout 10%,0.0,0
dropout,0.1,kf,38,14.300000000000068,0.3000000104303835,16,0,0,260,0.055944055944055944,0.002185536910063832,0.017526764015685602,0.05244755244755245,0,timeout 10%,0.0,0
dropout,0.1,kf,39,14.500000000000071,0.3000000053498363,37,0,0,243,0.1413793103448276,0.0018944967809012335,0.03115489153329302,0.16896551724137931,0,timeout 10%,0.0,0
dropout,0.1,kf_fallback,0,15.050000000000079,0.30000000655990927,9,0,0,282,0.029900332225913623,0.0020228873058221186,0.017822778117252636,0.0,0,timeout 10%,0.0,0
dropout,0.1,kf_fallback,1,15.250000000000082,0.30000000048813763,14,0,0,281,0.04918032786885246,0.0017330433390533658,0.015960727058147932,0.02622950819672131,0,timeout 10%,0.0,0
dropout,0.1,kf_fallback,2,14.850000000000076,0.300000015564987,28,0,0,259,0.10437710437710437,0.0023729020290938997,0.02558938036156432,0.09427609427609428,0,timeout 10%,0.0,0
dropout,0.1,kf_fallback,3,16.050000000000093,0.30000001185411607,24,0,0,287,0.07476635514018691,0.0023454690440651437,0.016841569086263147,0.08411214953271028,0,timeout 10%,0.0,0
dropout,0.1,kf_fallback,4,14.300000000000068,0.3000000104303835,25,0,0,251,0.08741258741258741,0.002330658486461627,0.016205899443327672,0.05944055944055944,0,timeout 10%,0.0,0
dropout,0.1,kf_fallback,5,15.000000000000078,0.3000000089912798,17,0,0,273,0.06,0.0018765100273783533,0.016081863738063692,0.013333333333333334,0,timeout 10%,0.0,0
dropout,0.1,kf_fallback,6,15.10000000000008,0.3000000093051279,10,0,0,282,0.04304635761589404,0.0020434420278419864,0.018646983777267787,0.0033112582781456954,0,timeout 10%,0.0,0
dropout,0.1,kf_fallback,7,16.5500000000001,0.3000000011522253,16,0,0,305,0.04833836858006042,0.0016042384778527333,0.016237495298605083,0.045317220543806644,0,timeout 10%,0.0,0
dropout,0.1,kf_fallback,8,15.10000000000008,0.300000020145764,15,0,0,277,0.04966887417218543,0.0024962418063541525,0.017819621642510844,0.04966887417218543,0,timeout 10%,0.0,0
dropout,0.1,kf_fallback,9,14.100000000000065,0.3000000203357434,16,0,0,256,0.05673758865248227,0.0022742634757259655,0.030498084229533852,0.09219858156028368,0,timeout 10%,0.0,0
dropout,0.1,kf_fallback,10,15.10000000000008,0.30000000079444444,29,0,0,263,0.09602649006622517,0.00176086808503311,0.022752828850138344,0.06622516556291391,0,timeout 10%,0.0,0
dropout,0.1,kf_fallback,11,15.200000000000081,0.3000000005871926,11,0,0,283,0.03618421052631579,0.0017003569400737828,0.01694368209305517,0.003289473684210526,0,timeout 10%,0.0,0
dropout,0.1,kf_fallback,12,16.250000000000096,0.30000000901348056,47,0,0,268,0.1476923076923077,0.0017963699221669339,0.029288683886154212,0.16923076923076924,0,timeout 10%,0.0,0
dropout,0.1,kf_fallback,13,15.350000000000083,0.3000000003862933,8,0,0,289,0.026058631921824105,0.0021318154658016004,0.019450903098148068,0.003257328990228013,0,timeout 10%,0.0,0
dropout,0.1,kf_fallback,14,14.100000000000065,0.3000000203357434,11,0,0,261,0.03900709219858156,0.0021439786112083473,0.015336765276055033,0.04964539007092199,0,timeout 10%,0.0,0
dropout,0.1,kf_fallback,15,14.300000000000068,0.3000000104303835,9,0,0,267,0.03146853146853147,0.002233159570928295,0.017060882061974522,0.0,0,timeout 10%,0.0,0
dropout,0.1,kf_fallback,16,16.5000000000001,0.30000000086333944,37,0,0,283,0.12424242424242424,0.002159618691081744,0.017607487786912273,0.1484848484848485,0,timeout 10%,0.0,0
dropout,0.1,kf_fallback,17,15.200000000000081,0.3000000005871926,24,0,0,270,0.09868421052631579,0.0024565440515590693,0.028990461648221263,0.08881578947368421,0,timeout 10%,0.0,0
dropout,0.1,kf_fallback,18,14.300000000000068,0.3000000104303835,25,0,0,251,0.08741258741258741,0.0022733374788745354,0.01737532580360808,0.07692307692307693,0,timeout 10%,0.0,0
dropout,0.1,kf_fallback,19,14.300000000000068,0.3000000104303835,24,0,0,252,0.11538461538461539,0.00213235906745837,0.03321432867898506,0.08741258741258741,0,timeout 10%,0.0,0
dropout,0.1,kf_fallback,20,14.300000000000068,0.3000000104303835,4,0,0,272,0.017482517482517484,0.0026757913624790215,0.01863643391688006,0.0,0,timeout 10%,0.0,0
dropout,0.1,kf_fallback,21,14.600000000000072,0.3000000038782828,27,0,0,255,0.09246575342465753,0.00199797683125143,0.016155095928667648,0.1267123287671233,0,timeout 10%,0.0,0
dropout,0.1,kf_fallback,22,14.300000000000068,0.3000000104303835,6,0,0,270,0.02097902097902098,0.0025118305949810007,0.01857893105986439,0.0034965034965034965,0,timeout 10%,0.0,0
dropout,0.1,kf_fallback,23,15.500000000000085,0.30000000635671126,17,0,0,283,0.054838709677419356,0.0024508403563571557,0.014688542772107571,0.06129032258064516,0,timeout 10%,0.0,0
dropout,0.1,kf_fallback,24,15.600000000000087,0.30000000021867074,20,0,0,282,0.08653846153846154,0.002374567105115428,0.01698310304427089,0.08012820512820513,0,timeout 10%,0.0,0
dropout,0.1,kf_fallback,25,16.000000000000092,0.30000000425414514,19,0,0,291,0.059375,0.002062195329983271,0.01855949862418056,0.040625,0,timeout 10%,0.0,0
dropout,0.1,kf_fallback,26,16.4500000000001,0.3000000000772356,25,0,0,294,0.07598784194528875,0.0024458024203014663,0.016880955421273654,0.06382978723404255,0,timeout 10%,0.0,0
dropout,0.1,kf_fallback,27,14.100000000000065,0.3000000203357434,3,0,0,269,0.010638297872340425,0.0020535445809028753,0.01743089702320853,0.0,0,timeout 10%,0.0,0
dropout,0.1,kf_fallback,28,14.100000000000065,0.3000000203357434,8,0,0,264,0.028368794326241134,0.0021529773851447173,0.016378976206335702,0.0,0,timeout 10%,0.0,0
dropout,0.1,kf_fallback,29,14.300000000000068,0.3000000104303835,8,0,0,268,0.027972027972027972,0.002417646864686418,0.017590487502011202,0.045454545454545456,0,timeout 10%,0.0,0
dropout,0.1,kf_fallback,30,14.300000000000068,0.3000000104303835,25,0,0,251,0.08741258741258741,0.0021964273593912806,0.019873025370243592,0.10839160839160839,0,timeout 10%,0.0,0
dropout,0.1,kf_fallback,31,14.100000000000065,0.3000000203357434,30,0,0,242,0.10638297872340426,0.0019057854263403208,0.01994720521896784,0.1347517730496454,0,timeout 10%,0.0,0
dropout,0.1,kf_fallback,32,14.300000000000068,0.3000000104303835,15,0,0,261,0.05244755244755245,0.0020944071423639825,0.017652519300302566,0.045454545454545456,0,timeout 10%,0.0,0
dropout,0.1,kf_fallback,33,14.100000000000065,0.3000000203357434,7,0,0,265,0.04964539007092199,0.0017948527227696393,0.01625843753237292,0.0070921985815602835,0,timeout 10%,0.0,0
dropout,0.1,kf_fallback,34,16.800000000000104,0.30000000027577245,43,0,0,283,0.12797619047619047,0.0017949920638761475,0.01854063721250918,0.09226190476190477,0,timeout 10%,0.0,0
dropout,0.1,kf_fallback,35,15.200000000000081,0.3000000005871926,10,0,0,284,0.03289473684210526,0.002174061525387637,0.016165279432013027,0.0,0,timeout 10%,0.0,0
dropout,0.1,kf_fallback,36,14.300000000000068,0.3000000104303835,6,0,0,270,0.02097902097902098,0.0015829903684762647,0.015029270524643019,0.0,0,timeout 10%,0.0,0
dropout,0.1,kf_fallback,37,14.100000000000065,0.3000000203357434,33,0,0,239,0.11702127659574468,0.0021837176052698286,0.014543323293604816,0.15602836879432624,0,timeout 10%,0.0,0
dropout,0.1,kf_fallback,38,15.500000000000085,0.300000004628833,16,0,0,284,0.05161290322580645,0.0020880836545433307,0.016461075262403303,0.04516129032258064,0,timeout 10%,0.0,0
dropout,0.1,kf_fallback,39,17.20000000000011,0.3000000035339878,48,0,0,286,0.13953488372093023,0.001784834927723314,0.018349351161157157,0.15988372093023256,0,timeout 10%,0.0,0
dropout,0.3,raw,1000,14.300000000000068,0.3000000104303835,72,0,0,204,0.25874125874125875,0.002262428134083797,0.05823306217508225,0.26223776223776224,1,timeout 30%,0.0,0
dropout,0.3,raw,1001,13.500000000000057,0.3000001507090587,62,0,0,198,0.2518518518518518,0.002078280953648348,0.7809418723939069,0.2518518518518518,1,timeout 30%,0.0,0
dropout,0.3,raw,1002,14.300000000000068,0.3000000104303835,37,0,0,239,0.15734265734265734,0.0019564568619940457,0.03522183270676578,0.11188811188811189,1,timeout 30%,0.0,0
dropout,0.3,raw,1003,14.100000000000065,0.3000000203357434,83,0,0,189,0.30141843971631205,0.0023990915393560046,0.10426223998234467,0.35815602836879434,1,timeout 30%,0.0,0
dropout,0.3,raw,1004,13.900000000000063,0.30000003964786687,64,0,0,204,0.2302158273381295,0.0022173201177004484,0.08391501447972366,0.2949640287769784,1,timeout 30%,0.0,0
dropout,0.3,raw,1005,14.100000000000065,0.3000000203357434,49,0,0,223,0.18439716312056736,0.0020772534885495787,0.07227710839049022,0.1879432624113475,1,timeout 30%,0.0,0
dropout,0.3,raw,1006,12.500000000000043,0.30000424559074956,46,0,0,194,0.184,0.0024193079559083,0.14048464934583954,0.248,1,timeout 30%,0.0,0
dropout,0.3,raw,1007,14.100000000000065,0.3000000203357434,64,0,0,208,0.24113475177304963,0.0028897999331874936,0.07604877139206612,0.2765957446808511,1,timeout 30%,0.0,0
dropout,0.3,raw,1008,14.300000000000068,0.3000000104303835,70,0,0,206,0.25524475524475526,0.0025814635435986513,0.15960652052263172,0.3111888111888112,1,timeout 30%,0.0,0
dropout,0.3,raw,1009,14.300000000000068,0.3000000104303835,61,0,0,215,0.21328671328671328,0.0023562281378797087,0.04876951910294663,0.2202797202797203,1,timeout 30%,0.0,0
dropout,0.3,raw,1010,14.100000000000065,0.3000000203357434,54,0,0,218,0.2127659574468085,0.00228200612492578,0.06521957137524052,0.1879432624113475,1,timeout 30%,0.0,0
dropout,0.3,raw,1011,14.100000000000065,0.3000000203357434,56,0,0,216,0.19858156028368795,0.0028513227666872244,0.09867439913692061,0.2375886524822695,1,timeout 30%,0.0,0
dropout,0.3,raw,1012,14.300000000000068,0.3000000104303835,67,0,0,209,0.26223776223776224,0.002699402219852806,0.06357797843842265,0.2937062937062937,1,timeout 30%,0.0,0
dropout,0.3,raw,1013,13.900000000000063,0.30000003964786687,37,0,0,231,0.13309352517985612,0.0021087705996515695,0.07547256479291656,0.13309352517985612,1,timeout 30%,0.0,0
dropout,0.3,raw,1014,14.300000000000068,0.3000000104303835,43,0,0,233,0.1853146853146853,0.0023344211766802127,0.04665321322337099,0.1853146853146853,1,timeout 30%,0.0,0
dropout,0.3,raw,1015,14.300000000000068,0.3000000104303835,73,0,0,203,0.2762237762237762,0.0022364141705007896,0.06002679754452797,0.3776223776223776,1,timeout 30%,0.0,0
dropout,0.3,raw,1016,13.500000000000057,0.3000001507090587,33,0,0,227,0.12962962962962962,0.0021745276353771124,0.06843113786600968,0.10740740740740741,1,timeout 30%,0.0,0
dropout,0.3,raw,1017,14.300000000000068,0.3000000104303835,36,0,0,240,0.1258741258741259,0.002132038773855928,0.04341657696476175,0.11538461538461539,1,timeout 30%,0.0,0
dropout,0.3,raw,1018,14.100000000000065,0.3000000203357434,42,0,0,230,0.18439716312056736,0.0022888900924526007,0.05411991086793954,0.14184397163120568,1,timeout 30%,0.0,0
dropout,0.3,raw,1019,14.100000000000065,0.3000000203357434,68,0,0,204,0.2624113475177305,0.0021490565624585193,0.10091641960843034,0.25886524822695034,1,timeout 30%,0.0,0
dropout,0.3,raw,1020,14.100000000000065,0.3000000203357434,35,0,0,237,0.1347517730496454,0.002590668180951923,0.05337207563707693,0.1702127659574468,1,timeout 30%,0.0,0
dropout,0.3,raw,1021,14.100000000000065,0.3000000203357434,28,0,0,244,0.09929078014184398,0.0025707122279426215,0.03244498093817435,0.08156028368794327,1,timeout 30%,0.0,0
dropout,0.3,raw,1022,13.900000000000063,0.30000003964786687,50,0,0,218,0.17985611510791366,0.001973302046887182,0.06174315825783129,0.17625899280575538,1,timeout 30%,0.0,0
dropout,0.3,raw,1023,13.900000000000063,0.30000003964786687,47,0,0,221,0.16906474820143885,0.002223936180684442,0.04867378353625953,0.17266187050359713,1,timeout 30%,0.0,0
dropout,0.3,raw,1024,14.100000000000065,0.3000000203357434,39,0,0,233,0.13829787234042554,0.0023685851604710274,0.04371721072310009,0.09929078014184398,1,timeout 30%,0.0,0
dropout,0.3,raw,1025,13.900000000000063,0.30000003964786687,48,0,0,220,0.18705035971223022,0.002468347759415946,0.07185680940229766,0.20503597122302158,1,timeout 30%,0.0,0
dropout,0.3,raw,1026,14.100000000000065,0.3000000203357434,60,0,0,212,0.24113475177304963,0.0019057546290322394,0.05308830553495218,0.2765957446808511,1,timeout 30%,0.0,0
dropout,0.3,raw,1027,13.900000000000063,0.30000003964786687,42,0,0,226,0.17625899280575538,0.0022665989671029523,0.058095753179224406,0.11510791366906475,1,timeout 30%,0.0,0
dropout,0.3,raw,1028,13.500000000000057,0.3000001507090587,41,0,0,219,0.17407407407407408,0.002687475892779895,0.07326562537203343,0.2074074074074074,1,timeout 30%,0.0,0
dropout,0.3,raw,1029,14.100000000000065,0.3000000203357434,42,0,0,230,0.1773049645390071,0.0023253075507912112,0.0553943871101283,0.1347517730496454,1,timeout 30%,0.0,0
dropout,0.3,raw,1030,14.300000000000068,0.3000000104303835,62,0,0,214,0.22377622377622378,0.0024562627801762824,0.10684679995446826,0.3041958041958042,1,timeout 30%,0.0,0
dropout,0.3,raw,1031,13.70000000000006,0.3000000773000178,51,0,0,213,0.2116788321167883,0.0024866965669010617,0.0946555240605811,0.24087591240875914,1,timeout 30%,0.0,0
dropout,0.3,raw,1032,14.300000000000068,0.3000000104303835,42,0,0,234,0.15734265734265734,0.0027271708788830103,0.044877808814557066,0.12937062937062938,1,timeout 30%,0.0,0
dropout,0.3,raw,1033,13.70000000000006,0.3000000773000178,42,0,0,222,0.16058394160583941,0.002719145647933736,0.09548705915064115,0.18613138686131386,1,timeout 30%,0.0,0
dropout,0.3,raw,1034,14.100000000000065,0.3000000203357434,36,0,0,236,0.16312056737588654,0.002239133763127054,0.10965304909836347,0.21631205673758866,1,timeout 30%,0.0,0
dropout,0.3,raw,1035,14.300000000000068,0.3000000104303835,67,0,0,209,0.24125874125874125,0.002827458651808282,0.06013389698718684,0.3356643356643357,1,timeout 30%,0.0,0
dropout,0.3,raw,1036,12.700000000000045,0.30000217760135917,73,0,0,171,0.2952755905511811,0.002689980172975214,0.14573621477490628,0.4251968503937008,1,timeout 30%,0.0,0
dropout,0.3,raw,1037,13.900000000000063,0.30000003964786687,76,0,0,192,0.2841726618705036,0.0025862325959777775,0.07600524533562758,0.34172661870503596,1,timeout 30%,0.0,0
dropout,0.3,raw,1038,14.100000000000065,0.3000000203357434,57,0,0,215,0.20212765957446807,0.0019500812573678239,0.07883279994716029,0.22695035460992907,1,timeout 30%,0.0,0
dropout,0.3,raw,1039,14.100000000000065,0.3000000203357434,39,0,0,233,0.14893617021276595,0.0024777055325555593,0.09223273292762227,0.14893617021276595,1,timeout 30%,0.0,0
dropout,0.3,median,1000,13.500000000000057,0.3000001507090587,56,3,0,201,0.24444444444444444,0.0022570498429940835,0.11119512398787132,0.23333333333333334,1,timeout 30%,0.0,0
dropout,0.3,median,1001,13.100000000000051,0.3000005728736853,60,4,0,188,0.24045801526717558,0.002124505126897714,0.9462146234624536,0.2748091603053435,1,timeout 30%,0.0,0
dropout,0.3,median,1002,13.900000000000063,0.30000003964786687,37,3,0,228,0.13309352517985612,0.001986498622388532,0.07212216687405884,0.13309352517985612,1,timeout 30%,0.0,0
dropout,0.3,median,1003,11.900000000000034,0.3000314642487334,58,7,0,163,0.2857142857142857,0.0026077857678318203,0.443950363312506,0.31092436974789917,1,timeout 30%,0.0,0
dropout,0.3,median,1004,12.500000000000043,0.30000424559074956,53,7,0,180,0.212,0.0023269767233341145,0.250149534664297,0.316,1,timeout 30%,0.0,0
dropout,0.3,median,1005,12.30000000000004,0.3000082774749663,47,4,0,185,0.1910569105691057,0.0022931854811832925,0.2138262606629377,0.2764227642276423,1,timeout 30%,0.0,0
dropout,0.3,median,1006,10.700000000000017,0.30172812762846307,36,5,0,163,0.16822429906542055,0.00271039503577121,0.45207536000838877,0.27102803738317754,1,timeout 30%,0.0,0
dropout,0.3,median,1007,13.500000000000057,0.3000001507090587,64,0,0,196,0.23703703703703705,0.0030289624106692717,0.15182584878988864,0.3074074074074074,1,timeout 30%,0.0,0
dropout,0.3,median,1008,13.900000000000063,0.30000003964786687,70,6,0,192,0.25539568345323743,0.0026343838754039795,0.23991374399956683,0.3273381294964029,1,timeout 30%,0.0,0
dropout,0.3,median,1009,13.300000000000054,0.30000029383201743,58,2,0,196,0.21804511278195488,0.002496268311417517,0.11699402259489103,0.2518796992481203,1,timeout 30%,0.0,0
dropout,0.3,median,1010,13.70000000000006,0.3000000773000178,52,2,0,210,0.19708029197080293,0.002330279004561279,0.1457175307126448,0.19708029197080293,1,timeout 30%,0.0,0
dropout,0.3,median,1011,12.700000000000045,0.30000217760135917,42,3,0,199,0.20078740157480315,0.0030307085473209694,0.26406518594829315,0.20866141732283464,1,timeout 30%,0.0,0
dropout,0.3,median,1012,13.900000000000063,0.30000003964786687,65,4,0,199,0.24820143884892087,0.0027096664382509203,0.12447543274826137,0.29136690647482016,1,timeout 30%,0.0,0
dropout,0.3,median,1013,13.100000000000051,0.3000005728736853,29,2,0,221,0.14122137404580154,0.002155534721178414,0.2027080781373319,0.11068702290076336,1,timeout 30%,0.0,0
dropout,0.3,median,1014,13.900000000000063,0.30000003964786687,41,4,0,223,0.1618705035971223,0.0023409973590439756,0.07746217364524767,0.18345323741007194,1,timeout 30%,0.0,0
dropout,0.3,median,1015,13.900000000000063,0.30000003964786687,72,4,0,192,0.26618705035971224,0.002284338260648447,0.1127329753853176,0.4028776978417266,1,timeout 30%,0.0,0
dropout,0.3,median,1016,13.100000000000051,0.3000005728736853,31,6,0,215,0.12595419847328243,0.002218377111184627,0.12884607140408502,0.183206106870229,1,timeout 30%,0.0,0
dropout,0.3,median,1017,13.900000000000063,0.30000003964786687,35,0,0,233,0.12949640287769784,0.00218255494749699,0.09293220084512735,0.12949640287769784,1,timeout 30%,0.0,0
dropout,0.3,median,1018,13.70000000000006,0.3000000773000178,37,0,0,227,0.16058394160583941,0.0022843112465200776,0.1063183382934095,0.12043795620437957,1,timeout 30%,0.0,0
dropout,0.3,median,1019,13.100000000000051,0.3000005728736853,54,4,0,194,0.22900763358778625,0.0021784305509759943,0.20821849811385768,0.24045801526717558,1,timeout 30%,0.0,0
dropout,0.3,median,1020,13.70000000000006,0.3000000773000178,35,2,0,227,0.12773722627737227,0.0026608968622409534,0.12746908744996086,0.18248175182481752,1,timeout 30%,0.0,0
dropout,0.3,median,1021,13.70000000000006,0.3000000773000178,27,0,0,237,0.10218978102189781,0.0026522924774123953,0.08444932887478737,0.0948905109489051,1,timeout 30%,0.0,0
dropout,0.3,median,1022,12.100000000000037,0.30001613829396373,45,6,0,181,0.19008264462809918,0.002177103443870354,0.21395911552475527,0.256198347107438,1,timeout 30%,0.0,0
dropout,0.3,median,1023,13.500000000000057,0.3000001507090587,47,0,0,213,0.17407407407407408,0.002268810500804134,0.10775186761763754,0.17777777777777778,1,timeout 30%,0.0,0
dropout,0.3,median,1024,13.70000000000006,0.3000000773000178,39,4,0,221,0.14233576642335766,0.002429116772103584,0.10396155091648619,0.14963503649635038,1,timeout 30%,0.0,0
dropout,0.3,median,1025,13.500000000000057,0.3000001507090587,48,2,0,210,0.17777777777777778,0.0025312029098228297,0.1362097583840901,0.21851851851851853,1,timeout 30%,0.0,0
dropout,0.3,median,1026,13.70000000000006,0.3000000773000178,55,4,0,205,0.21897810218978103,0.0019339768244995615,0.11412369888030137,0.31386861313868614,1,timeout 30%,0.0,0
dropout,0.3,median,1027,13.500000000000057,0.3000001507090587,39,2,0,219,0.15555555555555556,0.0022947244518260897,0.11621110361776862,0.15925925925925927,1,timeout 30%,0.0,0
dropout,0.3,median,1028,13.100000000000051,0.3000005728736853,40,1,0,211,0.15648854961832062,0.002724075404693132,0.1547245015469359,0.24045801526717558,1,timeout 30%,0.0,0
dropout,0.3,median,1029,13.70000000000006,0.3000000773000178,36,2,0,226,0.16058394160583941,0.002322878088671561,0.09581172399916918,0.10948905109489052,1,timeout 30%,0.0,0
dropout,0.3,median,1030,13.900000000000063,0.30000003964786687,62,6,0,200,0.22302158273381295,0.002518924318830695,0.19263554398134872,0.35251798561151076,1,timeout 30%,0.0,0
dropout,0.3,median,1031,13.300000000000054,0.30000029383201743,46,2,0,208,0.19924812030075187,0.0024793370336428943,0.1957138210906009,0.22932330827067668,1,timeout 30%,0.0,0
dropout,0.3,median,1032,13.900000000000063,0.30000003964786687,38,0,0,230,0.15827338129496402,0.0027396153969373896,0.12545994177983974,0.13309352517985612,1,timeout 30%,0.0,0
dropout,0.3,median,1033,13.300000000000054,0.30000029383201743,38,0,0,218,0.15789473684210525,0.002754545191247226,0.16730412057704006,0.17669172932330826,1,timeout 30%,0.0,0
dropout,0.3,median,1034,13.70000000000006,0.3000000773000178,34,2,0,228,0.1386861313868613,0.002219774522480698,0.1757415124861834,0.22627737226277372,1,timeout 30%,0.0,0
dropout,0.3,median,1035,13.900000000000063,0.30000003964786687,61,4,0,203,0.24100719424460432,0.0028656625532600586,0.12864796718117263,0.36330935251798563,1,timeout 30%,0.0,0
dropout,0.3,median,1036,12.30000000000004,0.3000082774749663,67,5,0,164,0.2967479674796748,0.0027165650661857927,0.25720839791069827,0.4186991869918699,1,timeout 30%,0.0,0
dropout,0.3,median,1037,13.500000000000057,0.3000001507090587,72,4,0,184,0.2814814814814815,0.0026661033719073838,0.1757968733878309,0.3814814814814815,1,timeout 30%,0.0,0
dropout,0.3,median,1038,12.30000000000004,0.3000082774749663,44,8,0,184,0.17886178861788618,0.0020565612221550723,0.21906597375870637,0.3130081300813008,1,timeout 30%,0.0,0
dropout,0.3,median,1039,13.70000000000006,0.3000000773000178,39,2,0,223,0.14233576642335766,0.0025450061644939907,0.1554593075967901,0.1897810218978102,1,timeout 30%,0.0,0
dropout,0.3,mad,1000,14.300000000000068,0.3000000104303835,72,9,0,195,0.25874125874125875,0.002262428134083797,0.1129047154845178,0.2762237762237762,1,timeout 30%,0.0,0
dropout,0.3,mad,1001,9.950000000000006,0.32184856000569906,55,8,0,127,0.27638190954773867,0.002659775824389787,2.503696965223056,0.34673366834170855,1,timeout 30%,0.0,0
dropout,0.3,mad,1002,14.300000000000068,0.3000000104303835,37,3,0,236,0.15734265734265734,0.0019564568619940457,0.043664164278519116,0.11888111888111888,1,timeout 30%,0.0,0
dropout,0.3,mad,1003,14.100000000000065,0.3000000203357434,83,13,0,176,0.30141843971631205,0.0023990915393560046,0.17837402951653467,0.3723404255319149,1,timeout 30%,0.0,0
dropout,0.3,mad,1004,13.900000000000063,0.30000003964786687,64,7,0,197,0.2302158273381295,0.0022173201177004484,0.08538339790086394,0.31654676258992803,1,timeout 30%,0.0,0
dropout,0.3,mad,1005,14.100000000000065,0.3000000203357434,49,11,0,212,0.18439716312056736,0.0020772534885495787,0.27392110705780054,0.22695035460992907,1,timeout 30%,0.0,0
dropout,0.3,mad,1006,12.30000000000004,0.3000106841931288,42,6,0,188,0.18699186991869918,0.00243942404655425,0.20956603137971266,0.2601626016260163,1,timeout 30%,0.0,0
dropout,0.3,mad,1007,14.100000000000065,0.3000000203357434,64,3,0,205,0.24113475177304963,0.0028897999331874936,0.081770032512652,0.2801418439716312,1,timeout 30%,0.0,0
dropout,0.3,mad,1008,13.500000000000057,0.3000001507090587,70,21,0,169,0.25925925925925924,0.002727108451487138,0.30367808393204,0.3888888888888889,1,timeout 30%,0.0,0
dropout,0.3,mad,1009,14.300000000000068,0.3000000104303835,61,4,0,211,0.21328671328671328,0.0023562281378797087,0.061003337405327436,0.2517482517482518,1,timeout 30%,0.0,0
dropout,0.3,mad,1010,14.100000000000065,0.3000000203357434,54,11,0,207,0.2127659574468085,0.00228200612492578,0.07377705797252637,0.24113475177304963,1,timeout 30%,0.0,0
dropout,0.3,mad,1011,14.100000000000065,0.3000000203357434,56,14,0,202,0.19858156028368795,0.0028513227666872244,0.15365012787363486,0.31560283687943264,1,timeout 30%,0.0,0
dropout,0.3,mad,1012,14.300000000000068,0.3000000104303835,67,14,0,195,0.26223776223776224,0.002699402219852806,0.0914761142461079,0.3076923076923077,1,timeout 30%,0.0,0
dropout,0.3,mad,1013,13.900000000000063,0.30000003964786687,37,5,0,226,0.13309352517985612,0.0021087705996515695,0.07726128115608041,0.1474820143884892,1,timeout 30%,0.0,0
dropout,0.3,mad,1014,14.300000000000068,0.3000000104303835,43,0,0,233,0.1853146853146853,0.0023344211766802127,0.04665321322337099,0.1853146853146853,1,timeout 30%,0.0,0
dropout,0.3,mad,1015,14.300000000000068,0.3000000104303835,73,11,0,192,0.2762237762237762,0.0022364141705007896,0.06298592629776387,0.3881118881118881,1,timeout 30%,0.0,0
dropout,0.3,mad,1016,13.500000000000057,0.3000001507090587,33,8,0,219,0.12962962962962962,0.0021745276353771124,0.07072088870139898,0.17037037037037037,1,timeout 30%,0.0,0
dropout,0.3,mad,1017,14.300000000000068,0.3000000104303835,36,4,0,236,0.1258741258741259,0.002132038773855928,0.04790918669919663,0.13986013986013987,1,timeout 30%,0.0,0
dropout,0.3,mad,1018,14.100000000000065,0.3000000203357434,42,5,0,225,0.18439716312056736,0.0022888900924526007,0.056248292199995914,0.17375886524822695,1,timeout 30%,0.0,0
dropout,0.3,mad,1019,14.100000000000065,0.3000000203357434,68,12,0,192,0.2624113475177305,0.0021490565624585193,0.30646800834238946,0.2907801418439716,1,timeout 30%,0.0,0
dropout,0.3,mad,1020,14.100000000000065,0.3000000203357434,35,12,0,225,0.1347517730496454,0.002590668180951923,0.0734825780070322,0.21631205673758866,1,timeout 30%,0.0,0
dropout,0.3,mad,1021,14.100000000000065,0.3000000203357434,28,7,0,237,0.09929078014184398,0.0025707122279426215,0.07503188191934142,0.10283687943262411,1,timeout 30%,0.0,0
dropout,0.3,mad,1022,13.900000000000063,0.30000003964786687,50,3,0,215,0.17985611510791366,0.001973302046887182,0.06401296672303908,0.18705035971223022,1,timeout 30%,0.0,0
dropout,0.3,mad,1023,13.900000000000063,0.30000003964786687,47,4,0,217,0.16906474820143885,0.002223936180684442,0.05431388812656642,0.18345323741007194,1,timeout 30%,0.0,0
dropout,0.3,mad,1024,14.100000000000065,0.3000000203357434,39,0,0,233,0.13829787234042554,0.0023685851604710274,0.046241202788157215,0.09929078014184398,1,timeout 30%,0.0,0
dropout,0.3,mad,1025,13.900000000000063,0.30000003964786687,48,12,0,208,0.18705035971223022,0.002468347759415946,0.09764158401249012,0.22302158273381295,1,timeout 30%,0.0,0
dropout,0.3,mad,1026,14.100000000000065,0.3000000203357434,60,8,0,204,0.24113475177304963,0.0019057546290322394,0.05308830553495218,0.2765957446808511,1,timeout 30%,0.0,0
dropout,0.3,mad,1027,13.900000000000063,0.30000003964786687,42,8,0,218,0.17625899280575538,0.0022665989671029523,0.062202059273899386,0.1906474820143885,1,timeout 30%,0.0,0
dropout,0.3,mad,1028,13.500000000000057,0.3000001507090587,41,9,0,210,0.17407407407407408,0.002687475892779895,0.08782717977645552,0.25555555555555554,1,timeout 30%,0.0,0
dropout,0.3,mad,1029,14.100000000000065,0.3000000203357434,42,8,0,222,0.1773049645390071,0.0023253075507912112,0.08872634768303891,0.15602836879432624,1,timeout 30%,0.0,0
dropout,0.3,mad,1030,14.300000000000068,0.3000000104303835,62,12,0,202,0.22377622377622378,0.0024562627801762824,0.139326197190532,0.32167832167832167,1,timeout 30%,0.0,0
dropout,0.3,mad,1031,13.70000000000006,0.3000000773000178,51,7,0,206,0.2116788321167883,0.0024866965669010617,0.11376507439774287,0.2518248175182482,1,timeout 30%,0.0,0
dropout,0.3,mad,1032,14.300000000000068,0.3000000104303835,42,6,0,228,0.15734265734265734,0.0027271708788830103,0.05737109564963341,0.15734265734265734,1,timeout 30%,0.0,0
dropout,0.3,mad,1033,13.70000000000006,0.3000000773000178,42,5,0,217,0.16058394160583941,0.002719145647933736,0.11806752707670234,0.20072992700729927,1,timeout 30%,0.0,0
dropout,0.3,mad,1034,14.100000000000065,0.3000000203357434,36,4,0,232,0.16312056737588654,0.002239133763127054,0.12063042516449209,0.21631205673758866,1,timeout 30%,0.0,0
dropout,0.3,mad,1035,14.300000000000068,0.3000000104303835,67,13,0,196,0.24125874125874125,0.002827458651808282,0.07657647556800815,0.3881118881118881,1,timeout 30%,0.0,0
dropout,0.3,mad,1036,12.700000000000045,0.30000217760135917,73,3,0,168,0.2952755905511811,0.002689980172975214,0.1473477091117267,0.43700787401574803,1,timeout 30%,0.0,0
dropout,0.3,mad,1037,13.900000000000063,0.30000003964786687,76,8,0,184,0.2841726618705036,0.0025862325959777775,0.08349722374607946,0.34172661870503596,1,timeout 30%,0.0,0
dropout,0.3,mad,1038,14.100000000000065,0.3000000203357434,57,5,0,210,0.20212765957446807,0.0019500812573678239,0.08520059451494826,0.23404255319148937,1,timeout 30%,0.0,0
dropout,0.3,mad,1039,14.100000000000065,0.3000000203357434,39,7,0,226,0.14893617021276595,0.0024777055325555593,0.10868306242682117,0.16666666666666666,1,timeout 30%,0.0,0
dropout,0.3,kf,1000,14.100000000000065,0.3000000203357434,68,0,0,204,0.2624113475177305,0.002270819295693276,0.030932488905328927,0.25177304964539005,1,timeout 30%,0.0,0
dropout,0.3,kf,1001,14.500000000000071,0.3000000053498363,69,0,0,211,0.23793103448275862,0.002002070798592676,0.026375154901145097,0.2413793103448276,1,timeout 30%,0.0,0
dropout,0.3,kf,1002,14.300000000000068,0.3000000104303835,37,0,0,239,0.15734265734265734,0.0019564568619940457,0.01610806916959247,0.11538461538461539,1,timeout 30%,0.0,0
dropout,0.3,kf,1003,14.100000000000065,0.3000000203357434,83,0,0,189,0.30141843971631205,0.0023990915393560046,0.01789951308751344,0.3723404255319149,1,timeout 30%,0.0,0
dropout,0.3,kf,1004,14.300000000000068,0.3000000104303835,64,0,0,212,0.22377622377622378,0.002152873482161798,0.0173973975226313,0.2867132867132867,1,timeout 30%,0.0,0
dropout,0.3,kf,1005,14.100000000000065,0.3000000203357434,49,0,0,223,0.18439716312056736,0.0020772534885495787,0.017414926418109124,0.19858156028368795,1,timeout 30%,0.0,0
dropout,0.3,kf,1006,14.100000000000065,0.3000000203357434,55,0,0,217,0.20921985815602837,0.0022441226037031563,0.015391777653282437,0.2730496453900709,1,timeout 30%,0.0,0
dropout,0.3,kf,1007,14.100000000000065,0.3000000203357434,64,0,0,208,0.24113475177304963,0.0028897999331874936,0.021087639655421347,0.2765957446808511,1,timeout 30%,0.0,0
dropout,0.3,kf,1008,14.300000000000068,0.3000000104303835,70,0,0,206,0.25524475524475526,0.0025814635435986513,0.023074243810632382,0.3146853146853147,1,timeout 30%,0.0,0
dropout,0.3,kf,1009,14.300000000000068,0.3000000104303835,61,0,0,215,0.21328671328671328,0.0023562281378797087,0.023768602570448518,0.22727272727272727,1,timeout 30%,0.0,0
dropout,0.3,kf,1010,14.100000000000065,0.3000000203357434,54,0,0,218,0.2127659574468085,0.00228200612492578,0.016168893393476436,0.19148936170212766,1,timeout 30%,0.0,0
dropout,0.3,kf,1011,14.100000000000065,0.3000000203357434,56,0,0,216,0.19858156028368795,0.0028513227666872244,0.02262163612367125,0.2375886524822695,1,timeout 30%,0.0,0
dropout,0.3,kf,1012,14.300000000000068,0.3000000104303835,67,0,0,209,0.26223776223776224,0.002699402219852806,0.026536299772358,0.2937062937062937,1,timeout 30%,0.0,0
dropout,0.3,kf,1013,14.300000000000068,0.3000000104303835,37,0,0,239,0.13286713286713286,0.0020527227994334503,0.020745161874173697,0.12937062937062938,1,timeout 30%,0.0,0
dropout,0.3,kf,1014,14.100000000000065,0.3000000203357434,41,0,0,231,0.17375886524822695,0.0023283237785114244,0.017777525434977275,0.17375886524822695,1,timeout 30%,0.0,0
dropout,0.3,kf,1015,14.300000000000068,0.3000000104303835,73,0,0,203,0.2762237762237762,0.0022364141705007896,0.023708573582907882,0.3881118881118881,1,timeout 30%,0.0,0
dropout,0.3,kf,1016,14.100000000000065,0.3000000203357434,35,0,0,237,0.13829787234042554,0.002142061348722587,0.01910593463163374,0.11702127659574468,1,timeout 30%,0.0,0
dropout,0.3,kf,1017,14.300000000000068,0.3000000104303835,36,0,0,240,0.1258741258741259,0.002132038773855928,0.020085858778047704,0.12937062937062938,1,timeout 30%,0.0,0
dropout,0.3,kf,1018,14.100000000000065,0.3000000203357434,42,0,0,230,0.18439716312056736,0.0022888900924526007,0.018512227215251868,0.14184397163120568,1,timeout 30%,0.0,0
dropout,0.3,kf,1019,14.300000000000068,0.3000000104303835,72,0,0,204,0.25874125874125875,0.0021395844811594937,0.021050713429034886,0.2692307692307692,1,timeout 30%,0.0,0
dropout,0.3,kf,1020,14.100000000000065,0.3000000203357434,35,0,0,237,0.1347517730496454,0.002590668180951923,0.023508869363949483,0.1702127659574468,1,timeout 30%,0.0,0
dropout,0.3,kf,1021,14.100000000000065,0.3000000203357434,28,0,0,244,0.09929078014184398,0.0025707122279426215,0.018804934222824515,0.0851063829787234,1,timeout 30%,0.0,0
dropout,0.3,kf,1022,14.100000000000065,0.3000000203357434,50,0,0,222,0.1879432624113475,0.0019416690026758015,0.017789596186748694,0.17375886524822695,1,timeout 30%,0.0,0
dropout,0.3,kf,1023,14.100000000000065,0.3000000203357434,47,0,0,225,0.16666666666666666,0.0021767913968111087,0.02042085897426643,0.1702127659574468,1,timeout 30%,0.0,0
dropout,0.3,kf,1024,14.100000000000065,0.3000000203357434,39,0,0,233,0.13829787234042554,0.0023685851604710274,0.020305401076535008,0.09929078014184398,1,timeout 30%,0.0,0
dropout,0.3,kf,1025,14.300000000000068,0.3000000104303835,52,0,0,224,0.1853146853146853,0.00245398541902944,0.036917431732355434,0.2097902097902098,1,timeout 30%,0.0,0
dropout,0.3,kf,1026,14.100000000000065,0.3000000203357434,60,0,0,212,0.24113475177304963,0.0019057546290322394,0.0259042558277285,0.2765957446808511,1,timeout 30%,0.0,0
dropout,0.3,kf,1027,14.300000000000068,0.3000000104303835,48,0,0,228,0.17132867132867133,0.002255145109518891,0.023717708592100165,0.13986013986013987,1,timeout 30%,0.0,0
dropout,0.3,kf,1028,14.300000000000068,0.3000000104303835,53,0,0,223,0.20279720279720279,0.0026622183961510955,0.024836518986269623,0.2517482517482518,1,timeout 30%,0.0,0
dropout,0.3,kf,1029,14.100000000000065,0.3000000203357434,42,0,0,230,0.1773049645390071,0.0023253075507912112,0.01685313378463543,0.1347517730496454,1,timeout 30%,0.0,0
dropout,0.3,kf,1030,14.100000000000065,0.3000000203357434,62,0,0,210,0.2198581560283688,0.0024767315557469487,0.029070435625458555,0.30851063829787234,1,timeout 30%,0.0,0
dropout,0.3,kf,1031,14.300000000000068,0.3000000104303835,58,0,0,218,0.20279720279720279,0.002414015292050135,0.03286017892295444,0.2727272727272727,1,timeout 30%,0.0,0
dropout,0.3,kf,1032,14.100000000000065,0.3000000203357434,38,0,0,234,0.15602836879432624,0.0027329470674367926,0.019093736690883333,0.14184397163120568,1,timeout 30%,0.0,0
dropout,0.3,kf,1033,14.300000000000068,0.3000000104303835,44,0,0,232,0.15384615384615385,0.0026447205290141534,0.027318914409896033,0.18181818181818182,1,timeout 30%,0.0,0
dropout,0.3,kf,1034,14.300000000000068,0.3000000104303835,40,0,0,236,0.17482517482517482,0.0022469518275821145,0.023812389845085744,0.22727272727272727,1,timeout 30%,0.0,0
dropout,0.3,kf,1035,14.300000000000068,0.3000000104303835,67,0,0,209,0.24125874125874125,0.002827458651808282,0.01688117411313219,0.34965034965034963,1,timeout 30%,0.0,0
dropout,0.3,kf,1036,14.300000000000068,0.3000000104303835,87,0,0,189,0.3111888111888112,0.0025213021109450847,0.035440114333711116,0.486013986013986,1,timeout 30%,0.0,0
dropout,0.3,kf,1037,14.100000000000065,0.3000000203357434,76,0,0,196,0.2907801418439716,0.0025450642406980883,0.03081283807494041,0.35106382978723405,1,timeout 30%,0.0,0
dropout,0.3,kf,1038,14.100000000000065,0.3000000203357434,57,0,0,215,0.20212765957446807,0.0019500812573678239,0.02502516336608136,0.22695035460992907,1,timeout 30%,0.0,0
dropout,0.3,kf,1039,14.100000000000065,0.3000000203357434,39,0,0,233,0.14893617021276595,0.0024777055325555593,0.019218678524339415,0.14893617021276595,1,timeout 30%,0.0,0
dropout,0.3,kf_fallback,1000,19.45000000000014,0.30000000000103066,79,0,0,300,0.20565552699228792,0.0018615600772512078,0.024141428247975313,0.20565552699228792,1,timeout 30%,0.0,0
dropout,0.3,kf_fallback,1001,17.90000000000012,0.3000000044446046,74,0,0,274,0.20670391061452514,0.0018400234155019446,0.015773588812350827,0.19553072625698323,1,timeout 30%,0.0,0
dropout,0.3,kf_fallback,1002,15.700000000000088,0.30000001352527383,62,0,0,242,0.22611464968152867,0.002100917484019764,0.015300188411744178,0.1910828025477707,1,timeout 30%,0.0,0
dropout,0.3,kf_fallback,1003,22.400000000000183,0.3000000000597285,122,0,0,316,0.2767857142857143,0.0019838338302429087,0.017222862282685988,0.296875,1,timeout 30%,0.0,0
dropout,0.3,kf_fallback,1004,21.900000000000176,0.3000000000157567,104,0,0,324,0.24429223744292236,0.0022406920691735483,0.015984169869445477,0.273972602739726,1,timeout 30%,0.0,0
dropout,0.3,kf_fallback,1005,17.400000000000112,0.30000000381602415,72,0,0,266,0.21264367816091953,0.0020129725228864187,0.017983946446338495,0.23850574712643677,1,timeout 30%,0.0,0
dropout,0.3,kf_fallback,1006,17.750000000000117,0.30000000032842716,96,0,0,249,0.2704225352112676,0.002157971400460055,0.015829744432604462,0.37183098591549296,1,timeout 30%,0.0,0
dropout,0.3,kf_fallback,1007,21.000000000000163,0.30000000001269245,99,0,0,311,0.24047619047619048,0.00242528404024043,0.01833851675750082,0.24047619047619048,1,timeout 30%,0.0,0
dropout,0.3,kf_fallback,1008,20.65000000000016,0.3000000000801895,102,0,0,301,0.2469733656174334,0.002305671816053885,0.017480649958563348,0.29055690072639223,1,timeout 30%,0.0,0
dropout,0.3,kf_fallback,1009,20.00000000000015,0.3000000153985505,109,0,0,281,0.2975,0.0024571365171849524,0.03441266558732251,0.3125,1,timeout 30%,0.0,0
dropout,0.3,kf_fallback,1010,19.25000000000014,0.3000000018299059,82,0,0,293,0.21558441558441557,0.0021883375284095833,0.02011818325939453,0.23636363636363636,1,timeout 30%,0.0,0
dropout,0.3,kf_fallback,1011,18.250000000000124,0.30000000002474086,75,0,0,280,0.2054794520547945,0.00244023273596739,0.02405979681089234,0.2273972602739726,1,timeout 30%,0.0,0
dropout,0.3,kf_fallback,1012,18.400000000000126,0.30000000006305483,84,0,0,274,0.2554347826086957,0.0023587716755567004,0.02456270803969843,0.266304347826087,1,timeout 30%,0.0,0
dropout,0.3,kf_fallback,1013,15.200000000000081,0.3000000005871926,42,0,0,252,0.14144736842105263,0.0020014906566315585,0.020055221881556517,0.13815789473684212,1,timeout 30%,0.0,0
dropout,0.3,kf_fallback,1014,16.800000000000104,0.3000000017537894,61,0,0,265,0.18452380952380953,0.0023000637268967552,0.019872549108834393,0.21726190476190477,1,timeout 30%,0.0,0
dropout,0.3,kf_fallback,1015,20.350000000000154,0.30000000005151634,104,0,0,293,0.2702702702702703,0.001995140665672779,0.022231448499355353,0.3366093366093366,1,timeout 30%,0.0,0
dropout,0.3,kf_fallback,1016,17.25000000000011,0.30000001322272773,67,0,0,268,0.19420289855072465,0.002221211288709147,0.02151555743909204,0.20579710144927535,1,timeout 30%,0.0,0
dropout,0.3,kf_fallback,1017,14.300000000000068,0.3000000104303835,36,0,0,240,0.1258741258741259,0.002132038773855928,0.020085858778047704,0.12937062937062938,1,timeout 30%,0.0,0
dropout,0.3,kf_fallback,1018,16.300000000000097,0.30000000021339335,53,0,0,263,0.16257668711656442,0.002128169538238159,0.019272981107713562,0.16257668711656442,1,timeout 30%,0.0,0
dropout,0.3,kf_fallback,1019,21.40000000000017,0.30000000010966216,95,0,0,323,0.2219626168224299,0.0019660918300848235,0.019765366126092435,0.21962616822429906,1,timeout 30%,0.0,0
dropout,0.3,kf_fallback,1020,16.5000000000001,0.30000000806129884,47,0,0,273,0.15151515151515152,0.002438593963670282,0.02394398682851713,0.1606060606060606,1,timeout 30%,0.0,0
dropout,0.3,kf_fallback,1021,15.550000000000086,0.300000001225903,43,0,0,258,0.1382636655948553,0.002560868816221235,0.029569942797029226,0.1382636655948553,1,timeout 30%,0.0,0
dropout,0.3,kf_fallback,1022,19.100000000000136,0.30000000904852786,83,0,0,289,0.22774869109947643,0.0021753656562664603,0.016782498311195177,0.23298429319371727,1,timeout 30%,0.0,0
dropout,0.3,kf_fallback,1023,18.950000000000134,0.30000000001239574,72,0,0,297,0.18997361477572558,0.001990966089878904,0.019393566323614633,0.20316622691292877,1,timeout 30%,0.0,0
dropout,0.3,kf_fallback,1024,20.200000000000152,0.3000000001084644,55,0,0,339,0.15346534653465346,0.0021027600522899414,0.015450309716590045,0.07920792079207921,1,timeout 30%,0.0,0
dropout,0.3,kf_fallback,1025,16.150000000000095,0.3000000016796016,76,0,0,237,0.26006191950464397,0.002453591041626667,0.0404894470751655,0.28173374613003094,1,timeout 30%,0.0,0
dropout,0.3,kf_fallback,1026,18.05000000000012,0.3000000039893313,91,0,0,260,0.2520775623268698,0.0018777585766688828,0.030619303922532797,0.3268698060941828,1,timeout 30%,0.0,0
dropout,0.3,kf_fallback,1027,19.700000000000145,0.300000000065617,81,0,0,303,0.21065989847715735,0.002147716992216995,0.018065876716126476,0.18527918781725888,1,timeout 30%,0.0,0
dropout,0.3,kf_fallback,1028,14.300000000000068,0.3000000104303835,53,0,0,223,0.20279720279720279,0.0026622183961510955,0.024836518986269623,0.2517482517482518,1,timeout 30%,0.0,0
dropout,0.3,kf_fallback,1029,16.000000000000092,0.3000000000892097,64,0,0,246,0.2,0.002207925287436381,0.018405198083819473,0.2375,1,timeout 30%,0.0,0
dropout,0.3,kf_fallback,1030,20.600000000000158,0.3000000001432708,91,0,0,311,0.23786407766990292,0.002279250773680475,0.02812951748307292,0.2669902912621359,1,timeout 30%,0.0,0
dropout,0.3,kf_fallback,1031,15.10000000000008,0.3000000007609346,58,0,0,234,0.19536423841059603,0.0022990888676996456,0.031434554055463464,0.24834437086092714,1,timeout 30%,0.0,0
dropout,0.3,kf_fallback,1032,15.500000000000085,0.3000000002586646,47,0,0,253,0.16129032258064516,0.002552885591466741,0.019077389410808804,0.13870967741935483,1,timeout 30%,0.0,0
dropout,0.3,kf_fallback,1033,14.300000000000068,0.3000000104303835,44,0,0,232,0.15384615384615385,0.0026447205290141534,0.027318914409896033,0.18181818181818182,1,timeout 30%,0.0,0
dropout,0.3,kf_fallback,1034,15.500000000000085,0.3000000002001832,56,0,0,244,0.18064516129032257,0.0022038804695944255,0.024148937446165204,0.2870967741935484,1,timeout 30%,0.0,0
dropout,0.3,kf_fallback,1035,20.300000000000153,0.3000000002239636,114,0,0,282,0.28078817733990147,0.0026565182879931403,0.02180036396731093,0.41379310344827586,1,timeout 30%,0.0,0
dropout,0.3,kf_fallback,1036,21.000000000000163,0.30000000000704274,130,0,0,280,0.3119047619047619,0.0020922506029254816,0.02787799507449646,0.4595238095238095,1,timeout 30%,0.0,0
dropout,0.3,kf_fallback,1037,19.750000000000146,0.3000000030254883,109,0,0,276,0.2936708860759494,0.002329290422300475,0.025011193825534912,0.3139240506329114,1,timeout 30%,0.0,0
dropout,0.3,kf_fallback,1038,18.500000000000128,0.3000000002802272,68,0,0,292,0.1837837837837838,0.0017967956775379124,0.023629466903514196,0.1810810810810811,1,timeout 30%,0.0,0
dropout,0.3,kf_fallback,1039,15.300000000000082,0.30000000039029007,43,0,0,253,0.1437908496732026,0.0023826369781661805,0.01919222135200749,0.13725490196078433,1,timeout 30%,0.0,0
dropout,0.6,raw,2000,10.90000000000002,0.30088637209348273,62,0,0,146,0.3073394495412844,0.0031029498731702755,0.551271225875374,0.3853211009174312,2,timeout 60%,0.0,0
dropout,0.6,raw,2001,14.100000000000065,0.3000000203357434,111,0,0,161,0.41843971631205673,0.00335392999518433,0.1183448953559931,0.5602836879432624,2,timeout 60%,0.0,0
dropout,0.6,raw,2002,11.700000000000031,0.3000613447089147,51,0,0,173,0.23931623931623933,0.002665587152171237,0.21029319174465025,0.36752136752136755,2,timeout 60%,0.0,0
dropout,0.6,raw,2003,13.500000000000057,0.3000001507090587,107,0,0,153,0.4222222222222222,0.003113610837108282,0.21923890461780046,0.5888888888888889,2,timeout 60%,0.0,0
dropout,0.6,raw,2004,14.300000000000068,0.3000000106166405,103,0,0,173,0.3776223776223776,0.002647520649389502,0.11605730263129714,0.541958041958042,2,timeout 60%,0.0,0
dropout,0.6,raw,2005,14.300000000000068,0.3000000104303835,78,0,0,198,0.3006993006993007,0.0027883877924132342,0.14972493558670225,0.3811188811188811,2,timeout 60%,0.0,0
dropout,0.6,raw,2006,14.100000000000065,0.3000000203357434,78,0,0,194,0.30141843971631205,0.002741414646729359,0.07078118514437139,0.4219858156028369,2,timeout 60%,0.0,0
dropout,0.6,raw,2007,13.70000000000006,0.3000000773000178,82,0,0,182,0.33211678832116787,0.002090776935281259,0.11975779452950291,0.4343065693430657,2,timeout 60%,0.0,0
dropout,0.6,raw,2008,14.300000000000068,0.3000000104303835,80,0,0,196,0.3111888111888112,0.0021201976812128707,0.08192579762012638,0.3881118881118881,2,timeout 60%,0.0,0
dropout,0.6,raw,2009,13.70000000000006,0.3000000773000178,89,0,0,175,0.35036496350364965,0.0033086381927589694,0.07188409362282913,0.4854014598540146,2,timeout 60%,0.0,0
dropout,0.6,raw,2010,10.100000000000009,0.312807224673872,77,0,0,116,0.400990099009901,0.003368562339229138,0.7569782876986967,0.4801980198019802,2,timeout 60%,0.0,0
dropout,0.6,raw,2011,13.900000000000063,0.30000003964786687,103,0,0,165,0.381294964028777,0.0027578315148501864,0.1373816818662392,0.49280575539568344,2,timeout 60%,0.0,0
dropout,0.6,raw,2012,13.500000000000057,0.3000001507090587,90,0,0,170,0.35185185185185186,0.0026548351360214683,0.22626293978654244,0.4666666666666667,2,timeout 60%,0.0,0
dropout,0.6,raw,2013,14.100000000000065,0.3000000203357434,115,0,0,157,0.4397163120567376,0.002643916350033325,0.1045983886171183,0.574468085106383,2,timeout 60%,0.0,0
dropout,0.6,raw,2014,11.900000000000034,0.3000314642487334,55,0,0,173,0.27310924369747897,0.0029553075433998315,0.23447219987626602,0.36134453781512604,2,timeout 60%,0.0,0
dropout,0.6,raw,2015,14.100000000000065,0.3000000203357434,112,0,0,160,0.41134751773049644,0.0028805454544215386,0.08760733370550278,0.549645390070922,2,timeout 60%,0.0,0
dropout,0.6,raw,2016,14.300000000000068,0.3000000104303835,88,0,0,188,0.3181818181818182,0.0022090673184227624,0.10174551883784957,0.44755244755244755,2,timeout 60%,0.0,0
dropout,0.6,raw,2017,14.100000000000065,0.3000000203357434,67,0,0,205,0.26595744680851063,0.0024043606501666513,0.07659224288787685,0.3049645390070922,2,timeout 60%,0.0,0
dropout,0.6,raw,2018,14.100000000000065,0.3000000203357434,106,0,0,166,0.40070921985815605,0.0026415554611578726,0.09601710998744156,0.5390070921985816,2,timeout 60%,0.0,0
dropout,0.6,raw,2019,13.300000000000054,0.30000029383201743,106,0,0,150,0.40601503759398494,0.0028935065573276126,0.2921072359913089,0.5300751879699248,2,timeout 60%,0.0,0
dropout,0.6,raw,2020,13.900000000000063,0.30000003964786687,93,0,0,175,0.3669064748201439,0.002812307079778653,0.11894013872905955,0.579136690647482,2,timeout 60%,0.0,0
dropout,0.6,raw,2021,14.100000000000065,0.3000000203357434,98,0,0,174,0.3723404255319149,0.0028046854749775576,0.08870483158806199,0.5319148936170213,2,timeout 60%,0.0,0
dropout,0.6,raw,2022,14.100000000000065,0.3000000203357434,120,0,0,152,0.4432624113475177,0.00362855289585198,0.16986687111680968,0.6418439716312057,2,timeout 60%,0.0,0
dropout,0.6,raw,2023,13.900000000000063,0.30000003964786687,124,0,0,144,0.46402877697841727,0.003159409847330766,0.1365747168307937,0.6079136690647482,2,timeout 60%,0.0,0
dropout,0.6,raw,2024,13.300000000000054,0.30000029383201743,85,0,0,171,0.33458646616541354,0.002511698619119471,0.24234307370241778,0.48120300751879697,2,timeout 60%,0.0,0
dropout,0.6,raw,2025,10.500000000000014,0.30336926796145613,40,0,0,160,0.22857142857142856,0.003938536919524917,0.5040095588439029,0.2761904761904762,2,timeout 60%,0.0,0
dropout,0.6,raw,2026,14.300000000000068,0.3000000104303835,122,0,0,154,0.46153846153846156,0.0029281037711922572,0.13903678662388375,0.6223776223776224,2,timeout 60%,0.0,0
dropout,0.6,raw,2027,13.900000000000063,0.30000003964786687,128,0,0,140,0.4748201438848921,0.0033450392821025186,0.08300672610310982,0.7194244604316546,2,timeout 60%,0.0,0
dropout,0.6,raw,2028,13.70000000000006,0.3000000773000178,101,0,0,163,0.3795620437956204,0.003306484243566917,0.16551613182259478,0.5693430656934306,2,timeout 60%,0.0,0
dropout,0.6,raw,2029,12.500000000000043,0.30000424559074956,60,0,0,180,0.264,0.00303391514151652,0.14990477233928975,0.364,2,timeout 60%,0.0,0
dropout,0.6,raw,2030,14.300000000000068,0.3000000104303835,126,0,0,150,0.4755244755244755,0.003963656702644272,0.2696515777993498,0.6048951048951049,2,timeout 60%,0.0,0
dropout,0.6,raw,2031,13.100000000000051,0.3000005728736853,99,0,0,153,0.3816793893129771,0.0030014594566369845,0.4015877997836132,0.5229007633587787,2,timeout 60%,0.0,0
dropout,0.6,raw,2032,14.100000000000065,0.3000000203357434,98,0,0,174,0.375886524822695,0.0033412685269391066,0.12937881242023663,0.5425531914893617,2,timeout 60%,0.0,0
dropout,0.6,raw,2033,13.70000000000006,0.3000000773000178,109,0,0,155,0.41605839416058393,0.0027427223230100414,0.07246251207347935,0.5912408759124088,2,timeout 60%,0.0,0
dropout,0.6,raw,2034,14.300000000000068,0.3000000104303835,133,0,0,143,0.486013986013986,0.0028563274370599556,0.21903881926747196,0.6748251748251748,2,timeout 60%,0.0,0
dropout,0.6,raw,2035,10.100000000000009,0.312807224673872,72,0,0,121,0.3811881188118812,0.0035697123213223386,0.5602688816505565,0.47029702970297027,2,timeout 60%,0.0,0
dropout,0.6,raw,2036,9.750000000000004,0.34259734741255093,44,0,0,143,0.2358974358974359,0.0028100072468445632,0.9657809981607752,0.24102564102564103,2,timeout 60%,0.0,0
dropout,0.6,raw,2037,14.100000000000065,0.3000000203357434,70,0,0,202,0.25177304964539005,0.0023707125482070237,0.08297978662546121,0.36524822695035464,2,timeout 60%,0.0,0
dropout,0.6,raw,2038,14.100000000000065,0.3000000203357434,81,0,0,191,0.3120567375886525,0.0029594352302061817,0.08804070461368138,0.450354609929078,2,timeout 60%,0.0,0
dropout,0.6,raw,2039,13.900000000000063,0.30000003964786687,111,0,0,157,0.420863309352518,0.0024450867160086013,0.1317812979224411,0.5287769784172662,2,timeout 60%,0.0,0
dropout,0.6,median,2000,9.249999999999996,0.5762293491206311,50,6,0,125,0.2702702702702703,0.0034177680026741468,1.6689929258049097,0.372972972972973,2,timeout 60%,0.2202866864007888,0
dropout,0.6,median,2001,12.900000000000048,0.3000011169111525,97,7,0,144,0.3953488372093023,0.0034706652515146316,0.328798853616682,0.5193798449612403,2,timeout 60%,0.0,0
dropout,0.6,median,2002,11.300000000000026,0.3002331828434407,47,4,0,165,0.22566371681415928,0.0027099621984389153,0.351455269740559,0.3805309734513274,2,timeout 60%,0.0,0
dropout,0.6,median,2003,13.100000000000051,0.3000005728736853,102,7,0,143,0.4083969465648855,0.0032001438120490035,0.38839243511315924,0.6106870229007634,2,timeout 60%,0.0,0
dropout,0.6,median,2004,13.900000000000063,0.30000003964786687,98,7,0,163,0.37050359712230213,0.0027109926320199877,0.25314514825918977,0.539568345323741,2,timeout 60%,0.0,0
dropout,0.6,median,2005,13.900000000000063,0.30000003964786687,75,2,0,191,0.2805755395683453,0.002847747590396568,0.24814321251844815,0.37050359712230213,2,timeout 60%,0.0,0
dropout,0.6,median,2006,13.70000000000006,0.3000000773000178,75,0,0,189,0.291970802919708,0.0027662745398661544,0.20339481461362063,0.4051094890510949,2,timeout 60%,0.0,0
dropout,0.6,median,2007,11.700000000000031,0.3000613447089147,51,5,0,168,0.2606837606837607,0.0021528799816860874,0.31431601110992397,0.34615384615384615,2,timeout 60%,0.0,0
dropout,0.6,median,2008,13.900000000000063,0.30000003964786687,73,0,0,195,0.2949640287769784,0.00211985729836077,0.15981279143895855,0.37050359712230213,2,timeout 60%,0.0,0
dropout,0.6,median,2009,11.900000000000034,0.3000314642487334,66,7,0,155,0.29831932773109243,0.003538718491646492,0.3832209391834428,0.44537815126050423,2,timeout 60%,0.0,0
dropout,0.6,median,2010,9.750000000000004,0.34259734741255093,77,8,0,102,0.39487179487179486,0.0034999693094677387,0.9974808520403439,0.517948717948718,2,timeout 60%,0.0,0
dropout,0.6,median,2011,10.500000000000014,0.30336926796145613,61,6,0,133,0.3047619047619048,0.003169641288067453,0.7433903973221752,0.37142857142857144,2,timeout 60%,0.0,0
dropout,0.6,median,2012,12.700000000000045,0.30000217760135917,85,5,0,154,0.33858267716535434,0.0027499457528044457,0.4078530187181855,0.4763779527559055,2,timeout 60%,0.0,0
dropout,0.6,median,2013,13.70000000000006,0.3000000773000178,107,4,0,153,0.42700729927007297,0.0026336490030556244,0.1956432292992223,0.5693430656934306,2,timeout 60%,0.0,0
dropout,0.6,median,2014,11.500000000000028,0.30011960156222006,55,2,0,163,0.24782608695652175,0.0030084182581745036,0.4432400060408949,0.36086956521739133,2,timeout 60%,0.0,0
dropout,0.6,median,2015,13.500000000000057,0.3000001507090587,102,6,0,152,0.4074074074074074,0.002912850500912931,0.24637360111491974,0.5296296296296297,2,timeout 60%,0.0,0
dropout,0.6,median,2016,11.900000000000034,0.3000314642487334,63,5,0,160,0.2857142857142857,0.0024674268495614633,0.6301177538650131,0.3739495798319328,2,timeout 60%,0.0,0
dropout,0.6,median,2017,13.70000000000006,0.3000000773000178,59,1,0,204,0.2518248175182482,0.002396745338336463,0.16753918687325023,0.291970802919708,2,timeout 60%,0.0,0
dropout,0.6,median,2018,13.300000000000054,0.30000029383201743,92,3,0,161,0.37593984962406013,0.0026358140067646012,0.21457944150437297,0.5225563909774437,2,timeout 60%,0.0,0
dropout,0.6,median,2019,11.700000000000031,0.3000613447089147,82,12,0,130,0.3888888888888889,0.0030004409170958242,0.639942187249837,0.47435897435897434,2,timeout 60%,0.0,0
dropout,0.6,median,2020,12.700000000000045,0.30000217760135917,81,7,0,156,0.35039370078740156,0.002955957723939193,0.3174500141926799,0.5551181102362205,2,timeout 60%,0.0,0
dropout,0.6,median,2021,12.500000000000043,0.30000424559074956,76,4,0,160,0.324,0.002858416039826208,0.24529298148723652,0.472,2,timeout 60%,0.0,0
dropout,0.6,median,2022,13.500000000000057,0.3000001507090587,116,7,0,137,0.4444444444444444,0.003787668845386608,0.25083056130300374,0.6333333333333333,2,timeout 60%,0.0,0
dropout,0.6,median,2023,11.900000000000034,0.3000314642487334,106,11,0,111,0.46218487394957986,0.003691610880131518,0.770049997232101,0.6176470588235294,2,timeout 60%,0.0,0
dropout,0.6,median,2024,12.900000000000048,0.3000011169111525,77,4,0,167,0.32945736434108525,0.002546397094631058,0.3816052522548827,0.47674418604651164,2,timeout 60%,0.0,0
dropout,0.6,median,2025,9.600000000000001,0.3726691944148104,29,2,0,154,0.18229166666666666,0.00404775008121746,0.8765678829983902,0.20833333333333334,2,timeout 60%,0.0,0
dropout,0.6,median,2026,12.700000000000045,0.30000217760135917,104,7,0,133,0.4251968503937008,0.0030980287427081685,0.44677592376663594,0.5748031496062992,2,timeout 60%,0.0,0
dropout,0.6,median,2027,12.700000000000045,0.30000217760135917,112,13,0,119,0.4645669291338583,0.003505412392998899,0.3131654604207355,0.6929133858267716,2,timeout 60%,0.0,0
dropout,0.6,median,2028,13.100000000000051,0.3000005728736853,93,6,0,153,0.37786259541984735,0.0032904879971080597,0.3922151901108515,0.5534351145038168,2,timeout 60%,0.0,0
dropout,0.6,median,2029,12.100000000000037,0.30001613829396373,58,6,0,168,0.25206611570247933,0.00310043807262428,0.28651127354528944,0.4256198347107438,2,timeout 60%,0.0,0
dropout,0.6,median,2030,13.900000000000063,0.30000003964786687,119,5,0,144,0.460431654676259,0.003984253500274633,0.4167367196725087,0.5935251798561151,2,timeout 60%,0.0,0
dropout,0.6,median,2031,12.30000000000004,0.3000082774749663,86,7,0,143,0.3821138211382114,0.0030743651876751162,0.5902276894799816,0.508130081300813,2,timeout 60%,0.0,0
dropout,0.6,median,2032,12.500000000000043,0.30000424559074956,73,6,0,161,0.332,0.003452658641852197,0.34010980828281673,0.488,2,timeout 60%,0.0,0
dropout,0.6,median,2033,13.300000000000054,0.30000029383201743,104,7,0,145,0.41729323308270677,0.002750566454708528,0.18473790931336914,0.5864661654135338,2,timeout 60%,0.0,0
dropout,0.6,median,2034,13.900000000000063,0.30000003964786687,129,8,0,131,0.4856115107913669,0.002925028644159542,0.37172760910108765,0.6834532374100719,2,timeout 60%,0.0,0
dropout,0.6,median,2035,9.750000000000004,0.34259734741255093,67,9,0,111,0.37435897435897436,0.003623977505011741,0.844555165184661,0.5025641025641026,2,timeout 60%,0.0,0
dropout,0.6,median,2036,9.049999999999994,1.4999999900177894,37,1,0,141,0.2154696132596685,0.002874723175938422,1.8778235345965164,0.18232044198895028,2,timeout 60%,1.0,1
dropout,0.6,median,2037,13.500000000000057,0.3000001507090587,64,2,0,194,0.2518518518518518,0.0023839982457675604,0.25939313658133684,0.3592592592592593,2,timeout 60%,0.0,0
dropout,0.6,median,2038,13.500000000000057,0.3000001507090587,70,4,0,186,0.29259259259259257,0.0029469263086689254,0.1745199157950972,0.48148148148148145,2,timeout 60%,0.0,0
dropout,0.6,median,2039,11.300000000000026,0.3002331828434407,74,5,0,137,0.3672566371681416,0.002644209534203785,0.6235085804689369,0.42035398230088494,2,timeout 60%,0.0,0
dropout,0.6,mad,2000,9.049999999999994,1.2187499900177892,50,13,0,116,0.27624309392265195,0.0034659525443906406,2.0671443466875754,0.35911602209944754,2,timeout 60%,1.0,1
dropout,0.6,mad,2001,14.100000000000065,0.3000000203357434,111,5,0,156,0.41843971631205673,0.00335392999518433,0.14567487746243185,0.5602836879432624,2,timeout 60%,0.0,0
dropout,0.6,mad,2002,11.500000000000028,0.30013796320342634,48,3,0,169,0.23478260869565218,0.002676027583934567,0.2749017249331602,0.3565217391304348,2,timeout 60%,0.0,0
dropout,0.6,mad,2003,13.100000000000051,0.3000005728736853,102,7,0,143,0.4083969465648855,0.0032001438120490035,0.3277785506271493,0.5916030534351145,2,timeout 60%,0.0,0
dropout,0.6,mad,2004,14.300000000000068,0.3000000106166405,103,9,0,164,0.3776223776223776,0.002647520649389502,0.14739625655513683,0.5594405594405595,2,timeout 60%,0.0,0
dropout,0.6,mad,2005,14.300000000000068,0.3000000104303835,78,4,0,194,0.3006993006993007,0.0027883877924132342,0.16635161635269427,0.3811188811188811,2,timeout 60%,0.0,0
dropout,0.6,mad,2006,14.100000000000065,0.3000000203357434,78,7,0,187,0.30141843971631205,0.002741414646729359,0.10089079409824032,0.4219858156028369,2,timeout 60%,0.0,0
dropout,0.6,mad,2007,13.70000000000006,0.3000000773000178,82,5,0,177,0.33211678832116787,0.002090776935281259,0.12761890481673815,0.4416058394160584,2,timeout 60%,0.0,0
dropout,0.6,mad,2008,14.300000000000068,0.3000000104303835,80,7,0,189,0.3111888111888112,0.0021201976812128707,0.11747224933497101,0.3916083916083916,2,timeout 60%,0.0,0
dropout,0.6,mad,2009,13.70000000000006,0.3000000773000178,89,6,0,169,0.35036496350364965,0.0033086381927589694,0.07482341926539969,0.5,2,timeout 60%,0.0,0
dropout,0.6,mad,2010,9.950000000000006,0.32184856000569906,77,12,0,101,0.4020100502512563,0.003440143422161715,0.9390813263732107,0.49246231155778897,2,timeout 60%,0.0,0
dropout,0.6,mad,2011,13.500000000000057,0.3000001507090587,100,6,0,154,0.3814814814814815,0.002860439622319945,0.3502351632751082,0.5111111111111111,2,timeout 60%,0.0,0
dropout,0.6,mad,2012,13.500000000000057,0.3000001507090587,90,6,0,164,0.35185185185185186,0.0026548351360214683,0.22718677928139247,0.4888888888888889,2,timeout 60%,0.0,0
dropout,0.6,mad,2013,14.100000000000065,0.3000000203357434,115,5,0,152,0.4397163120567376,0.002643916350033325,0.11283008303087724,0.5886524822695035,2,timeout 60%,0.0,0
dropout,0.6,mad,2014,11.300000000000026,0.3002331828434407,54,7,0,155,0.24336283185840707,0.003054740533704062,0.4479781177542455,0.3495575221238938,2,timeout 60%,0.0,0
dropout,0.6,mad,2015,14.100000000000065,0.3000000203357434,112,5,0,155,0.41134751773049644,0.0028805454544215386,0.18010717549196417,0.549645390070922,2,timeout 60%,0.0,0
dropout,0.6,mad,2016,10.15000000000001,0.3529467137237169,43,5,0,148,0.24630541871921183,0.002650614805042562,1.0431725780739178,0.26108374384236455,2,timeout 60%,0.0,0
dropout,0.6,mad,2017,14.100000000000065,0.3000000203357434,67,8,0,197,0.26595744680851063,0.0024043606501666513,0.12064079641629222,0.3191489361702128,2,timeout 60%,0.0,0
dropout,0.6,mad,2018,14.100000000000065,0.3000000203357434,106,6,0,160,0.40070921985815605,0.0026415554611578726,0.1035326775173332,0.5390070921985816,2,timeout 60%,0.0,0
dropout,0.6,mad,2019,13.300000000000054,0.30000029383201743,106,8,0,142,0.40601503759398494,0.0028935065573276126,0.30996059001478404,0.5300751879699248,2,timeout 60%,0.0,0
dropout,0.6,mad,2020,12.500000000000043,0.30000424559074956,79,6,0,155,0.348,0.002953190094767556,0.5204291287578132,0.532,2,timeout 60%,0.0,0
dropout,0.6,mad,2021,14.100000000000065,0.3000000203357434,98,8,0,166,0.3723404255319149,0.0028046854749775576,0.172156243830382,0.5319148936170213,2,timeout 60%,0.0,0
dropout,0.6,mad,2022,14.100000000000065,0.3000000203357434,120,16,0,136,0.4432624113475177,0.00362855289585198,0.30141791794477807,0.6595744680851063,2,timeout 60%,0.0,0
dropout,0.6,mad,2023,13.900000000000063,0.30000003964786687,124,7,0,137,0.46402877697841727,0.003159409847330766,0.19164997308341622,0.6294964028776978,2,timeout 60%,0.0,0
dropout,0.6,mad,2024,11.500000000000028,0.30011960156222006,53,9,0,158,0.26521739130434785,0.0025729531121700005,0.6245647235041689,0.41739130434782606,2,timeout 60%,0.0,0
dropout,0.6,mad,2025,9.099999999999994,0.9154907139218156,27,11,0,141,0.15934065934065933,0.0041487245527156115,1.3715038614292838,0.16483516483516483,2,timeout 60%,0.6443633924022694,1
dropout,0.6,mad,2026,14.300000000000068,0.3000000104303835,122,15,0,139,0.46153846153846156,0.0029281037711922572,0.25030467855061933,0.6223776223776224,2,timeout 60%,0.0,0
dropout,0.6,mad,2027,12.500000000000043,0.30000424559074956,108,6,0,126,0.456,0.00355082709276951,0.6837737754418403,0.688,2,timeout 60%,0.0,0
dropout,0.6,mad,2028,13.100000000000051,0.3000005728736853,93,12,0,147,0.37786259541984735,0.0032904879971080597,0.6064315459805116,0.5572519083969466,2,timeout 60%,0.0,0
dropout,0.6,mad,2029,12.500000000000043,0.30000424559074956,60,6,0,174,0.264,0.00303391514151652,0.1638673975920589,0.408,2,timeout 60%,0.0,0
dropout,0.6,mad,2030,14.300000000000068,0.3000000104303835,126,9,0,141,0.4755244755244755,0.003963656702644272,0.3446459675188751,0.6048951048951049,2,timeout 60%,0.0,0
dropout,0.6,mad,2031,11.900000000000034,0.3000354501117438,78,9,0,141,0.3697478991596639,0.0030700230730428043,0.7948228678647001,0.48739495798319327,2,timeout 60%,0.0,0
dropout,0.6,mad,2032,14.100000000000065,0.3000000203357434,98,10,0,164,0.375886524822695,0.0033412685269391066,0.20266679743325722,0.549645390070922,2,timeout 60%,0.0,0
dropout,0.6,mad,2033,13.70000000000006,0.3000000773000178,109,6,0,149,0.41605839416058393,0.0027427223230100414,0.11808766708988727,0.5912408759124088,2,timeout 60%,0.0,0
dropout,0.6,mad,2034,13.900000000000063,0.30000003964786687,129,16,0,123,0.4856115107913669,0.002925028644159542,0.4961365061242079,0.6834532374100719,2,timeout 60%,0.0,0
dropout,0.6,mad,2035,9.099999999999994,0.9154907139218156,65,8,0,106,0.3626373626373626,0.0037929508370945224,1.3191970112997204,0.44505494505494503,2,timeout 60%,0.6443633924022694,1
dropout,0.6,mad,2036,9.049999999999994,1.4999999900177894,37,2,0,140,0.2154696132596685,0.002874723175938422,1.9352470488615978,0.18232044198895028,2,timeout 60%,1.0,1
dropout,0.6,mad,2037,14.100000000000065,0.3000000203357434,70,1,0,201,0.25177304964539005,0.0023707125482070237,0.08585172446677872,0.37943262411347517,2,timeout 60%,0.0,0
dropout,0.6,mad,2038,14.100000000000065,0.3000000203357434,81,6,0,185,0.3120567375886525,0.0029594352302061817,0.0959619473605496,0.450354609929078,2,timeout 60%,0.0,0
dropout,0.6,mad,2039,13.70000000000006,0.3000000773000178,109,6,0,149,0.4233576642335766,0.0024707698240224152,0.2960336179249748,0.5218978102189781,2,timeout 60%,0.0,0
dropout,0.6,kf,2000,14.300000000000068,0.3000000104303835,102,0,0,174,0.3916083916083916,0.0027701939056040434,0.019826772128385958,0.47202797202797203,2,timeout 60%,0.0,0
dropout,0.6,kf,2001,14.300000000000068,0.3000000104303835,115,0,0,161,0.4160839160839161,0.0033079226552604397,0.05078709592455835,0.5664335664335665,2,timeout 60%,0.0,0
dropout,0.6,kf,2002,14.300000000000068,0.3000000104303835,82,0,0,194,0.3076923076923077,0.002484063350479764,0.030950101193813653,0.4825174825174825,2,timeout 60%,0.0,0
dropout,0.6,kf,2003,14.300000000000068,0.3000000104303835,117,0,0,159,0.4230769230769231,0.003031442739165456,0.01935888710855967,0.6118881118881119,2,timeout 60%,0.0,0
dropout,0.6,kf,2004,14.100000000000065,0.3000000203357434,102,0,0,170,0.37943262411347517,0.0026586354420543917,0.020549438025669043,0.5354609929078015,2,timeout 60%,0.0,0
dropout,0.6,kf,2005,14.300000000000068,0.3000000104303835,78,0,0,198,0.3006993006993007,0.0027883877924132342,0.032611244835983266,0.3811188811188811,2,timeout 60%,0.0,0
dropout,0.6,kf,2006,14.100000000000065,0.3000000203357434,78,0,0,194,0.30141843971631205,0.002741414646729359,0.028980987490176444,0.4219858156028369,2,timeout 60%,0.0,0
dropout,0.6,kf,2007,14.100000000000065,0.3000000203357434,89,0,0,183,0.34397163120567376,0.0020953619027336587,0.04062573520970016,0.450354609929078,2,timeout 60%,0.0,0
dropout,0.6,kf,2008,14.300000000000068,0.3000000104303835,80,0,0,196,0.3111888111888112,0.0021201976812128707,0.03096057791940142,0.3881118881118881,2,timeout 60%,0.0,0
dropout,0.6,kf,2009,14.100000000000065,0.3000000203357434,95,0,0,177,0.3617021276595745,0.0032515442282121812,0.022084251802582056,0.5,2,timeout 60%,0.0,0
dropout,0.6,kf,2010,14.300000000000068,0.3000000104303835,129,0,0,147,0.4825174825174825,0.0028273660430755297,0.03276724076052922,0.6083916083916084,2,timeout 60%,0.0,0
dropout,0.6,kf,2011,14.300000000000068,0.3000000104303835,104,0,0,172,0.3986013986013986,0.002717482100433871,0.05038766362323855,0.506993006993007,2,timeout 60%,0.0,0
dropout,0.6,kf,2012,13.900000000000063,0.30000003964786687,93,0,0,175,0.3597122302158273,0.002614998915183029,0.033772399205054614,0.48201438848920863,2,timeout 60%,0.0,0
dropout,0.6,kf,2013,14.100000000000065,0.3000000203357434,115,0,0,157,0.4397163120567376,0.002643916350033325,0.040122594448003236,0.574468085106383,2,timeout 60%,0.0,0
dropout,0.6,kf,2014,14.100000000000065,0.3000000203357434,81,0,0,191,0.30141843971631205,0.002706915220648858,0.01647868961494566,0.41843971631205673,2,timeout 60%,0.0,0
dropout,0.6,kf,2015,14.100000000000065,0.3000000203357434,112,0,0,160,0.41134751773049644,0.0028805454544215386,0.021396285970630063,0.549645390070922,2,timeout 60%,0.0,0
dropout,0.6,kf,2016,14.300000000000068,0.3000000104303835,88,0,0,188,0.3181818181818182,0.0022090673184227624,0.025565686576855477,0.44755244755244755,2,timeout 60%,0.0,0
dropout,0.6,kf,2017,14.100000000000065,0.3000000203357434,67,0,0,205,0.26595744680851063,0.0024043606501666513,0.03407789357611166,0.3049645390070922,2,timeout 60%,0.0,0
dropout,0.6,kf,2018,14.100000000000065,0.3000000203357434,106,0,0,166,0.40070921985815605,0.0026415554611578726,0.038936984904435146,0.5390070921985816,2,timeout 60%,0.0,0
dropout,0.6,kf,2019,13.900000000000063,0.30000003964786687,108,0,0,160,0.41007194244604317,0.0027327322438708466,0.033918370204125844,0.5251798561151079,2,timeout 60%,0.0,0
dropout,0.6,kf,2020,14.300000000000068,0.3000000104303835,100,0,0,176,0.36713286713286714,0.002793284417413685,0.03222537007966367,0.5909090909090909,2,timeout 60%,0.0,0
dropout,0.6,kf,2021,14.300000000000068,0.3000000104303835,102,0,0,174,0.3776223776223776,0.00277791951034464,0.044268821462606626,0.5384615384615384,2,timeout 60%,0.0,0
dropout,0.6,kf,2022,14.100000000000065,0.3000000203357434,120,0,0,152,0.4432624113475177,0.00362855289585198,0.04410402670088351,0.6453900709219859,2,timeout 60%,0.0,0
dropout,0.6,kf,2023,14.300000000000068,0.3000000104303835,128,0,0,148,0.46153846153846156,0.003066596343234839,0.02385890970477,0.6048951048951049,2,timeout 60%,0.0,0
dropout,0.6,kf,2024,14.100000000000065,0.3000000203357434,90,0,0,182,0.33687943262411346,0.0024120549835182025,0.020642255715685603,0.49645390070921985,2,timeout 60%,0.0,0
dropout,0.6,kf,2025,14.300000000000068,0.3000000104303835,87,0,0,189,0.32167832167832167,0.003426774054242265,0.02356786031207506,0.44755244755244755,2,timeout 60%,0.0,0
dropout,0.6,kf,2026,14.300000000000068,0.3000000104303835,122,0,0,154,0.46153846153846156,0.0029281037711922572,0.032519290667593494,0.6223776223776224,2,timeout 60%,0.0,0
dropout,0.6,kf,2027,14.300000000000068,0.3000000104303835,130,0,0,146,0.479020979020979,0.003248740975743425,0.03518506406104425,0.7272727272727273,2,timeout 60%,0.0,0
dropout,0.6,kf,2028,14.300000000000068,0.3000000104303835,105,0,0,171,0.3916083916083916,0.0031832322917083656,0.03705180383792624,0.5874125874125874,2,timeout 60%,0.0,0
dropout,0.6,kf,2029,14.100000000000065,0.3000000203357434,77,0,0,195,0.2765957446808511,0.002840109725865106,0.01888583191634439,0.4326241134751773,2,timeout 60%,0.0,0
dropout,0.6,kf,2030,14.300000000000068,0.3000000104303835,126,0,0,150,0.4755244755244755,0.003963656702644272,0.017217664552109872,0.6048951048951049,2,timeout 60%,0.0,0
dropout,0.6,kf,2031,14.100000000000065,0.3000000203357434,105,0,0,167,0.4078014184397163,0.00284506509110536,0.024468128017717028,0.5212765957446809,2,timeout 60%,0.0,0
dropout,0.6,kf,2032,14.100000000000065,0.3000000203357434,98,0,0,174,0.375886524822695,0.0033412685269391066,0.025198712967309085,0.5425531914893617,2,timeout 60%,0.0,0
dropout,0.6,kf,2033,14.100000000000065,0.3000000203357434,114,0,0,158,0.4219858156028369,0.0026887375752531173,0.019441433145279463,0.6028368794326241,2,timeout 60%,0.0,0
dropout,0.6,kf,2034,14.300000000000068,0.3000000104303835,133,0,0,143,0.486013986013986,0.0028563274370599556,0.019912298926973153,0.6748251748251748,2,timeout 60%,0.0,0
dropout,0.6,kf,2035,14.100000000000065,0.3000000203357434,117,0,0,155,0.42907801418439717,0.002961453574524884,0.021916451698270535,0.5673758865248227,2,timeout 60%,0.0,0
dropout,0.6,kf,2036,14.100000000000065,0.3000000203357434,104,0,0,168,0.3971631205673759,0.002494418010139009,0.026830974030991075,0.475177304964539,2,timeout 60%,0.0,0
dropout,0.6,kf,2037,14.100000000000065,0.3000000203357434,70,0,0,202,0.25177304964539005,0.0023707125482070237,0.01968306897145056,0.37943262411347517,2,timeout 60%,0.0,0
dropout,0.6,kf,2038,14.100000000000065,0.3000000203357434,81,0,0,191,0.3120567375886525,0.0029594352302061817,0.017433985088168902,0.450354609929078,2,timeout 60%,0.0,0
dropout,0.6,kf,2039,14.100000000000065,0.3000000203357434,114,0,0,158,0.41843971631205673,0.0024327811692594877,0.027543175171358934,0.5354609929078015,2,timeout 60%,0.0,0
dropout,0.6,kf_fallback,2000,20.350000000000154,0.30000000002494553,185,0,0,212,0.47665847665847666,0.00254226957711253,0.023393821828358134,0.5896805896805897,2,timeout 60%,0.0,0
dropout,0.6,kf_fallback,2001,23.250000000000195,0.30000000000000077,214,0,0,241,0.46881720430107526,0.002756317471333069,0.03219893393862742,0.6688172043010753,2,timeout 60%,0.0,0
dropout,0.6,kf_fallback,2002,16.4500000000001,0.30000000001129057,112,0,0,207,0.3677811550151976,0.0024120215198010575,0.03111675841090033,0.5501519756838906,2,timeout 60%,0.0,0
dropout,0.6,kf_fallback,2003,25.850000000000232,0.30000000000000016,257,0,0,250,0.5145067698259188,0.0025220400299668763,0.023126604425084643,0.7736943907156673,2,timeout 60%,0.0,0
dropout,0.6,kf_fallback,2004,20.500000000000156,0.3000000000026905,183,0,0,217,0.47073170731707314,0.002386815202589839,0.022511061545076795,0.6658536585365854,2,timeout 60%,0.0,0
dropout,0.6,kf_fallback,2005,17.650000000000116,0.30000000007737737,127,0,0,216,0.37677053824362605,0.0026953122871752,0.04090993259497652,0.4985835694050991,2,timeout 60%,0.0,0
dropout,0.6,kf_fallback,2006,16.700000000000102,0.3000000000071963,111,0,0,213,0.3562874251497006,0.002612590253404944,0.029117467239382716,0.5119760479041916,2,timeout 60%,0.0,0
dropout,0.6,kf_fallback,2007,17.500000000000114,0.3000000000760731,133,0,0,207,0.4085714285714286,0.002002903130218082,0.039231815103069674,0.5571428571428572,2,timeout 60%,0.0,0
dropout,0.6,kf_fallback,2008,16.100000000000094,0.3000000000496118,108,0,0,204,0.3447204968944099,0.002107029633276069,0.029606416765963844,0.45652173913043476,2,timeout 60%,0.0,0
dropout,0.6,kf_fallback,2009,23.850000000000204,0.30000000000000016,209,0,0,258,0.4444444444444444,0.0026648832127674407,0.025260822004992693,0.6792452830188679,2,timeout 60%,0.0,0
dropout,0.6,kf_fallback,2010,26.200000000000237,0.3000000000011729,280,0,0,234,0.5438931297709924,0.0024364428903203787,0.024314160991733447,0.7633587786259542,2,timeout 60%,0.0,0
dropout,0.6,kf_fallback,2011,18.800000000000132,0.30000000000000354,171,0,0,195,0.47074468085106386,0.0025357697964505333,0.0538899104530332,0.625,2,timeout 60%,0.0,0
dropout,0.6,kf_fallback,2012,24.650000000000215,0.30000000000206617,240,0,0,243,0.49898580121703856,0.0025677212135947706,0.0476487599561463,0.6815415821501014,2,timeout 60%,0.0,0
dropout,0.6,kf_fallback,2013,25.350000000000225,0.3000000000001405,267,0,0,230,0.5325443786982249,0.002424199689955711,0.037911649442370146,0.757396449704142,2,timeout 60%,0.0,0
dropout,0.6,kf_fallback,2014,16.000000000000092,0.300000000042958,103,0,0,207,0.35,0.002612220806230548,0.0157101210164842,0.46875,2,timeout 60%,0.0,0
dropout,0.6,kf_fallback,2015,22.15000000000018,0.3000000000021174,189,0,0,244,0.435665914221219,0.0022941129202879405,0.023412075285489598,0.6162528216704289,2,timeout 60%,0.0,0
dropout,0.6,kf_fallback,2016,14.950000000000077,0.30000000124810056,94,0,0,195,0.3377926421404682,0.0021844383478602874,0.027923885223884146,0.47157190635451507,2,timeout 60%,0.0,0
dropout,0.6,kf_fallback,2017,15.500000000000085,0.3000000002586646,83,0,0,217,0.2903225806451613,0.002315629243791304,0.029465111325203394,0.3419354838709677,2,timeout 60%,0.0,0
dropout,0.6,kf_fallback,2018,22.700000000000188,0.30000000000000016,231,0,0,213,0.5286343612334802,0.0024248360181001946,0.060226111742475046,0.7136563876651982,2,timeout 60%,0.0,0
dropout,0.6,kf_fallback,2019,26.40000000000024,0.3000000000722738,252,0,0,266,0.48863636363636365,0.002325967738676675,0.029740658610043044,0.6742424242424242,2,timeout 60%,0.0,0
dropout,0.6,kf_fallback,2020,23.300000000000196,0.30000000000000016,211,0,0,245,0.463519313304721,0.0024641670157930944,0.03127189083459132,0.7296137339055794,2,timeout 60%,0.0,0
dropout,0.6,kf_fallback,2021,18.300000000000125,0.3000000000000174,150,0,0,206,0.42896174863387976,0.0025431981432678936,0.042942073351407886,0.6284153005464481,2,timeout 60%,0.0,0
dropout,0.6,kf_fallback,2022,26.750000000000245,0.3000000000000336,287,0,0,238,0.5457943925233645,0.002991675867768785,0.02734353600185309,0.7831775700934579,2,timeout 60%,0.0,0
dropout,0.6,kf_fallback,2023,27.90000000000026,0.3000000000049091,298,0,0,250,0.543010752688172,0.0026447742963709854,0.029016820580633956,0.7652329749103942,2,timeout 60%,0.0,0
dropout,0.6,kf_fallback,2024,19.800000000000146,0.3000000000169408,150,0,0,236,0.3939393939393939,0.002123193706876346,0.02084709615191548,0.553030303030303,2,timeout 60%,0.0,0
dropout,0.6,kf_fallback,2025,14.500000000000071,0.30000000547721345,88,0,0,192,0.3310344827586207,0.0033839641650340716,0.02335936745284996,0.45517241379310347,2,timeout 60%,0.0,0
dropout,0.6,kf_fallback,2026,27.250000000000252,0.30000000000000016,269,0,0,266,0.5064220183486239,0.0022938946666987542,0.02692172601234849,0.708256880733945,2,timeout 60%,0.0,0
dropout,0.6,kf_fallback,2027,30.250000000000295,0.3000000000300661,319,0,0,276,0.5355371900826447,0.002795662314647046,0.04190016160947886,0.8198347107438017,2,timeout 60%,0.0,0
dropout,0.6,kf_fallback,2028,23.6000000000002,0.30000000000010607,204,0,0,258,0.4406779661016949,0.0025979287870312815,0.03343618579782004,0.6440677966101694,2,timeout 60%,0.0,0
dropout,0.6,kf_fallback,2029,17.90000000000012,0.3000000000001692,126,0,0,222,0.3715083798882682,0.002688214676189593,0.028112700424168,0.5251396648044693,2,timeout 60%,0.0,0
dropout,0.6,kf_fallback,2030,23.800000000000203,0.3000000000330413,214,0,0,252,0.4684873949579832,0.002860713324985946,0.022878272345877235,0.6470588235294118,2,timeout 60%,0.0,0
dropout,0.6,kf_fallback,2031,22.90000000000019,0.3000000000031473,224,0,0,224,0.5087336244541485,0.0025007683117607444,0.024714032487397564,0.6965065502183406,2,timeout 60%,0.0,0
dropout,0.6,kf_fallback,2032,20.00000000000015,0.30000000000002386,165,0,0,225,0.435,0.00287460031072337,0.024427210683952594,0.675,2,timeout 60%,0.0,0
dropout,0.6,kf_fallback,2033,25.850000000000232,0.3000000000493211,240,0,0,267,0.4835589941972921,0.0022895471089320316,0.020709635767289854,0.690522243713733,2,timeout 60%,0.0,0
dropout,0.6,kf_fallback,2034,28.60000000000027,0.30000000000000016,336,0,0,226,0.5909090909090909,0.0025206686660862493,0.02471830746839255,0.8216783216783217,2,timeout 60%,0.0,0
dropout,0.6,kf_fallback,2035,26.30000000000024,0.30000000000000016,258,0,0,258,0.5038022813688213,0.0025493542708903017,0.02305010181410444,0.7357414448669202,2,timeout 60%,0.0,0
dropout,0.6,kf_fallback,2036,15.10000000000008,0.3000000007609346,115,0,0,177,0.3973509933774834,0.002402078242754067,0.027355070679938344,0.5099337748344371,2,timeout 60%,0.0,0
dropout,0.6,kf_fallback,2037,15.500000000000085,0.30000000024147705,87,0,0,213,0.29354838709677417,0.0022857950300992943,0.02011941699620952,0.42258064516129035,2,timeout 60%,0.0,0
dropout,0.6,kf_fallback,2038,18.75000000000013,0.300000000000032,138,0,0,227,0.3893333333333333,0.0026905320770205885,0.01862646874912258,0.5813333333333334,2,timeout 60%,0.0,0
dropout,0.6,kf_fallback,2039,20.500000000000156,0.30000000000000016,209,0,0,191,0.524390243902439,0.0022927252371091537,0.026585178934950937,0.6804878048780488,2,timeout 60%,0.0,0
out_of_range,0.05,raw,0,13.500000000000057,0.3002109471949482,0,0,7,253,0.0,0.0022086059732850435,1.7361459310599068,0.0,0,invalid 5%,0.0,0
out_of_range,0.05,raw,1,14.100000000000065,0.30000018018471086,0,0,6,266,0.0,0.0017978554805147184,0.973437743744728,0.0,0,invalid 5%,0.0,0
out_of_range,0.05,raw,2,13.900000000000063,0.3031212673406059,0,0,9,259,0.0,0.002164623745327303,1.5940215763765764,0.0,0,invalid 5%,0.0,0
out_of_range,0.05,raw,3,14.100000000000065,0.3118643789555733,0,0,7,266,0.0,0.0022537140338389173,1.3081660652395044,0.0,0,invalid 5%,0.0,0
out_of_range,0.05,raw,4,13.400000000000055,0.35179446140457693,0,0,8,252,0.0,0.0023062772102408207,2.286755850604021,0.0,0,invalid 5%,0.0,0
out_of_range,0.05,raw,5,13.950000000000063,0.3498718279246503,0,0,9,263,0.0,0.0019031512104946888,1.7847446167778098,0.0,0,invalid 5%,0.0,0
out_of_range,0.05,raw,6,13.900000000000063,0.3000009179842305,0,0,5,263,0.0,0.002118482886846656,1.3279123493062388,0.0,0,invalid 5%,0.0,0
out_of_range,0.05,raw,7,13.900000000000063,0.30000004737060865,0,0,5,263,0.0,0.0017405085010996435,1.2560494085947338,0.0,0,invalid 5%,0.0,0
out_of_range,0.05,raw,8,13.950000000000063,0.3203249309751409,0,0,8,262,0.0,0.0025351649512949785,1.4705580420107744,0.0,0,invalid 5%,0.0,0
out_of_range,0.05,raw,9,13.900000000000063,0.30021605066065804,0,0,2,266,0.0,0.0022347255429468835,0.9996390729911732,0.0,0,invalid 5%,0.0,0
out_of_range,0.05,raw,10,13.500000000000057,0.3035729286806968,0,0,7,253,0.0,0.001752726598680778,2.0598915031532536,0.0,0,invalid 5%,0.0,0
out_of_range,0.05,raw,11,13.950000000000063,0.3154976570992842,0,0,9,261,0.0,0.0018270713385392227,1.7047621048557269,0.0,0,invalid 5%,0.0,0
out_of_range,0.05,raw,12,13.800000000000061,0.3515420865404759,0,0,13,255,0.0,0.001903774150184453,1.7194132597057534,0.0,0,invalid 5%,0.0,0
out_of_range,0.05,raw,13,13.70000000000006,0.4326642595850579,0,0,7,259,0.0,0.002356194135900798,2.2566712554232184,0.0,0,invalid 5%,0.04083032448132233,0
out_of_range,0.05,raw,14,13.300000000000054,0.30609121888618573,0,0,9,248,0.0,0.0021973054632620777,2.202218196944334,0.0,0,invalid 5%,0.0,0
out_of_range,0.05,raw,15,14.100000000000065,0.30001146403840895,0,0,4,268,0.0,0.0022652210959202435,0.9600060492742842,0.0,0,invalid 5%,0.0,0
out_of_range,0.05,raw,16,13.75000000000006,0.35155851502865765,0,0,7,261,0.0,0.0021672792283766746,1.7414660810737268,0.0,0,invalid 5%,0.0,0
out_of_range,0.05,raw,17,13.900000000000063,0.30000007142089746,0,0,9,259,0.0,0.0024512948974464606,0.9196638497234653,0.0,0,invalid 5%,0.0,0
out_of_range,0.05,raw,18,13.75000000000006,0.3376566535870956,0,0,7,260,0.0,0.0021080237601079697,1.7775043104181023,0.0,0,invalid 5%,0.0,0
out_of_range,0.05,raw,19,14.000000000000064,0.37693899839685563,0,0,6,266,0.0,0.0020559028583183266,1.4559063093559192,0.0,0,invalid 5%,0.0,0
out_of_range,0.05,raw,20,13.75000000000006,0.3193113734893614,0,0,8,258,0.0,0.0028158837730206505,1.7688792117424983,0.0,0,invalid 5%,0.0,0
out_of_range,0.05,raw,21,14.200000000000067,0.3515501150680432,0,0,9,267,0.0,0.0018502781682134368,1.4308277105072993,0.0,0,invalid 5%,0.0,0
out_of_range,0.05,raw,22,13.300000000000054,0.4319087519025263,0,0,11,245,0.0,0.0025577770037551266,2.316423905324366,0.0,0,invalid 5%,0.03988593987815786,0
out_of_range,0.05,raw,23,13.500000000000057,0.30068074318900845,0,0,5,255,0.0,0.00262634961340471,1.7536245962006534,0.0,0,invalid 5%,0.0,0
out_of_range,0.05,raw,24,14.100000000000065,0.3002160362735156,0,0,5,267,0.0,0.0022770094364523894,0.997817063639876,0.0,0,invalid 5%,0.0,0
out_of_range,0.05,raw,25,13.100000000000051,0.4275605143580626,0,0,11,244,0.0,0.0020733447006511816,2.75499375111119,0.0,0,invalid 5%,0.0344506429475782,0
out_of_range,0.05,raw,26,13.800000000000061,0.3500630968642994,0,0,9,259,0.0,0.0026791461107309846,1.815867781844831,0.0,0,invalid 5%,0.0,0
out_of_range,0.05,raw,27,14.100000000000065,0.30031011817397224,0,0,8,264,0.0,0.0020402466569598983,1.3907978829242327,0.0,0,invalid 5%,0.0,0
out_of_range,0.05,raw,28,13.200000000000053,0.36073803573751345,0,0,7,249,0.0,0.0022974297914851753,2.3553360686614884,0.0,0,invalid 5%,0.0,0
out_of_range,0.05,raw,29,13.800000000000061,0.5654725113768637,0,0,4,264,0.0,0.002588355762075107,2.0470121164279016,0.0,0,invalid 5%,0.20684063922107962,0
out_of_range,0.05,raw,30,13.70000000000006,0.3071807779143162,0,0,13,252,0.0,0.00223175731109169,1.9580247673652582,0.0,0,invalid 5%,0.0,0
out_of_range,0.05,raw,31,13.70000000000006,0.3000016584940794,0,0,7,257,0.0,0.0017866909553074393,1.360843290949696,0.0,0,invalid 5%,0.0,0
out_of_range,0.05,raw,32,13.950000000000063,0.3135680609090884,0,0,11,258,0.0,0.002313961628657848,1.6786060984014626,0.0,0,invalid 5%,0.0,0
out_of_range,0.05,raw,33,13.900000000000063,0.3002760614195255,0,0,13,255,0.0,0.0018731393262365974,1.4516535820027707,0.0,0,invalid 5%,0.0,0
out_of_range,0.05,raw,34,13.500000000000057,0.30580023893299235,0,0,11,250,0.0,0.0017146512590198169,2.2521844051761697,0.0,0,invalid 5%,0.0,0
out_of_range,0.05,raw,35,13.75000000000006,0.3205249091699631,0,0,10,256,0.0,0.0023270437008051223,1.7584160328284062,0.0,0,invalid 5%,0.0,0
out_of_range,0.05,raw,36,13.70000000000006,0.3002765469076325,0,0,11,253,0.0,0.0016659406758036974,1.9636501879090333,0.0,0,invalid 5%,0.0,0
out_of_range,0.05,raw,37,13.70000000000006,0.3000007475350495,0,0,8,256,0.0,0.0021441699307259885,1.6008874484278508,0.0,0,invalid 5%,0.0,0
out_of_range,0.05,raw,38,13.70000000000006,0.3029471847174213,0,0,12,252,0.0,0.002239503099501681,1.7370679490563496,0.0,0,invalid 5%,0.0,0
out_of_range,0.05,raw,39,13.70000000000006,0.3002161569907207,0,0,9,255,0.0,0.0019275155986041542,1.40380025393286,0.0,0,invalid 5%,0.0,0
out_of_range,0.05,median,0,13.70000000000006,0.3000000773000178,7,0,0,257,0.0,0.0021760650904435854,0.06649594438857644,0.0036496350364963502,0,invalid 5%,0.0,0
out_of_range,0.05,median,1,13.70000000000006,0.3000000773000178,6,0,0,258,0.0,0.001812343053889976,0.0720889015962647,0.0,0,invalid 5%,0.0,0
out_of_range,0.05,median,2,13.70000000000006,0.3000000773000178,8,0,0,256,0.0,0.0021696034772591016,0.06995540774099329,0.0036496350364963502,0,invalid 5%,0.0,0
out_of_range,0.05,median,3,13.900000000000063,0.30000003964786687,7,0,0,261,0.0,0.0022679170827599555,0.06437854299765744,0.01079136690647482,0,invalid 5%,0.0,0
out_of_range,0.05,median,4,13.900000000000063,0.30000003964786687,9,0,0,259,0.0,0.0022348157667721057,0.06361853215449202,0.0,0,invalid 5%,0.0,0
out_of_range,0.05,median,5,13.500000000000057,0.3000001507090587,8,0,0,252,0.0,0.0019307332104155299,0.07275442964219565,0.003703703703703704,0,invalid 5%,0.0,0
out_of_range,0.05,median,6,13.70000000000006,0.3000000773000178,5,0,0,259,0.0,0.00212705919987696,0.06827317726339033,0.0,0,invalid 5%,0.0,0
out_of_range,0.05,median,7,13.500000000000057,0.3000001507090587,4,0,0,256,0.0,0.0017589441200244918,0.07871838601172389,0.0,0,invalid 5%,0.0,0
out_of_range,0.05,median,8,13.70000000000006,0.3000000773000178,8,0,0,256,0.0,0.002546649371513731,0.06938019374638549,0.0,0,invalid 5%,0.0,0
out_of_range,0.05,median,9,13.70000000000006,0.3000000773000178,1,0,0,263,0.0,0.002242139744162045,0.06566632332377109,0.0,0,invalid 5%,0.0,0
out_of_range,0.05,median,10,13.900000000000063,0.30000003964786687,9,0,0,259,0.0,0.0017064933857551872,0.05879578343841747,0.0035971223021582736,0,invalid 5%,0.0,0
out_of_range,0.05,median,11,14.100000000000065,0.3000000203357434,10,0,0,262,0.0,0.0018148460523874405,0.06549872480639282,0.010638297872340425,0,invalid 5%,0.0,0
out_of_range,0.05,median,12,13.70000000000006,0.3000000773000178,12,0,0,252,0.0,0.00189941504104365,0.06759117228631316,0.0,0,invalid 5%,0.0,0
out_of_range,0.05,median,13,13.900000000000063,0.30000003964786687,7,0,0,261,0.0,0.002318590977170097,0.06088690116864916,0.0,0,invalid 5%,0.0,0
out_of_range,0.05,median,14,13.70000000000006,0.3000000773000178,9,0,0,255,0.0,0.002133347115356777,0.06723503983738092,0.0,0,invalid 5%,0.0,0
out_of_range,0.05,median,15,13.900000000000063,0.30000003964786687,4,0,0,264,0.0,0.0022809870422328994,0.058199303923397776,0.0,0,invalid 5%,0.0,0
out_of_range,0.05,median,16,13.500000000000057,0.3000001507090587,6,0,0,254,0.0,0.002193722705560232,0.07793071005653276,0.0,0,invalid 5%,0.0,0
out_of_range,0.05,median,17,13.70000000000006,0.3000000773000178,9,0,0,255,0.0,0.002482119435786163,0.06505691449032411,0.0036496350364963502,0,invalid 5%,0.0,0
out_of_range,0.05,median,18,13.900000000000063,0.30000003964786687,7,0,0,261,0.0,0.0020873110763442245,0.06125452346788354,0.0,0,invalid 5%,0.0,0
out_of_range,0.05,median,19,13.70000000000006,0.3000000773000178,6,0,0,258,0.0,0.002092585007114078,0.07382236509450754,0.0036496350364963502,0,invalid 5%,0.0,0
out_of_range,0.05,median,20,13.900000000000063,0.30000003964786687,8,0,0,260,0.0,0.002775149977098277,0.06159192914476405,0.0035971223021582736,0,invalid 5%,0.0,0
out_of_range,0.05,median,21,13.900000000000063,0.30000003964786687,8,0,0,260,0.0,0.001873508583564165,0.06672991138630073,0.007194244604316547,0,invalid 5%,0.0,0
out_of_range,0.05,median,22,13.900000000000063,0.30000003964786687,12,0,0,256,0.0,0.0024795242065930967,0.0646184760358338,0.007194244604316547,0,invalid 5%,0.0,0
out_of_range,0.05,median,23,13.70000000000006,0.3000000773000178,5,0,0,259,0.0,0.0025980301286716097,0.06361733729471178,0.0036496350364963502,0,invalid 5%,0.0,0
out_of_range,0.05,median,24,13.900000000000063,0.30000003964786687,5,0,0,263,0.0,0.00228930005622206,0.05966616770973139,0.0035971223021582736,0,invalid 5%,0.0,0
out_of_range,0.05,median,25,13.70000000000006,0.3000000773000178,12,0,0,252,0.0,0.002011619637503343,0.06720238778864651,0.0036496350364963502,0,invalid 5%,0.0,0
out_of_range,0.05,median,26,13.70000000000006,0.3000000773000178,8,0,0,256,0.0,0.002673548458018148,0.06680019155539216,0.0036496350364963502,0,invalid 5%,0.0,0
out_of_range,0.05,median,27,13.900000000000063,0.30000003964786687,8,0,0,260,0.0,0.0020487598228710667,0.062042767026284036,0.0,0,invalid 5%,0.0,0
out_of_range,0.05,median,28,13.70000000000006,0.3000000773000178,7,0,0,257,0.0,0.0022145676524256627,0.06361064093584103,0.0,0,invalid 5%,0.0,0
out_of_range,0.05,median,29,13.70000000000006,0.3000000773000178,4,0,0,260,0.0,0.0026065536817536017,0.06746168828786384,0.0,0,invalid 5%,0.0,0
out_of_range,0.05,median,30,13.900000000000063,0.30000003964786687,13,0,0,255,0.0,0.0021700685213851025,0.06656745129318978,0.0,0,invalid 5%,0.0,0
out_of_range,0.05,median,31,13.70000000000006,0.3000000773000178,7,0,0,257,0.0,0.0017843238769929667,0.06711457395564514,0.0,0,invalid 5%,0.0,0
out_of_range,0.05,median,32,13.900000000000063,0.30000003964786687,11,0,0,257,0.0,0.0023053268601284827,0.08139793228206321,0.01079136690647482,0,invalid 5%,0.0,0
out_of_range,0.05,median,33,13.500000000000057,0.3000001507090587,12,0,0,248,0.0,0.0019002466591300146,0.07337619724525196,0.0,0,invalid 5%,0.0,0
out_of_range,0.05,median,34,13.900000000000063,0.30000003964786687,11,0,0,257,0.0,0.001652671690453218,0.0617792516757702,0.0,0,invalid 5%,0.0,0
out_of_range,0.05,median,35,13.70000000000006,0.3000000773000178,10,0,0,254,0.0,0.0023185265006994615,0.07379210194799121,0.0,0,invalid 5%,0.0,0
out_of_range,0.05,median,36,13.900000000000063,0.30000003964786687,11,0,0,257,0.0,0.0016337063222300104,0.06406855197362972,0.0,0,invalid 5%,0.0,0
out_of_range,0.05,median,37,13.70000000000006,0.3000000773000178,8,0,0,256,0.0,0.002140495850755834,0.06923664732700419,0.0,0,invalid 5%,0.0,0
out_of_range,0.05,median,38,13.70000000000006,0.3000000773000178,12,0,0,252,0.0,0.0022237905481525123,0.06512699775227121,0.0,0,invalid 5%,0.0,0
out_of_range,0.05,median,39,13.500000000000057,0.3000001507090587,9,0,0,251,0.0,0.0019191224717582413,0.0723898605218975,0.0,0,invalid 5%,0.0,0
out_of_range,0.05,mad,0,14.100000000000065,0.3000000203357434,7,2,0,263,0.0,0.0021302019116357313,0.0312603525527957,0.0,0,invalid 5%,0.0,0
out_of_range,0.05,mad,1,14.100000000000065,0.3000000203357434,6,5,0,261,0.0,0.0017954883792699013,0.03727276377805076,0.0035460992907801418,0,invalid 5%,0.0,0
out_of_range,0.05,mad,2,14.100000000000065,0.3000000203357434,9,2,0,261,0.0,0.002122743863288999,0.031265160681880774,0.0,0,invalid 5%,0.0,0
out_of_range,0.05,mad,3,14.300000000000068,0.3000000104303835,7,4,0,265,0.0,0.0022236698196817437,0.02999588049729538,0.0,0,invalid 5%,0.0,0
out_of_range,0.05,mad,4,14.300000000000068,0.3000000104303835,9,4,0,263,0.0,0.00218984290446164,0.029548909478474952,0.0,0,invalid 5%,0.0,0
out_of_range,0.05,mad,5,14.100000000000065,0.3000000203357434,9,0,0,263,0.0,0.0018830878867803443,0.03149744957065142,0.0035460992907801418,0,invalid 5%,0.0,0
out_of_range,0.05,mad,6,14.100000000000065,0.3000000203357434,5,1,0,266,0.0,0.002091871228977693,0.029152363865937555,0.0,0,invalid 5%,0.0,0
out_of_range,0.05,mad,7,13.900000000000063,0.30000003964786687,5,3,0,260,0.0,0.0017398560890358502,0.03155948169205047,0.007194244604316547,0,invalid 5%,0.0,0
out_of_range,0.05,mad,8,14.300000000000068,0.3000000104303835,8,7,0,261,0.0,0.002474945875426993,0.03321843252709971,0.0,0,invalid 5%,0.0,0
out_of_range,0.05,mad,9,14.100000000000065,0.3000000203357434,2,4,0,266,0.0,0.0022088733182164364,0.03562595400300734,0.0035460992907801418,0,invalid 5%,0.0,0
out_of_range,0.05,mad,10,14.300000000000068,0.3000000104303835,9,3,0,264,0.0,0.0016715763043222388,0.029187156575784176,0.0,0,invalid 5%,0.0,0
out_of_range,0.05,mad,11,14.500000000000071,0.3000000053498363,10,2,0,268,0.0,0.0017863663135848048,0.03095272480723381,0.0034482758620689655,0,invalid 5%,0.0,0
out_of_range,0.05,mad,12,14.100000000000065,0.3000000203357434,13,6,0,253,0.0,0.001859274265482852,0.027434049169860846,0.0,0,invalid 5%,0.0,0
out_of_range,0.05,mad,13,14.300000000000068,0.3000000104303835,9,3,0,264,0.0,0.002298182562378233,0.0351581071102055,0.006993006993006993,0,invalid 5%,0.0,0
out_of_range,0.05,mad,14,14.300000000000068,0.3000000104303835,9,3,0,264,0.0,0.0020809884698260047,0.031402553180439156,0.0,0,invalid 5%,0.0,0
out_of_range,0.05,mad,15,14.300000000000068,0.3000000104303835,4,2,0,270,0.0,0.002239831515335086,0.0289982921465065,0.0,0,invalid 5%,0.0,0
out_of_range,0.05,mad,16,14.100000000000065,0.3000000203357434,7,6,0,259,0.0,0.002126079474022164,0.028762311549373355,0.0,0,invalid 5%,0.0,0
out_of_range,0.05,mad,17,14.100000000000065,0.3000000203357434,9,4,0,259,0.0,0.0024180270006523372,0.02749801116740923,0.0,0,invalid 5%,0.0,0
out_of_range,0.05,mad,18,14.300000000000068,0.3000000104303835,7,10,0,259,0.0,0.00204774148990915,0.032178077802525115,0.02097902097902098,0,invalid 5%,0.0,0
out_of_range,0.05,mad,19,14.300000000000068,0.3000000104303835,7,1,0,268,0.0,0.0020422953952231562,0.03195225924827846,0.006993006993006993,0,invalid 5%,0.0,0
out_of_range,0.05,mad,20,14.300000000000068,0.3000000104303835,8,2,0,266,0.0,0.002717122585683128,0.03004568185139467,0.0,0,invalid 5%,0.0,0
out_of_range,0.05,mad,21,14.300000000000068,0.3000000104303835,9,2,0,265,0.0,0.001835012953410953,0.027020415087242435,0.0,0,invalid 5%,0.0,0
out_of_range,0.05,mad,22,14.300000000000068,0.3000000104303835,13,5,0,258,0.0,0.0024312145176645424,0.032637061862859945,0.0034965034965034965,0,invalid 5%,0.0,0
out_of_range,0.05,mad,23,14.100000000000065,0.3000000203357434,5,5,0,262,0.0,0.0025352037573975203,0.0359076004275044,0.0,0,invalid 5%,0.0,0
out_of_range,0.05,mad,24,14.300000000000068,0.3000000104303835,5,3,0,268,0.0,0.0022561716055188546,0.028479571062799854,0.0034965034965034965,0,invalid 5%,0.0,0
out_of_range,0.05,mad,25,14.100000000000065,0.3000000203357434,13,2,0,257,0.0,0.0019853228070732436,0.03004729724576652,0.0035460992907801418,0,invalid 5%,0.0,0
out_of_range,0.05,mad,26,14.300000000000068,0.3000000106166405,11,1,0,264,0.0,0.00261898623180611,0.03299629799453043,0.01048951048951049,0,invalid 5%,0.0,0
out_of_range,0.05,mad,27,14.300000000000068,0.3000000104303835,8,5,0,263,0.0,0.0020284950907646523,0.03253985818946567,0.0034965034965034965,0,invalid 5%,0.0,0
out_of_range,0.05,mad,28,14.100000000000065,0.3000000203357434,7,4,0,261,0.0,0.002173927961032396,0.031041356025711186,0.0,0,invalid 5%,0.0,0
out_of_range,0.05,mad,29,14.100000000000065,0.3000000203357434,4,6,0,262,0.0,0.0025590213824385638,0.03546506856131713,0.0035460992907801418,0,invalid 5%,0.0,0
out_of_range,0.05,mad,30,14.300000000000068,0.3000000104303835,13,8,0,255,0.0,0.002141804151085135,0.03006343943645966,0.0,0,invalid 5%,0.0,0
out_of_range,0.05,mad,31,14.100000000000065,0.3000000203357434,7,1,0,264,0.0,0.001753709537629895,0.026535654491890163,0.0,0,invalid 5%,0.0,0
out_of_range,0.05,mad,32,14.300000000000068,0.3000000104303835,11,2,0,263,0.0,0.0022494882686900893,0.0362949437172262,0.0,0,invalid 5%,0.0,0
out_of_range,0.05,mad,33,13.900000000000063,0.30000003964786687,13,2,0,253,0.0,0.0018621455629344729,0.032436600299912015,0.0,0,invalid 5%,0.0,0
out_of_range,0.05,mad,34,14.300000000000068,0.3000000104303835,11,2,0,263,0.0,0.0016316697597909987,0.030779568187120788,0.0,0,invalid 5%,0.0,0
out_of_range,0.05,mad,35,14.100000000000065,0.3000000203357434,10,5,0,257,0.0,0.00227802460343025,0.034819862909846434,0.0035460992907801418,0,invalid 5%,0.0,0
out_of_range,0.05,mad,36,14.300000000000068,0.3000000104303835,11,2,0,263,0.0,0.0016052721738286015,0.031204404813640202,0.0,0,invalid 5%,0.0,0
out_of_range,0.05,mad,37,14.100000000000065,0.3000000203357434,8,2,0,262,0.0,0.0021019266815085866,0.03026908560427549,0.0,0,invalid 5%,0.0,0
out_of_range,0.05,mad,38,14.100000000000065,0.3000000203357434,12,0,0,260,0.0,0.0021898776573188597,0.02780322250687646,0.0035460992907801418,0,invalid 5%,0.0,0
out_of_range,0.05,mad,39,13.900000000000063,0.30000003964786687,10,2,0,256,0.0,0.0019171798837103217,0.040631609622240765,0.0035971223021582736,0,invalid 5%,0.0,0
out_of_range,0.05,kf,0,14.100000000000065,0.3000000203357434,7,0,0,265,0.0,0.0021302019116357313,0.017313871344821728,0.0,0,invalid 5%,0.0,0
out_of_range,0.05,kf,1,14.100000000000065,0.3000000203357434,6,0,0,266,0.0,0.0017954883792699013,0.019555354014504343,0.0035460992907801418,0,invalid 5%,0.0,0
out_of_range,0.05,kf,2,14.100000000000065,0.3000000203357434,9,0,0,263,0.0,0.002122743863288999,0.017150077680606595,0.0,0,invalid 5%,0.0,0
out_of_range,0.05,kf,3,14.300000000000068,0.3000000104303835,7,0,0,269,0.0,0.0022236698196817437,0.015335494588280329,0.0,0,invalid 5%,0.0,0
out_of_range,0.05,kf,4,14.300000000000068,0.3000000104303835,9,0,0,267,0.0,0.00218984290446164,0.01639208927056828,0.0,0,invalid 5%,0.0,0
out_of_range,0.05,kf,5,14.100000000000065,0.3000000203357434,9,0,0,263,0.0,0.0018830878867803443,0.016670413132863396,0.0035460992907801418,0,invalid 5%,0.0,0
out_of_range,0.05,kf,6,14.100000000000065,0.3000000203357434,5,0,0,267,0.0,0.002091871228977693,0.017785878930866816,0.0,0,invalid 5%,0.0,0
out_of_range,0.05,kf,7,14.100000000000065,0.3000000203357434,5,0,0,267,0.0,0.0017178754314920957,0.01641473678516554,0.0,0,invalid 5%,0.0,0
out_of_range,0.05,kf,8,14.300000000000068,0.3000000104303835,8,0,0,268,0.0,0.002474945875426993,0.01717178667440746,0.0,0,invalid 5%,0.0,0
out_of_range,0.05,kf,9,14.100000000000065,0.3000000203357434,2,0,0,270,0.0,0.0022088733182164364,0.018217843144568917,0.0035460992907801418,0,invalid 5%,0.0,0
out_of_range,0.05,kf,10,14.300000000000068,0.3000000104303835,9,0,0,267,0.0,0.0016715763043222388,0.017129082388659303,0.0,0,invalid 5%,0.0,0
out_of_range,0.05,kf,11,14.300000000000068,0.3000000104303835,10,0,0,266,0.0,0.0017961585115683527,0.0178563814039706,0.0,0,invalid 5%,0.0,0
out_of_range,0.05,kf,12,14.100000000000065,0.3000000203357434,13,0,0,259,0.0,0.001859274265482852,0.01671431355792076,0.0,0,invalid 5%,0.0,0
out_of_range,0.05,kf,13,14.300000000000068,0.3000000104303835,9,0,0,267,0.0,0.002298182562378233,0.02066749575185103,0.006993006993006993,0,invalid 5%,0.0,0
out_of_range,0.05,kf,14,14.300000000000068,0.3000000104303835,9,0,0,267,0.0,0.0020809884698260047,0.015425141713879023,0.0,0,invalid 5%,0.0,0
out_of_range,0.05,kf,15,14.300000000000068,0.3000000104303835,4,0,0,272,0.0,0.002239831515335086,0.0178909455149869,0.0,0,invalid 5%,0.0,0
out_of_range,0.05,kf,16,14.100000000000065,0.3000000203357434,7,0,0,265,0.0,0.002126079474022164,0.0143464726019796,0.0,0,invalid 5%,0.0,0
out_of_range,0.05,kf,17,14.300000000000068,0.3000000104303835,9,0,0,267,0.0,0.0024109308694296653,0.021800671248149828,0.0,0,invalid 5%,0.0,0
out_of_range,0.05,kf,18,14.300000000000068,0.3000000104303835,7,0,0,269,0.0,0.00204774148990915,0.01834479254185153,0.0,0,invalid 5%,0.0,0
out_of_range,0.05,kf,19,14.300000000000068,0.3000000104303835,7,0,0,269,0.0,0.0020422953952231562,0.019350987061454616,0.006993006993006993,0,invalid 5%,0.0,0
out_of_range,0.05,kf,20,14.300000000000068,0.3000000104303835,8,0,0,268,0.0,0.002717122585683128,0.01724723898214747,0.0,0,invalid 5%,0.0,0
out_of_range,0.05,kf,21,14.300000000000068,0.3000000104303835,9,0,0,267,0.0,0.001835012953410953,0.014797987834001807,0.0,0,invalid 5%,0.0,0
out_of_range,0.05,kf,22,14.300000000000068,0.3000000104303835,13,0,0,263,0.0,0.0024312145176645424,0.0174850800256669,0.0034965034965034965,0,invalid 5%,0.0,0
out_of_range,0.05,kf,23,14.100000000000065,0.3000000203357434,5,0,0,267,0.0,0.0025352037573975203,0.018476003086392363,0.0,0,invalid 5%,0.0,0
out_of_range,0.05,kf,24,14.300000000000068,0.3000000104303835,5,0,0,271,0.0,0.0022561716055188546,0.014821612377099629,0.0034965034965034965,0,invalid 5%,0.0,0
out_of_range,0.05,kf,25,14.100000000000065,0.3000000203357434,13,0,0,259,0.0,0.0019853228070732436,0.015171410618796883,0.0035460992907801418,0,invalid 5%,0.0,0
out_of_range,0.05,kf,26,14.300000000000068,0.3000000104303835,11,0,0,265,0.0,0.0026189176112240745,0.018957541131599535,0.01048951048951049,0,invalid 5%,0.0,0
out_of_range,0.05,kf,27,14.300000000000068,0.3000000104303835,8,0,0,268,0.0,0.0020284950907646523,0.01810605430964921,0.0034965034965034965,0,invalid 5%,0.0,0
out_of_range,0.05,kf,28,14.100000000000065,0.3000000203357434,7,0,0,265,0.0,0.002173927961032396,0.01573439632767405,0.0,0,invalid 5%,0.0,0
out_of_range,0.05,kf,29,14.100000000000065,0.3000000203357434,4,0,0,268,0.0,0.0025590213824385638,0.01681111050126012,0.0035460992907801418,0,invalid 5%,0.0,0
out_of_range,0.05,kf,30,14.300000000000068,0.3000000104303835,13,0,0,263,0.0,0.002141804151085135,0.017568912918770628,0.0,0,invalid 5%,0.0,0
out_of_range,0.05,kf,31,14.100000000000065,0.3000000203357434,7,0,0,265,0.0,0.001753709537629895,0.014572150679500257,0.0,0,invalid 5%,0.0,0
out_of_range,0.05,kf,32,14.300000000000068,0.3000000104303835,11,0,0,265,0.0,0.0022494882686900893,0.020473870479383035,0.0,0,invalid 5%,0.0,0
out_of_range,0.05,kf,33,14.100000000000065,0.3000000203357434,13,0,0,259,0.0,0.0018432428042984524,0.016447223979505245,0.0,0,invalid 5%,0.0,0
out_of_range,0.05,kf,34,14.300000000000068,0.3000000104303835,11,0,0,265,0.0,0.0016316697597909987,0.01721605335953778,0.0,0,invalid 5%,0.0,0
out_of_range,0.05,kf,35,14.100000000000065,0.3000000203357434,10,0,0,262,0.0,0.00227802460343025,0.01566377519482009,0.0035460992907801418,0,invalid 5%,0.0,0
out_of_range,0.05,kf,36,14.300000000000068,0.3000000104303835,11,0,0,265,0.0,0.0016052721738286015,0.015564234369799765,0.0,0,invalid 5%,0.0,0
out_of_range,0.05,kf,37,14.300000000000068,0.3000000104303835,8,0,0,268,0.0,0.002085698062615663,0.017890866731042357,0.0,0,invalid 5%,0.0,0
out_of_range,0.05,kf,38,14.100000000000065,0.3000000203357434,12,0,0,260,0.0,0.0021898776573188597,0.018394395129482724,0.0035460992907801418,0,invalid 5%,0.0,0
out_of_range,0.05,kf,39,14.100000000000065,0.3000000203357434,10,0,0,262,0.0,0.0019077455251229833,0.01764094684417583,0.0070921985815602835,0,invalid 5%,0.0,0
out_of_range,0.05,kf_fallback,0,14.100000000000065,0.3000000203357434,7,0,0,265,0.0,0.0021302019116357313,0.017313871344821728,0.0,0,invalid 5%,0.0,0
out_of_range,0.05,kf_fallback,1,14.600000000000072,0.3000000038782828,7,0,0,275,0.0,0.001749577371349331,0.015802913277455612,0.0,0,invalid 5%,0.0,0
out_of_range,0.05,kf_fallback,2,14.800000000000075,0.3000000020545386,9,0,0,277,0.0,0.0020616473645066846,0.016798282356031865,0.0033783783783783786,0,invalid 5%,0.0,0
out_of_range,0.05,kf_fallback,3,14.300000000000068,0.3000000104303835,7,0,0,269,0.0,0.0022236698196817437,0.015335494588280329,0.0,0,invalid 5%,0.0,0
out_of_range,0.05,kf_fallback,4,14.300000000000068,0.3000000104303835,9,0,0,267,0.0,0.00218984290446164,0.01639208927056828,0.0,0,invalid 5%,0.0,0
out_of_range,0.05,kf_fallback,5,14.900000000000077,0.3000000090369867,9,0,0,279,0.0,0.0018427950192493041,0.015142998832802667,0.0,0,invalid 5%,0.0,0
out_of_range,0.05,kf_fallback,6,14.900000000000077,0.3000000109753787,6,0,0,282,0.0,0.002065233462924784,0.01910542737161224,0.010067114093959731,0,invalid 5%,0.0,0
out_of_range,0.05,kf_fallback,7,14.100000000000065,0.3000000203357434,5,0,0,267,0.0,0.0017178754314920957,0.01641473678516554,0.0,0,invalid 5%,0.0,0
out_of_range,0.05,kf_fallback,8,14.800000000000075,0.3000000117983205,8,0,0,278,0.0,0.0024562332837541204,0.01749749480160944,0.0,0,invalid 5%,0.0,0
out_of_range,0.05,kf_fallback,9,14.100000000000065,0.3000000203357434,2,0,0,270,0.0,0.0022088733182164364,0.018217843144568917,0.0035460992907801418,0,invalid 5%,0.0,0
out_of_range,0.05,kf_fallback,10,14.300000000000068,0.3000000104303835,9,0,0,267,0.0,0.0016715763043222388,0.017129082388659303,0.0,0,invalid 5%,0.0,0
out_of_range,0.05,kf_fallback,11,14.300000000000068,0.3000000104303835,10,0,0,266,0.0,0.0017961585115683527,0.0178563814039706,0.0,0,invalid 5%,0.0,0
out_of_range,0.05,kf_fallback,12,15.500000000000085,0.3000000117633224,16,0,0,284,0.0,0.0018366215732553881,0.015688759741850064,0.00967741935483871,0,invalid 5%,0.0,0
out_of_range,0.05,kf_fallback,13,14.300000000000068,0.3000000104303835,9,0,0,267,0.0,0.002298182562378233,0.02066749575185103,0.006993006993006993,0,invalid 5%,0.0,0
out_of_range,0.05,kf_fallback,14,14.300000000000068,0.3000000104303835,9,0,0,267,0.0,0.0020809884698260047,0.015425141713879023,0.0,0,invalid 5%,0.0,0
out_of_range,0.05,kf_fallback,15,14.300000000000068,0.3000000104303835,4,0,0,272,0.0,0.002239831515335086,0.0178909455149869,0.0,0,invalid 5%,0.0,0
out_of_range,0.05,kf_fallback,16,15.300000000000082,0.3000000005182665,10,0,0,286,0.0,0.0020433484984315005,0.015133852055594378,0.0,0,invalid 5%,0.0,0
out_of_range,0.05,kf_fallback,17,15.250000000000082,0.3000000028483455,10,0,0,285,0.0,0.002309682160469435,0.01909428943415029,0.003278688524590164,0,invalid 5%,0.0,0
out_of_range,0.05,kf_fallback,18,15.050000000000079,0.30000000765754753,8,0,0,283,0.0,0.0020356829154950596,0.018524985301369607,0.0033222591362126247,0,invalid 5%,0.0,0
out_of_range,0.05,kf_fallback,19,14.300000000000068,0.3000000104303835,7,0,0,269,0.0,0.0020422953952231562,0.019350987061454616,0.006993006993006993,0,invalid 5%,0.0,0
out_of_range,0.05,kf_fallback,20,14.45000000000007,0.3000000155086674,8,0,0,271,0.0,0.0027263633002245764,0.01737071772017837,0.0,0,invalid 5%,0.0,0
out_of_range,0.05,kf_fallback,21,15.500000000000085,0.3000000016187181,10,0,0,290,0.0,0.0017671151413359966,0.01552495096858542,0.0,0,invalid 5%,0.0,0
out_of_range,0.05,kf_fallback,22,14.300000000000068,0.3000000104303835,13,0,0,263,0.0,0.0024312145176645424,0.0174850800256669,0.0034965034965034965,0,invalid 5%,0.0,0
out_of_range,0.05,kf_fallback,23,14.100000000000065,0.3000000203357434,5,0,0,267,0.0,0.0025352037573975203,0.018476003086392363,0.0,0,invalid 5%,0.0,0
out_of_range,0.05,kf_fallback,24,14.300000000000068,0.3000000104303835,5,0,0,271,0.0,0.0022561716055188546,0.014821612377099629,0.0034965034965034965,0,invalid 5%,0.0,0
out_of_range,0.05,kf_fallback,25,14.100000000000065,0.3000000203357434,13,0,0,259,0.0,0.0019853228070732436,0.015171410618796883,0.0035460992907801418,0,invalid 5%,0.0,0
out_of_range,0.05,kf_fallback,26,14.300000000000068,0.30000002011361393,11,0,0,265,0.0,0.002631323142957131,0.01922544656557864,0.01048951048951049,0,invalid 5%,0.0,0
out_of_range,0.05,kf_fallback,27,14.850000000000076,0.30000001483822686,8,0,0,279,0.0,0.002013248411811281,0.02020116530942273,0.003367003367003367,0,invalid 5%,0.0,0
out_of_range,0.05,kf_fallback,28,14.100000000000065,0.3000000203357434,7,0,0,265,0.0,0.002173927961032396,0.01573439632767405,0.0,0,invalid 5%,0.0,0
out_of_range,0.05,kf_fallback,29,14.350000000000069,0.30000001554306993,7,0,0,270,0.0,0.0025520605987239564,0.017106513359027586,0.010452961672473868,0,invalid 5%,0.0,0
out_of_range,0.05,kf_fallback,30,15.950000000000092,0.3000000078342807,13,0,0,296,0.0,0.002105042686284006,0.017648468798741532,0.0,0,invalid 5%,0.0,0
out_of_range,0.05,kf_fallback,31,14.100000000000065,0.3000000203357434,7,0,0,265,0.0,0.001753709537629895,0.014572150679500257,0.0,0,invalid 5%,0.0,0
out_of_range,0.05,kf_fallback,32,14.300000000000068,0.30000001191963693,11,0,0,265,0.0,0.002260714009924772,0.019737298687184997,0.0034965034965034965,0,invalid 5%,0.0,0
out_of_range,0.05,kf_fallback,33,14.750000000000075,0.30000001440305046,13,0,0,272,0.0,0.0018189120425851943,0.015474231653591531,0.0,0,invalid 5%,0.0,0
out_of_range,0.05,kf_fallback,34,14.300000000000068,0.30000001191887476,11,0,0,265,0.0,0.001634324168407381,0.017216993594221155,0.0,0,invalid 5%,0.0,0
out_of_range,0.05,kf_fallback,35,15.600000000000087,0.30000000409459726,14,0,0,288,0.0,0.0021870521535405575,0.015185368853851584,0.00641025641025641,0,invalid 5%,0.0,0
out_of_range,0.05,kf_fallback,36,14.600000000000072,0.30000001149049876,11,0,0,271,0.0,0.0016184442344030182,0.01498399728162853,0.00684931506849315,0,invalid 5%,0.0,0
out_of_range,0.05,kf_fallback,37,14.300000000000068,0.3000000104303835,8,0,0,268,0.0,0.002085698062615663,0.017890866731042357,0.0,0,invalid 5%,0.0,0
out_of_range,0.05,kf_fallback,38,16.400000000000098,0.30000000387459885,15,0,0,303,0.0,0.002037848997737285,0.014618142701103233,0.003048780487804878,0,invalid 5%,0.0,0
out_of_range,0.05,kf_fallback,39,14.100000000000065,0.3000000203357434,10,0,0,262,0.0,0.0019077455251229833,0.01764094684417583,0.0070921985815602835,0,invalid 5%,0.0,0
out_of_range,0.15,raw,1000,11.65000000000003,0.3958402841413613,0,0,24,201,0.0,0.0023993474683378416,4.450906814164649,0.0,1,invalid 15%,0.0,0
out_of_range,0.15,raw,1001,12.900000000000048,0.3004557792744588,0,0,22,226,0.0,0.0020560643731839345,3.07159160059315,0.0,1,invalid 15%,0.0,0
out_of_range,0.15,raw,1002,13.75000000000006,0.3212079275668843,0,0,18,248,0.0,0.0019921872889693995,2.062776879072584,0.0,1,invalid 15%,0.0,0
out_of_range,0.15,raw,1003,12.850000000000048,0.5584445886829966,0,0,30,222,0.0,0.0021624597280893126,3.809549514491975,0.0,1,invalid 15%,0.19805573585374575,0
out_of_range,0.15,raw,1004,13.100000000000051,0.44845740102936815,0,0,30,224,0.0,0.0020823798923984382,3.092195262449028,0.0,1,invalid 15%,0.06057175128671016,0
out_of_range,0.15,raw,1005,12.900000000000048,0.43487318156731203,0,0,21,227,0.0,0.0022012978867222473,3.185977924375047,0.0,1,invalid 15%,0.04359147695914001,0
out_of_range,0.15,raw,1006,13.550000000000058,0.3343791475248271,0,0,32,231,0.0,0.002181439796836766,2.896386974464629,0.0,1,invalid 15%,0.0,0
out_of_range,0.15,raw,1007,13.150000000000052,0.34596497438890517,0,0,15,240,0.0,0.0025206430326106316,2.9085839824465824,0.0,1,invalid 15%,0.0,0
out_of_range,0.15,raw,1008,12.950000000000049,0.3409069998639725,0,0,21,230,0.0,0.002499139907919907,2.9924557948231065,0.0,1,invalid 15%,0.0,0
out_of_range,0.15,raw,1009,12.800000000000047,0.3528088693338195,0,0,37,211,0.0,0.0027347544036922977,3.6620250172012465,0.0,1,invalid 15%,0.0,0
out_of_range,0.15,raw,1010,13.500000000000057,0.30286159743397933,0,0,21,239,0.0,0.002267302627895724,2.308700897649223,0.0,1,invalid 15%,0.0,0
out_of_range,0.15,raw,1011,13.600000000000058,0.39284707462638896,0,0,21,245,0.0,0.002741066478486868,2.3736463514123276,0.0,1,invalid 15%,0.0,0
out_of_range,0.15,raw,1012,12.600000000000044,0.5315541887248123,0,0,26,219,0.0,0.002599292304731383,3.6626911848261363,0.0,1,invalid 15%,0.16444273590601535,0
out_of_range,0.15,raw,1013,13.00000000000005,0.36111840244904797,0,0,18,234,0.0,0.0020710306258013137,2.976849656530991,0.0,1,invalid 15%,0.0,0
out_of_range,0.15,raw,1014,12.750000000000046,0.3204457350993725,0,0,21,225,0.0,0.00235106999412948,3.2148294395413246,0.0,1,invalid 15%,0.0,0
out_of_range,0.15,raw,1015,13.100000000000051,0.43608612924692364,0,0,27,226,0.0,0.002091214953473406,2.9637745521877807,0.0,1,invalid 15%,0.04510766155865452,0
out_of_range,0.15,raw,1016,12.400000000000041,0.37396176817071525,0,0,23,218,0.0,0.0024457487714906454,3.7781436368322674,0.0,1,invalid 15%,0.0,0
out_of_range,0.15,raw,1017,12.050000000000036,0.5988931411205851,0,0,21,215,0.0,0.002284818482716262,4.1762371690067575,0.0,1,invalid 15%,0.24861642640073137,0
out_of_range,0.15,raw,1018,13.05000000000005,0.40614808730563906,0,0,24,230,0.0,0.002382865663512923,3.3270593978068006,0.0,1,invalid 15%,0.007685109132048798,0
out_of_range,0.15,raw,1019,13.200000000000053,0.3668610695655784,0,0,30,227,0.0,0.0021374902425572734,2.8689878570308815,0.0,1,invalid 15%,0.0,0
out_of_range,0.15,raw,1020,12.450000000000042,0.5454539780085137,0,0,19,223,0.0,0.0027639103512388332,3.698597575213135,0.0,1,invalid 15%,0.1818174725106421,0
out_of_range,0.15,raw,1021,12.850000000000048,0.5664897019491437,0,0,17,235,0.0,0.00265605162091102,3.234762814806241,0.0,1,invalid 15%,0.20811212743642962,0
out_of_range,0.15,raw,1022,12.950000000000049,0.3150152248876872,0,0,29,220,0.0,0.002035250574004672,3.2808783123703193,0.0,1,invalid 15%,0.0,0
out_of_range,0.15,raw,1023,13.300000000000054,0.31404913928709044,0,0,28,229,0.0,0.00217315850884368,2.6152975554161464,0.0,1,invalid 15%,0.0,0
out_of_range,0.15,raw,1024,13.650000000000059,0.3911779891283958,0,0,31,234,0.0,0.0023174261205891255,2.7429127452052517,0.0,1,invalid 15%,0.0,0
out_of_range,0.15,raw,1025,12.950000000000049,0.31472369739824757,0,0,17,232,0.0,0.0023930495327741928,2.838889232927174,0.0,1,invalid 15%,0.0,0
out_of_range,0.15,raw,1026,13.300000000000054,0.4583499520021386,0,0,22,235,0.0,0.0019425485397589334,2.795336008885863,0.0,1,invalid 15%,0.07293744000267326,0
out_of_range,0.15,raw,1027,12.900000000000048,0.42995302981362404,0,0,33,219,0.0,0.002277507526383714,3.072092190725815,0.0,1,invalid 15%,0.03744128726703003,0
out_of_range,0.15,raw,1028,13.00000000000005,0.3513974401966089,0,0,23,229,0.0,0.002760350907686477,2.988834921575119,0.0,1,invalid 15%,0.0,0
out_of_range,0.15,raw,1029,12.900000000000048,0.3006652649918529,0,0,24,224,0.0,0.0023613557460407477,2.8609103283386803,0.0,1,invalid 15%,0.0,0
out_of_range,0.15,raw,1030,13.450000000000056,0.433578528288989,0,0,30,230,0.0,0.00223997330342143,2.921946914736642,0.0,1,invalid 15%,0.041973160361236245,0
out_of_range,0.15,raw,1031,12.400000000000041,0.36789068685055226,0,0,21,220,0.0,0.0024096648413710806,3.645100623951058,0.0,1,invalid 15%,0.0,0
out_of_range,0.15,raw,1032,12.500000000000043,0.438152161585355,0,0,21,223,0.0,0.0027744016976824167,3.5015144969100054,0.0,1,invalid 15%,0.047690201981693756,0
out_of_range,0.15,raw,1033,13.00000000000005,0.38634904331637454,0,0,23,230,0.0,0.0026761206137543786,3.2721656793153553,0.0,1,invalid 15%,0.0,0
out_of_range,0.15,raw,1034,13.100000000000051,0.30975570499821337,0,0,16,237,0.0,0.0021831468159676268,2.4059735777733295,0.0,1,invalid 15%,0.0,0
out_of_range,0.15,raw,1035,12.250000000000039,0.4142785104688662,0,0,24,215,0.0,0.002929349235885161,3.8323620028159002,0.0,1,invalid 15%,0.017848138086082738,0
out_of_range,0.15,raw,1036,12.650000000000045,0.4222752568473344,0,0,31,214,0.0,0.0024450256367276285,3.5915322784640824,0.0,1,invalid 15%,0.027844071059167988,0
out_of_range,0.15,raw,1037,13.300000000000054,0.47713273585544075,0,0,26,233,0.0,0.0024321791757632052,2.7995547732050663,0.0,1,invalid 15%,0.09641591981930091,0
out_of_range,0.15,raw,1038,13.250000000000053,0.4217531523102861,0,0,27,232,0.0,0.001997581890221083,2.8886270246230374,0.0,1,invalid 15%,0.02719144038785759,0
out_of_range,0.15,raw,1039,12.800000000000047,0.5424156703630973,0,0,22,226,0.0,0.0025871784778156172,3.268230372280438,0.0,1,invalid 15%,0.17801958795387166,0
out_of_range,0.15,median,1000,13.900000000000063,0.30000003964786687,34,0,0,234,0.0,0.002098340912039627,0.08011767616534378,0.046762589928057555,1,invalid 15%,0.0,0
out_of_range,0.15,median,1001,13.70000000000006,0.3000000773000178,24,0,0,240,0.0,0.001956061180728567,0.07811474634521158,0.0072992700729927005,1,invalid 15%,0.0,0
out_of_range,0.15,median,1002,13.70000000000006,0.3000000773000178,18,0,0,246,0.0,0.0019597062420022827,0.06446099773471081,0.0036496350364963502,1,invalid 15%,0.0,0
out_of_range,0.15,median,1003,13.300000000000054,0.30000029383201743,31,0,0,225,0.0,0.0021039511294178633,0.11841520880379787,0.007518796992481203,1,invalid 15%,0.0,0
out_of_range,0.15,median,1004,13.100000000000051,0.3000005728736853,30,0,0,222,0.0,0.002054388820527752,0.11509435609107868,0.003816793893129771,1,invalid 15%,0.0,0
out_of_range,0.15,median,1005,13.70000000000006,0.3000000773000178,24,0,0,240,0.0,0.002102287537226943,0.08009016819664058,0.010948905109489052,1,invalid 15%,0.0,0
out_of_range,0.15,median,1006,13.900000000000063,0.30000003964786687,32,0,0,236,0.0,0.0020880592956602803,0.08176813488211997,0.02158273381294964,1,invalid 15%,0.0,0
out_of_range,0.15,median,1007,13.70000000000006,0.3000000773000178,16,0,0,248,0.0,0.0024342784567639823,0.06841493953758357,0.010948905109489052,1,invalid 15%,0.0,0
out_of_range,0.15,median,1008,13.900000000000063,0.30000003964786687,24,0,0,244,0.0,0.002341953647686791,0.0684271025629132,0.0035971223021582736,1,invalid 15%,0.0,0
out_of_range,0.15,median,1009,13.70000000000006,0.3000000773000178,41,0,0,223,0.0,0.0025681901340906467,0.10306057037436564,0.014598540145985401,1,invalid 15%,0.0,0
out_of_range,0.15,median,1010,13.900000000000063,0.30000003964786687,21,1,0,246,0.0,0.0021950605967982527,0.07026673877433164,0.01079136690647482,1,invalid 15%,0.0,0
out_of_range,0.15,median,1011,13.900000000000063,0.30000003964786687,21,0,0,247,0.0,0.00267444276169052,0.07489389406816353,0.01079136690647482,1,invalid 15%,0.0,0
out_of_range,0.15,median,1012,13.70000000000006,0.3000000773000178,31,0,0,233,0.0,0.0024271488801598023,0.08224886648023541,0.0072992700729927005,1,invalid 15%,0.0,0
out_of_range,0.15,median,1013,13.900000000000063,0.30000003964786687,18,0,0,250,0.0,0.0019577495796416922,0.0715443976403099,0.0,1,invalid 15%,0.0,0
out_of_range,0.15,median,1014,13.70000000000006,0.3000000773000178,23,0,0,241,0.0,0.0021961759330720253,0.08066209819204172,0.0072992700729927005,1,invalid 15%,0.0,0
out_of_range,0.15,median,1015,13.900000000000063,0.30000003964786687,30,0,0,238,0.0,0.002014872077908821,0.0800863505674131,0.014388489208633094,1,invalid 15%,0.0,0
out_of_range,0.15,median,1016,13.70000000000006,0.3000000773000178,25,0,0,239,0.0,0.0022631761144682174,0.07890509350889216,0.0,1,invalid 15%,0.0,0
out_of_range,0.15,median,1017,13.70000000000006,0.3000000773000178,26,0,0,238,0.0,0.0020988053636484265,0.07812330917662423,0.05474452554744526,1,invalid 15%,0.0,0
out_of_range,0.15,median,1018,13.500000000000057,0.3000001507090587,25,0,0,235,0.0,0.0022874795871419425,0.08700961254024372,0.007407407407407408,1,invalid 15%,0.0,0
out_of_range,0.15,median,1019,13.70000000000006,0.3000000773000178,30,0,0,234,0.0,0.0020703443791318834,0.07840245810671395,0.0036496350364963502,1,invalid 15%,0.0,0
out_of_range,0.15,median,1020,13.900000000000063,0.30000003964786687,23,0,0,245,0.0,0.0025208405062133723,0.0737608524255422,0.0035971223021582736,1,invalid 15%,0.0,0
out_of_range,0.15,median,1021,13.500000000000057,0.3000001507090587,19,0,0,241,0.0,0.00258037419509309,0.08532237908243279,0.014814814814814815,1,invalid 15%,0.0,0
out_of_range,0.15,median,1022,13.900000000000063,0.30000003964786687,31,0,0,237,0.0,0.0018998701837998181,0.08527505235345358,0.007194244604316547,1,invalid 15%,0.0,0
out_of_range,0.15,median,1023,13.900000000000063,0.30000003964786687,29,0,0,239,0.0,0.002070876318058055,0.07855978999176488,0.007194244604316547,1,invalid 15%,0.0,0
out_of_range,0.15,median,1024,13.300000000000054,0.30000029383201743,31,0,0,225,0.0,0.0023270975018094544,0.0861129058865026,0.007518796992481203,1,invalid 15%,0.0,0
out_of_range,0.15,median,1025,13.70000000000006,0.3000000773000178,18,0,0,246,0.0,0.002257204033684961,0.07558157516532883,0.0,1,invalid 15%,0.0,0
out_of_range,0.15,median,1026,13.70000000000006,0.3000000773000178,22,0,0,242,0.0,0.0018747501580174133,0.07732400873372267,0.0036496350364963502,1,invalid 15%,0.0,0
out_of_range,0.15,median,1027,13.900000000000063,0.30000003964786687,36,0,0,232,0.0,0.0021429883463263493,0.08220979692020494,0.01079136690647482,1,invalid 15%,0.0,0
out_of_range,0.15,median,1028,13.500000000000057,0.3000001507090587,25,0,0,235,0.0,0.002707500035203988,0.10849887187392637,0.014814814814814815,1,invalid 15%,0.0,0
out_of_range,0.15,median,1029,13.900000000000063,0.30000003964786687,28,0,0,240,0.0,0.002213617436661042,0.08279360582634473,0.0035971223021582736,1,invalid 15%,0.0,0
out_of_range,0.15,median,1030,13.900000000000063,0.30000003964786687,31,1,0,236,0.0,0.0021581764066722384,0.08397820694758396,0.025179856115107913,1,invalid 15%,0.0,0
out_of_range,0.15,median,1031,13.70000000000006,0.3000000773000178,24,0,0,240,0.0,0.0022324823375515575,0.1031427209057296,0.0036496350364963502,1,invalid 15%,0.0,0
out_of_range,0.15,median,1032,13.70000000000006,0.3000000773000178,22,0,0,242,0.0,0.00258610530033294,0.07448715684578568,0.025547445255474453,1,invalid 15%,0.0,0
out_of_range,0.15,median,1033,13.70000000000006,0.3000000773000178,25,0,0,239,0.0,0.0025675041619712146,0.08678361444167516,0.0036496350364963502,1,invalid 15%,0.0,0
out_of_range,0.15,median,1034,13.900000000000063,0.30000003964786687,17,0,0,251,0.0,0.00209198068708211,0.06916029447762459,0.007194244604316547,1,invalid 15%,0.0,0
out_of_range,0.15,median,1035,13.500000000000057,0.3000001507090587,29,0,0,231,0.0,0.0027377967589958105,0.09179542108659122,0.014814814814814815,1,invalid 15%,0.0,0
out_of_range,0.15,median,1036,13.70000000000006,0.3000000773000178,32,0,0,232,0.0,0.002275597683388524,0.09101709179233756,0.014598540145985401,1,invalid 15%,0.0,0
out_of_range,0.15,median,1037,13.900000000000063,0.30000003964786687,27,0,0,241,0.0,0.0023178161177204878,0.08086957993811898,0.0,1,invalid 15%,0.0,0
out_of_range,0.15,median,1038,13.70000000000006,0.3000000773000178,28,0,0,236,0.0,0.0019452712955295224,0.07706789474445887,0.0072992700729927005,1,invalid 15%,0.0,0
out_of_range,0.15,median,1039,13.500000000000057,0.3000001507090587,25,0,0,235,0.0,0.002498792699456561,0.0869590549802819,0.011111111111111112,1,invalid 15%,0.0,0
out_of_range,0.15,mad,1000,14.300000000000068,0.3000000104303835,34,6,0,236,0.0,0.002054888348497688,0.04067096782595116,0.06993006993006994,1,invalid 15%,0.0,0
out_of_range,0.15,mad,1001,14.100000000000065,0.3000000203357434,25,1,0,246,0.0,0.0019233310886145227,0.03128159100960896,0.0070921985815602835,1,invalid 15%,0.0,0
out_of_range,0.15,mad,1002,14.100000000000065,0.3000000203357434,20,2,0,250,0.0,0.0019458640923804558,0.0324291929207882,0.014184397163120567,1,invalid 15%,0.0,0
out_of_range,0.15,mad,1003,13.900000000000063,0.30000003964786687,34,4,0,230,0.0,0.0020452023201994866,0.034288678053048166,0.007194244604316547,1,invalid 15%,0.0,0
out_of_range,0.15,mad,1004,13.900000000000063,0.30000003964786687,31,3,0,234,0.0,0.001968393684298242,0.032980971914014924,0.0,1,invalid 15%,0.0,0
out_of_range,0.15,mad,1005,14.100000000000065,0.3000000203357434,24,4,0,244,0.0,0.00206002896187384,0.035476357036573175,0.0,1,invalid 15%,0.0,0
out_of_range,0.15,mad,1006,14.300000000000068,0.3000000104303835,32,5,0,239,0.0,0.0020456021409581,0.03147123439321462,0.02097902097902098,1,invalid 15%,0.0,0
out_of_range,0.15,mad,1007,14.100000000000065,0.3000000203357434,17,2,0,253,0.0,0.002370230059282452,0.02928853579804555,0.0035460992907801418,1,invalid 15%,0.0,0
out_of_range,0.15,mad,1008,14.300000000000068,0.3000000104303835,25,5,0,246,0.0,0.002301857470352998,0.03017492680980654,0.006993006993006993,1,invalid 15%,0.0,0
out_of_range,0.15,mad,1009,14.300000000000068,0.3000000104303835,42,1,0,233,0.0,0.0024993224713826326,0.038755484418565994,0.017482517482517484,1,invalid 15%,0.0,0
out_of_range,0.15,mad,1010,14.500000000000071,0.3000000053498363,25,5,0,250,0.0,0.0021344626745043063,0.03023744492292036,0.013793103448275862,1,invalid 15%,0.0,0
out_of_range,0.15,mad,1011,14.300000000000068,0.3000000104303835,21,2,0,253,0.0,0.0026310216543214255,0.0371685898738114,0.0034965034965034965,1,invalid 15%,0.0,0
out_of_range,0.15,mad,1012,14.100000000000065,0.3000000203357434,33,6,0,233,0.0,0.002386341661044587,0.030774521790308554,0.010638297872340425,1,invalid 15%,0.0,0
out_of_range,0.15,mad,1013,14.300000000000068,0.3000000104303835,20,5,0,251,0.0,0.0019280770273430656,0.029841383730910755,0.006993006993006993,1,invalid 15%,0.0,0
out_of_range,0.15,mad,1014,14.300000000000068,0.3000000104303835,24,0,0,252,0.0,0.002122685598577637,0.030430656657080578,0.0,1,invalid 15%,0.0,0
out_of_range,0.15,mad,1015,14.300000000000068,0.3000000104303835,31,5,0,240,0.0,0.0019741261176738785,0.029619507536210562,0.01048951048951049,1,invalid 15%,0.0,0
out_of_range,0.15,mad,1016,14.100000000000065,0.3000000203357434,26,3,0,243,0.0,0.002247147831996109,0.037957838673935734,0.010638297872340425,1,invalid 15%,0.0,0
out_of_range,0.15,mad,1017,14.100000000000065,0.3000000203357434,27,3,0,242,0.0,0.0020569929216019255,0.03301916716874637,0.05319148936170213,1,invalid 15%,0.0,0
out_of_range,0.15,mad,1018,14.100000000000065,0.3000000203357434,26,4,0,242,0.0,0.0022213811204056326,0.0330791516901086,0.0,1,invalid 15%,0.0,0
out_of_range,0.15,mad,1019,14.100000000000065,0.3000000203357434,31,6,0,235,0.0,0.002043838913836092,0.03479565669883396,0.010638297872340425,1,invalid 15%,0.0,0
out_of_range,0.15,mad,1020,14.300000000000068,0.3000000104303835,23,0,0,253,0.0,0.0024662541139543245,0.025681883669220144,0.0,1,invalid 15%,0.0,0
out_of_range,0.15,mad,1021,14.100000000000065,0.3000000203357434,21,3,0,248,0.0,0.0024915391424978014,0.031184731066165913,0.0,1,invalid 15%,0.0,0
out_of_range,0.15,mad,1022,14.300000000000068,0.3000000104303835,32,3,0,241,0.0,0.0018591392255004155,0.036298546422224034,0.0034965034965034965,1,invalid 15%,0.0,0
out_of_range,0.15,mad,1023,14.300000000000068,0.3000000104303835,30,6,0,240,0.0,0.0020496581984945127,0.03923689550622857,0.006993006993006993,1,invalid 15%,0.0,0
out_of_range,0.15,mad,1024,13.900000000000063,0.30000003964786687,32,0,0,236,0.0,0.0022718078564171323,0.03391386003638775,0.007194244604316547,1,invalid 15%,0.0,0
out_of_range,0.15,mad,1025,14.100000000000065,0.3000000203357434,19,7,0,246,0.0,0.0022445876512557795,0.03166120799449381,0.0070921985815602835,1,invalid 15%,0.0,0
out_of_range,0.15,mad,1026,14.100000000000065,0.3000000203357434,23,8,0,241,0.0,0.0018687529199997916,0.029767419697085837,0.010638297872340425,1,invalid 15%,0.0,0
out_of_range,0.15,mad,1027,14.300000000000068,0.3000000104303835,36,6,0,234,0.0,0.0021067920074949046,0.0339019859856987,0.0,1,invalid 15%,0.0,0
out_of_range,0.15,mad,1028,13.900000000000063,0.30000003964786687,26,4,0,238,0.0,0.0026358850494767484,0.038151889984617,0.01079136690647482,1,invalid 15%,0.0,0
out_of_range,0.15,mad,1029,14.300000000000068,0.3000000104303835,30,2,0,244,0.0,0.0021647778016631153,0.03172750813843532,0.0034965034965034965,1,invalid 15%,0.0,0
out_of_range,0.15,mad,1030,14.300000000000068,0.3000000104303835,32,1,0,243,0.0,0.0021265278420247793,0.03124899391145253,0.006993006993006993,1,invalid 15%,0.0,0
out_of_range,0.15,mad,1031,14.100000000000065,0.3000000203357434,25,4,0,243,0.0,0.002196367651918649,0.0390602797622622,0.010638297872340425,1,invalid 15%,0.0,0
out_of_range,0.15,mad,1032,14.100000000000065,0.3000000203357434,23,6,0,243,0.0,0.0025610631273652994,0.03577517966289007,0.04964539007092199,1,invalid 15%,0.0,0
out_of_range,0.15,mad,1033,14.300000000000068,0.3000000104303835,27,2,0,247,0.0,0.0025093884644612394,0.03769739049566489,0.0034965034965034965,1,invalid 15%,0.0,0
out_of_range,0.15,mad,1034,14.300000000000068,0.3000000104303835,17,0,0,259,0.0,0.0020644681524683906,0.03202111369857808,0.0034965034965034965,1,invalid 15%,0.0,0
out_of_range,0.15,mad,1035,14.300000000000068,0.3000000104303835,30,2,0,244,0.0,0.0026213802750181888,0.036544205766992396,0.0034965034965034965,1,invalid 15%,0.0,0
out_of_range,0.15,mad,1036,14.100000000000065,0.3000000203357434,33,0,0,239,0.0,0.002239440708907012,0.03479823258812562,0.02127659574468085,1,invalid 15%,0.0,0
out_of_range,0.15,mad,1037,14.300000000000068,0.3000000104303835,29,8,0,239,0.0,0.0022897400101660084,0.03791132423734019,0.01048951048951049,1,invalid 15%,0.0,0
out_of_range,0.15,mad,1038,14.100000000000065,0.3000000203357434,29,3,0,240,0.0,0.0019259647085618594,0.03114598041324374,0.0070921985815602835,1,invalid 15%,0.0,0
out_of_range,0.15,mad,1039,14.100000000000065,0.3000000203357434,26,2,0,244,0.0,0.0024397764447718594,0.031223888118691853,0.0035460992907801418,1,invalid 15%,0.0,0
out_of_range,0.15,kf,1000,14.100000000000065,0.3000000203357434,34,0,0,238,0.0,0.002065655565808117,0.0185764734892832,0.0425531914893617,1,invalid 15%,0.0,0
out_of_range,0.15,kf,1001,14.300000000000068,0.3000000104303835,25,0,0,251,0.0,0.0018956112015295467,0.016144616191250245,0.0,1,invalid 15%,0.0,0
out_of_range,0.15,kf,1002,14.300000000000068,0.3000000104303835,21,0,0,255,0.0,0.0019381004303189574,0.018578524255321582,0.013986013986013986,1,invalid 15%,0.0,0
out_of_range,0.15,kf,1003,14.100000000000065,0.3000000203357434,34,0,0,238,0.0,0.0020372330494793454,0.015811446905095342,0.014184397163120567,1,invalid 15%,0.0,0
out_of_range,0.15,kf,1004,14.100000000000065,0.3000000203357434,31,0,0,241,0.0,0.00195799618396518,0.016930156298842185,0.0035460992907801418,1,invalid 15%,0.0,0
out_of_range,0.15,kf,1005,14.100000000000065,0.3000000203357434,24,0,0,248,0.0,0.00206002896187384,0.016503062850728546,0.0,1,invalid 15%,0.0,0
out_of_range,0.15,kf,1006,14.100000000000065,0.3000000203357434,32,0,0,240,0.0,0.002076529261550678,0.01760109668213396,0.02127659574468085,1,invalid 15%,0.0,0
out_of_range,0.15,kf,1007,14.100000000000065,0.3000000203357434,17,0,0,255,0.0,0.002370230059282452,0.017116359615691527,0.0035460992907801418,1,invalid 15%,0.0,0
out_of_range,0.15,kf,1008,14.300000000000068,0.3000000104303835,25,0,0,251,0.0,0.002301857470352998,0.01800572148780937,0.006993006993006993,1,invalid 15%,0.0,0
out_of_range,0.15,kf,1009,14.300000000000068,0.3000000104303835,42,0,0,234,0.0,0.0024993224713826326,0.019082520406292193,0.017482517482517484,1,invalid 15%,0.0,0
out_of_range,0.15,kf,1010,14.300000000000068,0.3000000104303835,24,0,0,252,0.0,0.0021521948743441527,0.018435373894115866,0.01048951048951049,1,invalid 15%,0.0,0
out_of_range,0.15,kf,1011,14.300000000000068,0.3000000104303835,21,0,0,255,0.0,0.0026310216543214255,0.0167686784232652,0.0034965034965034965,1,invalid 15%,0.0,0
out_of_range,0.15,kf,1012,14.100000000000065,0.3000000203357434,33,0,0,239,0.0,0.002386341661044587,0.01752878133008876,0.010638297872340425,1,invalid 15%,0.0,0
out_of_range,0.15,kf,1013,14.300000000000068,0.3000000104303835,20,0,0,256,0.0,0.0019280770273430656,0.017320263801891316,0.006993006993006993,1,invalid 15%,0.0,0
out_of_range,0.15,kf,1014,14.300000000000068,0.3000000104303835,24,0,0,252,0.0,0.002122685598577637,0.016118384634387254,0.0,1,invalid 15%,0.0,0
out_of_range,0.15,kf,1015,14.300000000000068,0.3000000104303835,31,0,0,245,0.0,0.0019741261176738785,0.017969414239294178,0.01048951048951049,1,invalid 15%,0.0,0
out_of_range,0.15,kf,1016,14.100000000000065,0.3000000203357434,26,0,0,246,0.0,0.002247147831996109,0.018679739281234783,0.010638297872340425,1,invalid 15%,0.0,0
out_of_range,0.15,kf,1017,14.100000000000065,0.3000000203357434,27,0,0,245,0.0,0.0020569929216019255,0.018645253863027733,0.05319148936170213,1,invalid 15%,0.0,0
out_of_range,0.15,kf,1018,14.300000000000068,0.3000000104303835,27,0,0,249,0.0,0.0022046849131586617,0.01775828307596327,0.0034965034965034965,1,invalid 15%,0.0,0
out_of_range,0.15,kf,1019,14.100000000000065,0.3000000203357434,31,0,0,241,0.0,0.002043838913836092,0.017796489885852432,0.010638297872340425,1,invalid 15%,0.0,0
out_of_range,0.15,kf,1020,14.300000000000068,0.3000000104303835,23,0,0,253,0.0,0.0024662541139543245,0.0166858224063321,0.0,1,invalid 15%,0.0,0
out_of_range,0.15,kf,1021,14.100000000000065,0.3000000203357434,21,0,0,251,0.0,0.0024915391424978014,0.016190722254577537,0.0,1,invalid 15%,0.0,0
out_of_range,0.15,kf,1022,14.300000000000068,0.3000000104303835,32,0,0,244,0.0,0.0018591392255004155,0.016670057926997783,0.0034965034965034965,1,invalid 15%,0.0,0
out_of_range,0.15,kf,1023,14.100000000000065,0.3000000203357434,30,0,0,242,0.0,0.002065105961331515,0.018903274435862847,0.014184397163120567,1,invalid 15%,0.0,0
out_of_range,0.15,kf,1024,14.300000000000068,0.3000000104303835,33,0,0,243,0.0,0.0022231596004031575,0.01841079622203434,0.006993006993006993,1,invalid 15%,0.0,0
out_of_range,0.15,kf,1025,14.100000000000065,0.3000000203357434,19,0,0,253,0.0,0.0022445876512557795,0.018455737932016415,0.0070921985815602835,1,invalid 15%,0.0,0
out_of_range,0.15,kf,1026,14.300000000000068,0.3000000104303835,25,0,0,251,0.0,0.0018507475029364321,0.01898107206280659,0.01048951048951049,1,invalid 15%,0.0,0
out_of_range,0.15,kf,1027,14.300000000000068,0.3000000104303835,36,0,0,240,0.0,0.0021067920074949046,0.019512362050697167,0.0,1,invalid 15%,0.0,0
out_of_range,0.15,kf,1028,14.100000000000065,0.3000000203357434,26,0,0,246,0.0,0.0026043638588953374,0.019951486430851963,0.0070921985815602835,1,invalid 15%,0.0,0
out_of_range,0.15,kf,1029,14.100000000000065,0.3000000203357434,28,0,0,244,0.0,0.00220083454912204,0.017038368892125188,0.010638297872340425,1,invalid 15%,0.0,0
out_of_range,0.15,kf,1030,14.300000000000068,0.3000000104303835,32,0,0,244,0.0,0.0021265278420247793,0.015448794657053986,0.006993006993006993,1,invalid 15%,0.0,0
out_of_range,0.15,kf,1031,14.100000000000065,0.3000000203357434,25,0,0,247,0.0,0.002196367651918649,0.015734183181308856,0.010638297872340425,1,invalid 15%,0.0,0
out_of_range,0.15,kf,1032,14.100000000000065,0.3000000203357434,23,0,0,249,0.0,0.0025610631273652994,0.015220971164063325,0.03900709219858156,1,invalid 15%,0.0,0
out_of_range,0.15,kf,1033,14.300000000000068,0.3000000104303835,27,0,0,249,0.0,0.0025093884644612394,0.02190723016580719,0.0034965034965034965,1,invalid 15%,0.0,0
out_of_range,0.15,kf,1034,14.300000000000068,0.3000000104303835,17,0,0,259,0.0,0.0020644681524683906,0.017653064139269963,0.0034965034965034965,1,invalid 15%,0.0,0
out_of_range,0.15,kf,1035,14.300000000000068,0.3000000104303835,30,0,0,246,0.0,0.0026213802750181888,0.017267501885548663,0.0034965034965034965,1,invalid 15%,0.0,0
out_of_range,0.15,kf,1036,14.100000000000065,0.3000000203357434,33,0,0,239,0.0,0.002239440708907012,0.019886384964356348,0.02127659574468085,1,invalid 15%,0.0,0
out_of_range,0.15,kf,1037,14.300000000000068,0.3000000104303835,29,0,0,247,0.0,0.0022897400101660084,0.019042869063255502,0.01048951048951049,1,invalid 15%,0.0,0
out_of_range,0.15,kf,1038,14.100000000000065,0.3000000203357434,29,0,0,243,0.0,0.0019259647085618594,0.018935840005819243,0.0070921985815602835,1,invalid 15%,0.0,0
out_of_range,0.15,kf,1039,14.100000000000065,0.3000000203357434,26,0,0,246,0.0,0.0024397764447718594,0.019013206170231688,0.0035460992907801418,1,invalid 15%,0.0,0
out_of_range,0.15,kf_fallback,1000,16.800000000000104,0.30000000010214084,43,0,0,283,0.0,0.001917875759323839,0.019768421136925226,0.044642857142857144,1,invalid 15%,0.0,0
out_of_range,0.15,kf_fallback,1001,16.6000000000001,0.30000000007221395,28,0,0,294,0.0,0.0017679152363518774,0.016018624998347306,0.0,1,invalid 15%,0.0,0
out_of_range,0.15,kf_fallback,1002,15.80000000000009,0.30000002002812276,27,0,0,279,0.0,0.0019871454268940826,0.01765830955645056,0.0,1,invalid 15%,0.0,0
out_of_range,0.15,kf_fallback,1003,20.05000000000015,0.3000000000921142,57,0,0,334,0.0,0.001868638585233717,0.017229565590646072,0.007481296758104738,1,invalid 15%,0.0,0
out_of_range,0.15,kf_fallback,1004,19.000000000000135,0.3000000000705508,44,0,0,326,0.0,0.0018350651471318892,0.016118092587526944,0.002631578947368421,1,invalid 15%,0.0,0
out_of_range,0.15,kf_fallback,1005,19.100000000000136,0.3000000001975835,39,0,0,333,0.0,0.002016061871016322,0.017898678686325904,0.005235602094240838,1,invalid 15%,0.0,0
out_of_range,0.15,kf_fallback,1006,19.30000000000014,0.30000000007353184,42,0,0,334,0.0,0.0019324681200560078,0.015859401639005587,0.015544041450777202,1,invalid 15%,0.0,0
out_of_range,0.15,kf_fallback,1007,15.500000000000085,0.30000000404845245,21,0,0,279,0.0,0.0022729590854084184,0.01806800677404817,0.0032258064516129032,1,invalid 15%,0.0,0
out_of_range,0.15,kf_fallback,1008,17.600000000000115,0.30000001061366105,39,0,0,303,0.0,0.0022893468497346176,0.016593459418571693,0.002840909090909091,1,invalid 15%,0.0,0
out_of_range,0.15,kf_fallback,1009,20.350000000000154,0.30000000024127416,59,0,0,338,0.0,0.0022195380251501147,0.015918530909249728,0.009828009828009828,1,invalid 15%,0.0,0
out_of_range,0.15,kf_fallback,1010,16.350000000000097,0.3000000070358886,30,0,0,287,0.0,0.002171993196255287,0.01932963057418804,0.012232415902140673,1,invalid 15%,0.0,0
out_of_range,0.15,kf_fallback,1011,16.150000000000095,0.3000000072007181,27,0,0,286,0.0,0.0025176325630393488,0.01698432676649703,0.015479876160990712,1,invalid 15%,0.0,0
out_of_range,0.15,kf_fallback,1012,19.40000000000014,0.30000000007052535,45,0,0,333,0.0,0.002045650392909842,0.016028963856229456,0.002577319587628866,1,invalid 15%,0.0,0
out_of_range,0.15,kf_fallback,1013,16.050000000000093,0.3000000005208867,27,0,0,284,0.0,0.0018609767806104798,0.01806987795355182,0.018691588785046728,1,invalid 15%,0.0,0
out_of_range,0.15,kf_fallback,1014,16.700000000000102,0.3000000000889301,32,0,0,292,0.0,0.002020691138295595,0.01679921820649296,0.008982035928143712,1,invalid 15%,0.0,0
out_of_range,0.15,kf_fallback,1015,18.900000000000134,0.3000000019732813,46,0,0,322,0.0,0.0018222583609581052,0.016015312920343274,0.005291005291005291,1,invalid 15%,0.0,0
out_of_range,0.15,kf_fallback,1016,18.500000000000128,0.30000000007054184,34,0,0,326,0.0,0.002021775661138773,0.021078956935347833,0.005405405405405406,1,invalid 15%,0.0,0
out_of_range,0.15,kf_fallback,1017,14.100000000000065,0.3000000203357434,27,0,0,245,0.0,0.0020569929216019255,0.018645253863027733,0.05319148936170213,1,invalid 15%,0.0,0
out_of_range,0.15,kf_fallback,1018,17.800000000000118,0.30000000020573586,36,0,0,310,0.0,0.002055023173816958,0.017957296230041286,0.008426966292134831,1,invalid 15%,0.0,0
out_of_range,0.15,kf_fallback,1019,19.40000000000014,0.3000000044518826,49,0,0,329,0.0,0.001986814557257542,0.0168649735074469,0.0,1,invalid 15%,0.0,0
out_of_range,0.15,kf_fallback,1020,17.30000000000011,0.30000000007079913,35,0,0,301,0.0,0.0022460233131470957,0.018480686972209396,0.005780346820809248,1,invalid 15%,0.0,0
out_of_range,0.15,kf_fallback,1021,16.950000000000106,0.30000000010592576,30,0,0,299,0.0,0.0023522386501879347,0.016642146523862294,0.008849557522123894,1,invalid 15%,0.0,0
out_of_range,0.15,kf_fallback,1022,19.600000000000144,0.30000000012123107,52,0,0,330,0.0,0.001754165166364354,0.015997248526009512,0.007653061224489796,1,invalid 15%,0.0,0
out_of_range,0.15,kf_fallback,1023,18.70000000000013,0.3000000002813818,45,0,0,319,0.0,0.001946532201352768,0.02147966645006673,0.013368983957219251,1,invalid 15%,0.0,0
out_of_range,0.15,kf_fallback,1024,19.40000000000014,0.3000000000708448,45,0,0,333,0.0,0.0020025669292831477,0.017925112095492142,0.007731958762886598,1,invalid 15%,0.0,0
out_of_range,0.15,kf_fallback,1025,15.500000000000085,0.30000000024147705,28,0,0,272,0.0,0.0021545654644924165,0.016556540218839615,0.016129032258064516,1,invalid 15%,0.0,0
out_of_range,0.15,kf_fallback,1026,16.950000000000106,0.300000000145077,34,0,0,295,0.0,0.0018056576239966118,0.018150115936208598,0.0029498525073746312,1,invalid 15%,0.0,0
out_of_range,0.15,kf_fallback,1027,21.000000000000163,0.3000000000705249,51,0,0,359,0.0,0.0020025728096559206,0.016759252925992868,0.0,1,invalid 15%,0.0,0
out_of_range,0.15,kf_fallback,1028,15.80000000000009,0.30000000017392886,30,0,0,276,0.0,0.002459369599578253,0.02137333158958885,0.00949367088607595,1,invalid 15%,0.0,0
out_of_range,0.15,kf_fallback,1029,15.700000000000088,0.30000000019187795,31,0,0,273,0.0,0.0020368474369160264,0.01654244722691983,0.0031847133757961785,1,invalid 15%,0.0,0
out_of_range,0.15,kf_fallback,1030,18.450000000000127,0.30000000011671235,46,0,0,313,0.0,0.002056301832033925,0.019574660871097712,0.0027100271002710027,1,invalid 15%,0.0,0
out_of_range,0.15,kf_fallback,1031,15.500000000000085,0.3000000002586646,30,0,0,270,0.0,0.0020690897286521235,0.01652876364308869,0.00967741935483871,1,invalid 15%,0.0,0
out_of_range,0.15,kf_fallback,1032,14.100000000000065,0.3000000203357434,23,0,0,249,0.0,0.0025610631273652994,0.015220971164063325,0.03900709219858156,1,invalid 15%,0.0,0
out_of_range,0.15,kf_fallback,1033,15.900000000000091,0.30000000014471706,28,0,0,280,0.0,0.0023513619157827094,0.01976671136619538,0.0031446540880503146,1,invalid 15%,0.0,0
out_of_range,0.15,kf_fallback,1034,14.300000000000068,0.3000000104303835,17,0,0,259,0.0,0.0020644681524683906,0.017653064139269963,0.0034965034965034965,1,invalid 15%,0.0,0
out_of_range,0.15,kf_fallback,1035,15.500000000000085,0.3000000006532784,38,0,0,262,0.0,0.002541251971726464,0.01728972735268253,0.012903225806451613,1,invalid 15%,0.0,0
out_of_range,0.15,kf_fallback,1036,19.000000000000135,0.30000000005745836,60,0,0,310,0.0,0.0020942859370752733,0.019811686569903345,0.07631578947368421,1,invalid 15%,0.0,0
out_of_range,0.15,kf_fallback,1037,19.200000000000138,0.30000000022427464,49,0,0,325,0.0,0.002195264203979038,0.016262742201314313,0.03125,1,invalid 15%,0.0,0
out_of_range,0.15,kf_fallback,1038,18.60000000000013,0.3000000001203129,43,0,0,319,0.0,0.0018733825732444758,0.01838136510283196,0.0,1,invalid 15%,0.0,0
out_of_range,0.15,kf_fallback,1039,16.200000000000095,0.3000000000789106,33,0,0,281,0.0,0.0022748025720198124,0.01874761880159039,0.0030864197530864196,1,invalid 15%,0.0,0
out_of_range,0.3,raw,2000,12.800000000000047,0.35637034530306555,0,0,42,206,0.0,0.0025169714359044785,3.6403112760150727,0.0,2,invalid 30%,0.0,0
out_of_range,0.3,raw,2001,12.750000000000046,0.5281099298779777,0,0,34,216,0.0,0.002886345351716064,3.855876223854714,0.0,2,invalid 30%,0.16013741234747206,0
out_of_range,0.3,raw,2002,12.250000000000039,0.6080706290152338,0,0,30,209,0.0,0.0023498119831343697,4.036621231304965,0.0,2,invalid 30%,0.2600882862690422,0
out_of_range,0.3,raw,2003,12.000000000000036,0.39551124663543336,0,0,42,192,0.0,0.0028773548207349196,4.549441252402929,0.0,2,invalid 30%,0.0,0
out_of_range,0.3,raw,2004,12.35000000000004,0.4753412174816937,0,0,39,201,0.0,0.0024572962102611916,4.084240433490151,0.0,2,invalid 30%,0.09417652185211713,0
out_of_range,0.3,raw,2005,11.750000000000032,0.6824610606829086,0,0,33,198,0.0,0.002845966271966932,4.8002594510325265,0.0,2,invalid 30%,0.3530763258536357,0
out_of_range,0.3,raw,2006,12.250000000000039,0.5754232267135058,0,0,32,206,0.0,0.002580899658123504,4.1040126109979465,0.0,2,invalid 30%,0.21927903339188218,0
out_of_range,0.3,raw,2007,12.30000000000004,0.5960215597209291,0,0,33,207,0.0,0.0019677300289307844,4.3887976642311575,0.0,2,invalid 30%,0.2450269496511613,0
out_of_range,0.3,raw,2008,11.65000000000003,0.690227246408059,0,0,30,198,0.0,0.002081286029572105,5.124889015184824,0.0,2,invalid 30%,0.3627840580100737,0
out_of_range,0.3,raw,2009,12.800000000000047,0.5044328660892096,0,0,47,202,0.0,0.0031102409480171264,4.189512788170591,0.0,2,invalid 30%,0.13054108261151193,0
out_of_range,0.3,raw,2010,12.450000000000042,0.4040325093676019,0,0,47,194,0.0,0.0025303492137199114,4.292115354705802,0.0,2,invalid 30%,0.005040636709502319,0
out_of_range,0.3,raw,2011,12.200000000000038,0.3875711847233717,0,0,33,204,0.0,0.002445227796259212,4.04798148635808,0.0,2,invalid 30%,0.0,0
out_of_range,0.3,raw,2012,12.700000000000045,0.30891536243090895,0,0,50,195,0.0,0.002578847727468584,3.8049280596499324,0.0,2,invalid 30%,0.0,0
out_of_range,0.3,raw,2013,13.550000000000058,0.4792591721132217,0,0,48,217,0.0,0.0022924383762637493,3.02326685331585,0.0,2,invalid 30%,0.09907396514152712,0
out_of_range,0.3,raw,2014,11.350000000000026,0.6161021454852971,0,0,26,195,0.0,0.0027028172406949502,5.423762321678391,0.0,2,invalid 30%,0.2701276818566213,0
out_of_range,0.3,raw,2015,12.400000000000041,0.5095001649549513,0,0,49,192,0.0,0.0027462773206228417,4.302146367656756,0.0,2,invalid 30%,0.13687520619368912,0
out_of_range,0.3,raw,2016,12.550000000000043,0.31699005054856794,0,0,28,214,0.0,0.002104099549921787,3.438900227649689,0.0,2,invalid 30%,0.0,0
out_of_range,0.3,raw,2017,12.550000000000043,0.3288274113220674,0,0,25,217,0.0,0.0022906032794195227,3.549583930804813,0.0,2,invalid 30%,0.0,0
out_of_range,0.3,raw,2018,12.200000000000038,0.5054453041243746,0,0,45,193,0.0,0.0023727648717534323,4.439003964442985,0.0,2,invalid 30%,0.13180663015546823,0
out_of_range,0.3,raw,2019,12.200000000000038,0.3559787214102934,0,0,47,189,0.0,0.002831993906339546,4.522563127529657,0.0,2,invalid 30%,0.0,0
out_of_range,0.3,raw,2020,12.400000000000041,0.6700162351325991,0,0,36,204,0.0,0.0025469567363040338,4.313564173775576,0.0,2,invalid 30%,0.33752029391574884,0
out_of_range,0.3,raw,2021,12.050000000000036,0.4047552145565259,0,0,36,198,0.0,0.002560489625970467,4.434514965960063,0.0,2,invalid 30%,0.005944018195657361,0
out_of_range,0.3,raw,2022,12.400000000000041,0.5039556178644535,0,0,38,203,0.0,0.0030613353840260728,3.9023875832407144,0.0,2,invalid 30%,0.1299445223305669,0
out_of_range,0.3,raw,2023,12.100000000000037,0.6414785063966824,0,0,64,172,0.0,0.002957157986439126,4.874939900860298,0.0,2,invalid 30%,0.3018481329958529,0
out_of_range,0.3,raw,2024,12.100000000000037,0.47589420715501574,0,0,36,199,0.0,0.002425877251970464,4.274654880005433,0.0,2,invalid 30%,0.09486775894376964,0
out_of_range,0.3,raw,2025,11.350000000000026,0.525603840852627,0,0,29,193,0.0,0.0034122236297827453,5.077881470046951,0.0,2,invalid 30%,0.15700480106578374,0
out_of_range,0.3,raw,2026,11.900000000000034,0.5808103602181695,0,0,50,183,0.0,0.002901853496128259,4.8635664700393,0.0,2,invalid 30%,0.2260129502727118,0
out_of_range,0.3,raw,2027,12.200000000000038,0.5100559613224129,0,0,58,181,0.0,0.0029721893746205838,4.6126788373502166,0.0,2,invalid 30%,0.13756995165301614,0
out_of_range,0.3,raw,2028,12.30000000000004,0.6239038996685538,0,0,43,198,0.0,0.002986603253658408,4.450789043439554,0.0,2,invalid 30%,0.27987987458569213,0
out_of_range,0.3,raw,2029,12.35000000000004,0.46651412567816586,0,0,33,206,0.0,0.002727891403038671,4.0905379680221525,0.0,2,invalid 30%,0.0831426570977073,0
out_of_range,0.3,raw,2030,12.200000000000038,0.6546317727756299,0,0,49,189,0.0,0.003415412553324016,4.827336222052676,0.0,2,invalid 30%,0.3182897159695373,0
out_of_range,0.3,raw,2031,12.550000000000043,0.6127879027549437,0,0,48,198,0.0,0.0026078739214146843,4.404427926653805,0.0,2,invalid 30%,0.2659848784436795,0
out_of_range,0.3,raw,2032,11.800000000000033,0.6649193885917584,0,0,37,193,0.0,0.0030427298226681815,5.085498066200368,0.0,2,invalid 30%,0.3311492357396979,0
out_of_range,0.3,raw,2033,12.800000000000047,0.3606537514564879,0,0,57,191,0.0,0.0025660057772782267,3.854491888429314,0.0,2,invalid 30%,0.0,0
out_of_range,0.3,raw,2034,12.500000000000043,0.44616843928416394,0,0,60,182,0.0,0.0025449559307561542,4.251681491378878,0.0,2,invalid 30%,0.0577105491052049,0
out_of_range,0.3,raw,2035,13.200000000000053,0.3543811661923594,0,0,65,191,0.0,0.0026448520089544124,3.7563567962263074,0.0,2,invalid 30%,0.0,0
out_of_range,0.3,raw,2036,11.500000000000028,0.6505515007100364,0,0,27,198,0.0,0.0022401944093670845,5.104164141426643,0.0,2,invalid 30%,0.3131893758875455,0
out_of_range,0.3,raw,2037,11.850000000000033,0.553823002221989,0,0,23,209,0.0,0.00234866323307165,4.5869353892536004,0.0,2,invalid 30%,0.1922787527774862,0
out_of_range,0.3,raw,2038,11.700000000000031,0.4650014446789788,0,0,34,195,0.0,0.0029654873373838497,4.853464858340017,0.0,2,invalid 30%,0.08125180584872348,0
out_of_range,0.3,raw,2039,11.65000000000003,0.5513999554802514,0,0,45,183,0.0,0.0021929842138652144,5.046655268474747,0.0,2,invalid 30%,0.18924994435031428,0
out_of_range,0.3,median,2000,13.500000000000057,0.3000001507090587,45,0,0,215,0.0,0.0023978014672322865,0.11951182262372784,0.0962962962962963,2,invalid 30%,0.0,0
out_of_range,0.3,median,2001,13.900000000000063,0.30000003964786687,42,0,0,226,0.0,0.002738768120684563,0.09220972060211212,0.07194244604316546,2,invalid 30%,0.0,0
out_of_range,0.3,median,2002,13.300000000000054,0.30000029383201743,38,0,0,218,0.0,0.002272719807510478,0.09512887424737158,0.07894736842105263,2,invalid 30%,0.0,0
out_of_range,0.3,median,2003,12.900000000000048,0.3000011169111525,44,0,0,204,0.0,0.0027431665367038793,0.12388533539158696,0.10852713178294573,2,invalid 30%,0.0,0
out_of_range,0.3,median,2004,13.500000000000057,0.3000001507090587,47,0,0,213,0.0,0.0023157630188340994,0.11685448409503014,0.12222222222222222,2,invalid 30%,0.0,0
out_of_range,0.3,median,2005,13.70000000000006,0.3000000773000178,43,0,0,221,0.0,0.002595705342574484,0.08442894309019955,0.12773722627737227,2,invalid 30%,0.0,0
out_of_range,0.3,median,2006,13.300000000000054,0.30000029383201743,38,0,0,218,0.0,0.002459610858587715,0.10976150096032349,0.07518796992481203,2,invalid 30%,0.0,0
out_of_range,0.3,median,2007,13.70000000000006,0.3000000773000178,42,0,0,222,0.0,0.0018692944339089167,0.09957735608437523,0.16058394160583941,2,invalid 30%,0.0,0
out_of_range,0.3,median,2008,13.300000000000054,0.30000029383201743,36,0,0,220,0.0,0.001908963331184405,0.11597933528990187,0.11278195488721804,2,invalid 30%,0.0,0
out_of_range,0.3,median,2009,12.700000000000045,0.30000217760135917,45,1,0,198,0.0,0.0030984570879423554,0.1720415162026376,0.2125984251968504,2,invalid 30%,0.0,0
out_of_range,0.3,median,2010,13.300000000000054,0.30000029383201743,52,0,0,204,0.0,0.0023715317458087174,0.11446108938277952,0.21428571428571427,2,invalid 30%,0.0,0
out_of_range,0.3,median,2011,13.70000000000006,0.3000000773000178,40,0,0,224,0.0,0.002298637886744226,0.1236211252813241,0.0948905109489051,2,invalid 30%,0.0,0
out_of_range,0.3,median,2012,13.300000000000054,0.30000029383201743,52,1,0,203,0.0,0.0024264703859484533,0.0990216570476825,0.14285714285714285,2,invalid 30%,0.0,0
out_of_range,0.3,median,2013,13.70000000000006,0.3000000773000178,47,0,0,217,0.0,0.002242585358813149,0.10136886235145298,0.029197080291970802,2,invalid 30%,0.0,0
out_of_range,0.3,median,2014,13.500000000000057,0.3000001507090587,37,0,0,223,0.0,0.0024308205732715884,0.1226407745065886,0.0962962962962963,2,invalid 30%,0.0,0
out_of_range,0.3,median,2015,13.500000000000057,0.3000001507090587,56,0,0,204,0.0,0.0026035555751229185,0.11266562860729973,0.22962962962962963,2,invalid 30%,0.0,0
out_of_range,0.3,median,2016,13.70000000000006,0.3000000773000178,32,0,0,232,0.0,0.001974848811012213,0.10169213462438532,0.021897810218978103,2,invalid 30%,0.0,0
out_of_range,0.3,median,2017,13.70000000000006,0.3000000773000178,28,0,0,236,0.0,0.0021462826540257565,0.10964039678952724,0.029197080291970802,2,invalid 30%,0.0,0
out_of_range,0.3,median,2018,13.500000000000057,0.3000001507090587,53,0,0,207,0.0,0.0021950652472929877,0.09692728252112895,0.16666666666666666,2,invalid 30%,0.0,0
out_of_range,0.3,median,2019,13.300000000000054,0.30000029383201743,49,0,0,207,0.0,0.0025872534343596714,0.11681879791087965,0.06015037593984962,2,invalid 30%,0.0,0
out_of_range,0.3,median,2020,13.70000000000006,0.3000000773000178,46,0,0,218,0.0,0.0024062144104202918,0.1372445412820279,0.13503649635036497,2,invalid 30%,0.0,0
out_of_range,0.3,median,2021,13.100000000000051,0.3000005728736853,42,0,0,210,0.0,0.0024496657723057976,0.12912617391843806,0.1297709923664122,2,invalid 30%,0.0,0
out_of_range,0.3,median,2022,13.70000000000006,0.3000000773000178,45,0,0,219,0.0,0.0028225596004566775,0.09139269546735128,0.08394160583941605,2,invalid 30%,0.0,0
out_of_range,0.3,median,2023,13.500000000000057,0.3000001507090587,75,0,0,185,0.0,0.0027246444449149166,0.12070585758648504,0.3814814814814815,2,invalid 30%,0.0,0
out_of_range,0.3,median,2024,13.500000000000057,0.3000001507090587,45,2,0,213,0.0,0.0022727809218215742,0.1003387659887986,0.1037037037037037,2,invalid 30%,0.0,0
out_of_range,0.3,median,2025,13.70000000000006,0.3000000773000178,46,0,0,218,0.0,0.0030308091053822877,0.11437942123460418,0.25547445255474455,2,invalid 30%,0.0,0
out_of_range,0.3,median,2026,13.70000000000006,0.3000000773000178,59,0,0,205,0.0,0.0026238354798651226,0.10331510414959053,0.20072992700729927,2,invalid 30%,0.0,0
out_of_range,0.3,median,2027,13.900000000000063,0.30000003964786687,68,1,0,199,0.0,0.002687991905199951,0.11296829145141549,0.2697841726618705,2,invalid 30%,0.0,0
out_of_range,0.3,median,2028,13.900000000000063,0.30000003964786687,51,1,0,216,0.0,0.0027334746098201497,0.0943299040338517,0.16906474820143885,2,invalid 30%,0.0,0
out_of_range,0.3,median,2029,13.70000000000006,0.3000000773000178,41,0,0,223,0.0,0.0025221846394897847,0.09261503147426733,0.043795620437956206,2,invalid 30%,0.0,0
out_of_range,0.3,median,2030,13.70000000000006,0.3000000773000178,53,0,0,211,0.0,0.0030422346205450476,0.09890441146045649,0.14963503649635038,2,invalid 30%,0.0,0
out_of_range,0.3,median,2031,13.70000000000006,0.3000000773000178,56,2,0,206,0.0,0.002409887093000903,0.09976695468839869,0.24452554744525548,2,invalid 30%,0.0,0
out_of_range,0.3,median,2032,13.500000000000057,0.3000001507090587,48,1,0,211,0.0,0.0027868690720079204,0.10655954084090839,0.1814814814814815,2,invalid 30%,0.0,0
out_of_range,0.3,median,2033,13.500000000000057,0.3000001507090587,61,2,0,197,0.0,0.002440430814477284,0.14261968214209086,0.337037037037037,2,invalid 30%,0.0,0
out_of_range,0.3,median,2034,13.300000000000054,0.30000029383201743,64,1,0,191,0.0,0.002398701219805191,0.13430235538038307,0.30451127819548873,2,invalid 30%,0.0,0
out_of_range,0.3,median,2035,12.700000000000045,0.30000217760135917,62,4,0,178,0.0,0.00265083311576596,0.20845555854891895,0.30708661417322836,2,invalid 30%,0.0,0
out_of_range,0.3,median,2036,12.900000000000048,0.3000011169111525,38,0,0,210,0.0,0.0021376530610297518,0.13598036877819733,0.12015503875968993,2,invalid 30%,0.0,0
out_of_range,0.3,median,2037,13.70000000000006,0.3000000773000178,33,0,0,231,0.0,0.0021723247465195114,0.09585268380961529,0.040145985401459854,2,invalid 30%,0.0,0
out_of_range,0.3,median,2038,13.100000000000051,0.3000005728736853,41,0,0,211,0.0,0.002757748019066738,0.1276281879345595,0.13358778625954199,2,invalid 30%,0.0,0
out_of_range,0.3,median,2039,13.500000000000057,0.3000001507090587,54,0,0,206,0.0,0.002015836128340052,0.14241646406086317,0.2777777777777778,2,invalid 30%,0.0,0
out_of_range,0.3,mad,2000,14.100000000000065,0.3000000203357434,47,5,0,220,0.0,0.002381396100048882,0.046616449870791866,0.1099290780141844,2,invalid 30%,0.0,0
out_of_range,0.3,mad,2001,14.300000000000068,0.3000000104303835,45,2,0,229,0.0,0.002686766668293013,0.034195203907681146,0.08391608391608392,2,invalid 30%,0.0,0
out_of_range,0.3,mad,2002,14.100000000000065,0.3000000203357434,41,2,0,229,0.0,0.002193263978104901,0.0357120677300485,0.09219858156028368,2,invalid 30%,0.0,0
out_of_range,0.3,mad,2003,13.70000000000006,0.3000000773000178,50,3,0,211,0.0,0.002657004511887067,0.03830574639326537,0.10948905109489052,2,invalid 30%,0.0,0
out_of_range,0.3,mad,2004,14.100000000000065,0.3000000203357434,52,1,0,219,0.0,0.0022959950526912454,0.04685143201685576,0.1595744680851064,2,invalid 30%,0.0,0
out_of_range,0.3,mad,2005,14.100000000000065,0.3000000203357434,44,1,0,227,0.0,0.0025511512120234632,0.03166064149103851,0.12056737588652482,2,invalid 30%,0.0,0
out_of_range,0.3,mad,2006,13.900000000000063,0.30000003964786687,42,3,0,223,0.0,0.0023920402007613284,0.03558478282278684,0.06115107913669065,2,invalid 30%,0.0,0
out_of_range,0.3,mad,2007,14.100000000000065,0.3000000203357434,46,3,0,223,0.0,0.0018446044423070889,0.04358996190433894,0.19148936170212766,2,invalid 30%,0.0,0
out_of_range,0.3,mad,2008,13.900000000000063,0.30000003964786687,41,3,0,224,0.0,0.0018826919256411869,0.035865302225144856,0.12589928057553956,2,invalid 30%,0.0,0
out_of_range,0.3,mad,2009,14.300000000000068,0.3000000104303835,52,2,0,222,0.0,0.002845657754413723,0.03952687914291993,0.18181818181818182,2,invalid 30%,0.0,0
out_of_range,0.3,mad,2010,13.70000000000006,0.3000000773000178,55,5,0,204,0.0,0.002362602641240885,0.049124255080862315,0.22262773722627738,2,invalid 30%,0.0,0
out_of_range,0.3,mad,2011,14.100000000000065,0.3000000203357434,44,2,0,226,0.0,0.002267717230518765,0.04613438171145162,0.10638297872340426,2,invalid 30%,0.0,0
out_of_range,0.3,mad,2012,13.900000000000063,0.30000003964786687,52,2,0,214,0.0,0.0023503456480965116,0.03407779419098538,0.12949640287769784,2,invalid 30%,0.0,0
out_of_range,0.3,mad,2013,14.100000000000065,0.3000000203357434,49,0,0,223,0.0,0.002206481209144688,0.03713970518161497,0.03900709219858156,2,invalid 30%,0.0,0
out_of_range,0.3,mad,2014,14.300000000000068,0.3000000104303835,39,4,0,233,0.0,0.002357254290802937,0.0395060486707345,0.0979020979020979,2,invalid 30%,0.0,0
out_of_range,0.3,mad,2015,13.900000000000063,0.30000003964786687,58,0,0,210,0.0,0.002556504112676229,0.03865161332248576,0.22661870503597123,2,invalid 30%,0.0,0
out_of_range,0.3,mad,2016,14.300000000000068,0.3000000104303835,37,0,0,239,0.0,0.0019329974801927184,0.03487470498490909,0.024475524475524476,2,invalid 30%,0.0,0
out_of_range,0.3,mad,2017,14.300000000000068,0.3000000104303835,32,3,0,241,0.0,0.002107457990403287,0.040880797347438776,0.027972027972027972,2,invalid 30%,0.0,0
out_of_range,0.3,mad,2018,14.100000000000065,0.3000000203357434,61,6,0,205,0.0,0.0021680206467731694,0.033387659057516186,0.20212765957446807,2,invalid 30%,0.0,0
out_of_range,0.3,mad,2019,14.300000000000068,0.3000000104303835,55,2,0,219,0.0,0.0024628722441448732,0.03258617287502075,0.06643356643356643,2,invalid 30%,0.0,0
out_of_range,0.3,mad,2020,14.300000000000068,0.3000000104303835,49,3,0,224,0.0,0.002354482514235554,0.0415848286241381,0.12937062937062938,2,invalid 30%,0.0,0
out_of_range,0.3,mad,2021,13.500000000000057,0.3000001507090587,46,4,0,210,0.0,0.0024085759307578064,0.055763728918295716,0.15555555555555556,2,invalid 30%,0.0,0
out_of_range,0.3,mad,2022,14.300000000000068,0.3000000104303835,47,2,0,227,0.0,0.002757019884994425,0.03588975543865972,0.08391608391608392,2,invalid 30%,0.0,0
out_of_range,0.3,mad,2023,14.100000000000065,0.3000000203357434,77,1,0,194,0.0,0.0026124051495418498,0.03873498752722816,0.3723404255319149,2,invalid 30%,0.0,0
out_of_range,0.3,mad,2024,13.900000000000063,0.30000003964786687,49,1,0,218,0.0,0.0022340965424974615,0.03437965041187508,0.11151079136690648,2,invalid 30%,0.0,0
out_of_range,0.3,mad,2025,14.300000000000068,0.3000000104303835,49,5,0,222,0.0,0.0029361951555318413,0.03913062672464213,0.23776223776223776,2,invalid 30%,0.0,0
out_of_range,0.3,mad,2026,14.100000000000065,0.3000000203357434,61,8,0,203,0.0,0.0025760077757745756,0.047295071193761085,0.20921985815602837,2,invalid 30%,0.0,0
out_of_range,0.3,mad,2027,14.300000000000068,0.3000000104303835,70,4,0,202,0.0,0.0026604345434235333,0.04888277144026581,0.27972027972027974,2,invalid 30%,0.0,0
out_of_range,0.3,mad,2028,14.300000000000068,0.3000000104303835,53,4,0,219,0.0,0.002653366233067122,0.04339671147063486,0.13986013986013987,2,invalid 30%,0.0,0
out_of_range,0.3,mad,2029,14.100000000000065,0.3000000203357434,43,2,0,227,0.0,0.0024702494859812907,0.0322691442043304,0.0425531914893617,2,invalid 30%,0.0,0
out_of_range,0.3,mad,2030,14.100000000000065,0.3000000203357434,55,3,0,214,0.0,0.0029850136237785083,0.03743497742958355,0.15602836879432624,2,invalid 30%,0.0,0
out_of_range,0.3,mad,2031,14.300000000000068,0.3000000104303835,58,4,0,214,0.0,0.002352035635143897,0.030776035273484586,0.21678321678321677,2,invalid 30%,0.0,0
out_of_range,0.3,mad,2032,14.100000000000065,0.3000000203357434,49,1,0,222,0.0,0.002667501147618081,0.03320635428009362,0.13829787234042554,2,invalid 30%,0.0,0
out_of_range,0.3,mad,2033,14.100000000000065,0.3000000203357434,64,1,0,207,0.0,0.0023570236972695825,0.038348167279074495,0.25886524822695034,2,invalid 30%,0.0,0
out_of_range,0.3,mad,2034,14.300000000000068,0.3000000104303835,68,1,0,207,0.0,0.002314739796921346,0.04526415224348587,0.28321678321678323,2,invalid 30%,0.0,0
out_of_range,0.3,mad,2035,13.70000000000006,0.3000000773000178,66,0,0,198,0.0,0.002499642706656646,0.05662988549143918,0.2518248175182482,2,invalid 30%,0.0,0
out_of_range,0.3,mad,2036,13.900000000000063,0.30000003964786687,44,1,0,223,0.0,0.002042015092568269,0.048181069250919716,0.1223021582733813,2,invalid 30%,0.0,0
out_of_range,0.3,mad,2037,14.300000000000068,0.3000000104303835,36,1,0,239,0.0,0.0021208759931272718,0.03171808109886373,0.038461538461538464,2,invalid 30%,0.0,0
out_of_range,0.3,mad,2038,13.900000000000063,0.30000003964786687,44,3,0,221,0.0,0.0026675672762464576,0.03957714658389544,0.11870503597122302,2,invalid 30%,0.0,0
out_of_range,0.3,mad,2039,13.900000000000063,0.30000003964786687,56,3,0,209,0.0,0.001979167498261636,0.04235039460714978,0.27697841726618705,2,invalid 30%,0.0,0
out_of_range,0.3,kf,2000,14.100000000000065,0.3000000203357434,47,0,0,225,0.0,0.002381396100048882,0.01830459675753069,0.1099290780141844,2,invalid 30%,0.0,0
out_of_range,0.3,kf,2001,14.300000000000068,0.3000000104303835,45,0,0,231,0.0,0.002686766668293013,0.019619880732269588,0.08391608391608392,2,invalid 30%,0.0,0
out_of_range,0.3,kf,2002,14.100000000000065,0.3000000203357434,41,0,0,231,0.0,0.002193263978104901,0.01884306675017677,0.09219858156028368,2,invalid 30%,0.0,0
out_of_range,0.3,kf,2003,14.100000000000065,0.3000000203357434,52,0,0,220,0.0,0.0026133928960599797,0.021084348215138562,0.09574468085106383,2,invalid 30%,0.0,0
out_of_range,0.3,kf,2004,14.300000000000068,0.3000000104303835,56,0,0,220,0.0,0.0023018124120599793,0.016773024605216968,0.17132867132867133,2,invalid 30%,0.0,0
out_of_range,0.3,kf,2005,14.300000000000068,0.3000000104303835,46,0,0,230,0.0,0.0025574992404895146,0.021429152118070123,0.13286713286713286,2,invalid 30%,0.0,0
out_of_range,0.3,kf,2006,14.100000000000065,0.3000000203357434,42,0,0,230,0.0,0.0023745371435562315,0.01707247951017161,0.05673758865248227,2,invalid 30%,0.0,0
out_of_range,0.3,kf,2007,14.300000000000068,0.3000000104303835,47,0,0,229,0.0,0.0018421244495801993,0.019809030679370877,0.1958041958041958,2,invalid 30%,0.0,0
out_of_range,0.3,kf,2008,14.300000000000068,0.3000000104303835,43,0,0,233,0.0,0.0018493919831418758,0.018543756572268505,0.12937062937062938,2,invalid 30%,0.0,0
out_of_range,0.3,kf,2009,14.300000000000068,0.3000000104303835,52,0,0,224,0.0,0.002845657754413723,0.016825706430769395,0.18181818181818182,2,invalid 30%,0.0,0
out_of_range,0.3,kf,2010,14.100000000000065,0.3000000203357434,59,0,0,213,0.0,0.002317143906697485,0.01829267557777477,0.24113475177304963,2,invalid 30%,0.0,0
out_of_range,0.3,kf,2011,14.300000000000068,0.3000000104303835,45,0,0,231,0.0,0.0022592907807242597,0.020434140706009036,0.11188811188811189,2,invalid 30%,0.0,0
out_of_range,0.3,kf,2012,14.100000000000065,0.3000000203357434,54,0,0,218,0.0,0.0023456523580959315,0.01986547149164638,0.13829787234042554,2,invalid 30%,0.0,0
out_of_range,0.3,kf,2013,14.100000000000065,0.3000000203357434,49,0,0,223,0.0,0.002206481209144688,0.018217528880285792,0.03900709219858156,2,invalid 30%,0.0,0
out_of_range,0.3,kf,2014,14.300000000000068,0.3000000104303835,39,0,0,237,0.0,0.002357254290802937,0.01654035402283471,0.0979020979020979,2,invalid 30%,0.0,0
out_of_range,0.3,kf,2015,14.100000000000065,0.3000000203357434,60,0,0,212,0.0,0.0025285915195757905,0.019046140050386438,0.22340425531914893,2,invalid 30%,0.0,0
out_of_range,0.3,kf,2016,14.300000000000068,0.3000000104303835,37,0,0,239,0.0,0.0019329974801927184,0.019071097485303803,0.024475524475524476,2,invalid 30%,0.0,0
out_of_range,0.3,kf,2017,14.300000000000068,0.3000000104303835,32,0,0,244,0.0,0.002107457990403287,0.0205791254280828,0.027972027972027972,2,invalid 30%,0.0,0
out_of_range,0.3,kf,2018,14.100000000000065,0.3000000203357434,61,0,0,211,0.0,0.0021680206467731694,0.01891243237298911,0.20212765957446807,2,invalid 30%,0.0,0
out_of_range,0.3,kf,2019,14.300000000000068,0.3000000104303835,55,0,0,221,0.0,0.0024628722441448732,0.016013529666040378,0.06643356643356643,2,invalid 30%,0.0,0
out_of_range,0.3,kf,2020,14.100000000000065,0.3000000203357434,48,0,0,224,0.0,0.0023591323093023952,0.022313960413104933,0.12056737588652482,2,invalid 30%,0.0,0
out_of_range,0.3,kf,2021,14.100000000000065,0.3000000203357434,51,0,0,221,0.0,0.002371406688846011,0.024897049593110072,0.19148936170212766,2,invalid 30%,0.0,0
out_of_range,0.3,kf,2022,14.300000000000068,0.3000000104303835,47,0,0,229,0.0,0.002757019884994425,0.01927145888472609,0.08391608391608392,2,invalid 30%,0.0,0
out_of_range,0.3,kf,2023,14.300000000000068,0.3000000104303835,77,0,0,199,0.0,0.002582134833987544,0.016867759373018792,0.3706293706293706,2,invalid 30%,0.0,0
out_of_range,0.3,kf,2024,14.100000000000065,0.3000000203357434,50,0,0,222,0.0,0.002223250488253958,0.017018684900973458,0.12056737588652482,2,invalid 30%,0.0,0
out_of_range,0.3,kf,2025,14.300000000000068,0.3000000104303835,49,0,0,227,0.0,0.0029361951555318413,0.022047335453612336,0.23776223776223776,2,invalid 30%,0.0,0
out_of_range,0.3,kf,2026,14.100000000000065,0.3000000203357434,61,0,0,211,0.0,0.0025760077757745756,0.019523706176549378,0.1879432624113475,2,invalid 30%,0.0,0
out_of_range,0.3,kf,2027,14.300000000000068,0.3000000104303835,70,0,0,206,0.0,0.0026604345434235333,0.018848644706226454,0.24825174825174826,2,invalid 30%,0.0,0
out_of_range,0.3,kf,2028,14.300000000000068,0.3000000104303835,53,0,0,223,0.0,0.002653366233067122,0.026104780223075417,0.13986013986013987,2,invalid 30%,0.0,0
out_of_range,0.3,kf,2029,14.100000000000065,0.3000000203357434,43,0,0,229,0.0,0.0024702494859812907,0.017740903063024952,0.0425531914893617,2,invalid 30%,0.0,0
out_of_range,0.3,kf,2030,14.300000000000068,0.3000000104303835,56,0,0,220,0.0,0.0029287851262137497,0.017571463951248943,0.14685314685314685,2,invalid 30%,0.0,0
out_of_range,0.3,kf,2031,14.300000000000068,0.3000000104303835,58,0,0,218,0.0,0.002352035635143897,0.017375088432042062,0.21678321678321677,2,invalid 30%,0.0,0
out_of_range,0.3,kf,2032,14.100000000000065,0.3000000203357434,49,0,0,223,0.0,0.002667501147618081,0.015703926442620263,0.13829787234042554,2,invalid 30%,0.0,0
out_of_range,0.3,kf,2033,14.100000000000065,0.3000000203357434,64,0,0,208,0.0,0.0023570236972695825,0.016942682846312382,0.25886524822695034,2,invalid 30%,0.0,0
out_of_range,0.3,kf,2034,14.100000000000065,0.3000000203357434,67,0,0,205,0.0,0.0023074252580424564,0.018003997788016993,0.2730496453900709,2,invalid 30%,0.0,0
out_of_range,0.3,kf,2035,14.100000000000065,0.3000000203357434,68,0,0,204,0.0,0.0024608959811065895,0.019609684350383884,0.2375886524822695,2,invalid 30%,0.0,0
out_of_range,0.3,kf,2036,14.300000000000068,0.3000000104303835,46,0,0,230,0.0,0.002029388699544077,0.019735951458618582,0.1258741258741259,2,invalid 30%,0.0,0
out_of_range,0.3,kf,2037,14.100000000000065,0.3000000203357434,34,0,0,238,0.0,0.002141543304531347,0.018872983610255033,0.03546099290780142,2,invalid 30%,0.0,0
out_of_range,0.3,kf,2038,14.100000000000065,0.3000000203357434,46,0,0,226,0.0,0.002628748116129903,0.016222023026927563,0.11702127659574468,2,invalid 30%,0.0,0
out_of_range,0.3,kf,2039,14.100000000000065,0.3000000203357434,58,0,0,214,0.0,0.001975358396993245,0.01700601523713883,0.28368794326241137,2,invalid 30%,0.0,0
out_of_range,0.3,kf_fallback,2000,18.100000000000122,0.30000000008034333,69,0,0,283,0.0,0.002100252504494213,0.01896924560965918,0.08011049723756906,2,invalid 30%,0.0,0
out_of_range,0.3,kf_fallback,2001,19.100000000000136,0.30000000012634964,71,0,0,301,0.0,0.0024628797185882014,0.02641677800245631,0.1256544502617801,2,invalid 30%,0.0,0
out_of_range,0.3,kf_fallback,2002,16.150000000000095,0.30000000010169775,57,0,0,256,0.0,0.002082552312122183,0.019681519103057845,0.11764705882352941,2,invalid 30%,0.0,0
out_of_range,0.3,kf_fallback,2003,20.950000000000163,0.30000000007284217,96,0,0,313,0.0,0.002426055222841663,0.02098593216243789,0.14081145584725538,2,invalid 30%,0.0,0
out_of_range,0.3,kf_fallback,2004,18.400000000000126,0.300000000094838,85,0,0,273,0.0,0.002106108051151133,0.017141448668551256,0.22826086956521738,2,invalid 30%,0.0,0
out_of_range,0.3,kf_fallback,2005,17.35000000000011,0.3000000000921925,70,0,0,267,0.0,0.0023774469416758975,0.02400085257861741,0.2017291066282421,2,invalid 30%,0.0,0
out_of_range,0.3,kf_fallback,2006,16.250000000000096,0.3000000000985344,55,0,0,260,0.0,0.0022180172880948553,0.017406319419603848,0.06769230769230769,2,invalid 30%,0.0,0
out_of_range,0.3,kf_fallback,2007,16.700000000000102,0.3000000000921663,62,0,0,262,0.0,0.0017665083636529825,0.020527674939914926,0.18562874251497005,2,invalid 30%,0.0,0
out_of_range,0.3,kf_fallback,2008,14.800000000000075,0.3000000019892057,44,0,0,242,0.0,0.0018249276923231576,0.018729959173557575,0.10810810810810811,2,invalid 30%,0.0,0
out_of_range,0.3,kf_fallback,2009,20.400000000000155,0.3000000000453437,87,0,0,311,0.0,0.002459179784816636,0.01851887421193161,0.20098039215686275,2,invalid 30%,0.0,0
out_of_range,0.3,kf_fallback,2010,21.200000000000166,0.3000000000803173,105,0,0,309,0.0,0.0020729261971153146,0.019109007499330293,0.24528301886792453,2,invalid 30%,0.0,0
out_of_range,0.3,kf_fallback,2011,16.850000000000104,0.30000000001657684,59,0,0,268,0.0,0.0021116630603621183,0.02135337184908156,0.09198813056379822,2,invalid 30%,0.0,0
out_of_range,0.3,kf_fallback,2012,21.45000000000017,0.3000000003533338,104,0,0,315,0.0,0.002192363056276438,0.018756457407867053,0.20279720279720279,2,invalid 30%,0.0,0
out_of_range,0.3,kf_fallback,2013,21.000000000000163,0.3000000001861083,95,0,0,315,0.0,0.0021438547571409282,0.021333129680159654,0.12142857142857143,2,invalid 30%,0.0,0
out_of_range,0.3,kf_fallback,2014,14.800000000000075,0.3000000020545386,43,0,0,243,0.0,0.0023017282137251585,0.016364987186487785,0.10135135135135136,2,invalid 30%,0.0,0
out_of_range,0.3,kf_fallback,2015,20.00000000000015,0.3000000000760884,92,0,0,298,0.0,0.0021721639130504286,0.019491338164010604,0.17,2,invalid 30%,0.0,0
out_of_range,0.3,kf_fallback,2016,14.800000000000075,0.3000000020545386,39,0,0,247,0.0,0.0019168931905408537,0.018713597714619643,0.02702702702702703,2,invalid 30%,0.0,0
out_of_range,0.3,kf_fallback,2017,15.350000000000083,0.3000000003862933,38,0,0,259,0.0,0.0020514801596051607,0.01805497470458279,0.04234527687296417,2,invalid 30%,0.0,0
out_of_range,0.3,kf_fallback,2018,19.800000000000146,0.3000000000802754,96,0,0,290,0.0,0.0019618926977165584,0.023021099744489838,0.25252525252525254,2,invalid 30%,0.0,0
out_of_range,0.3,kf_fallback,2019,22.450000000000184,0.30000000008439065,102,0,0,337,0.0,0.002209175431190392,0.019104419004701906,0.1091314031180401,2,invalid 30%,0.0,0
out_of_range,0.3,kf_fallback,2020,19.800000000000146,0.3000000000805978,89,0,0,297,0.0,0.0021375846553039817,0.018674026872592123,0.1994949494949495,2,invalid 30%,0.0,0
out_of_range,0.3,kf_fallback,2021,16.800000000000104,0.30000000004122274,67,0,0,259,0.0,0.0021823047590478995,0.02313209203752755,0.19345238095238096,2,invalid 30%,0.0,0
out_of_range,0.3,kf_fallback,2022,19.600000000000144,0.3000000000669136,82,0,0,300,0.0,0.0024394312010308176,0.0186003083422555,0.1556122448979592,2,invalid 30%,0.0,0
out_of_range,0.3,kf_fallback,2023,24.90000000000022,0.3000000000745501,150,1,0,337,0.0,0.002325317927620387,0.01943790750806389,0.35542168674698793,2,invalid 30%,0.0,0
out_of_range,0.3,kf_fallback,2024,18.05000000000012,0.30000000008058436,65,0,0,286,0.0,0.001977367511621213,0.016063110828794885,0.0886426592797784,2,invalid 30%,0.0,0
out_of_range,0.3,kf_fallback,2025,14.300000000000068,0.3000000104303835,49,0,0,227,0.0,0.0029361951555318413,0.022047335453612336,0.23776223776223776,2,invalid 30%,0.0,0
out_of_range,0.3,kf_fallback,2026,22.550000000000185,0.30000000009202027,93,0,0,348,0.0,0.002236565057717031,0.017956443786716375,0.12195121951219512,2,invalid 30%,0.0,0
out_of_range,0.3,kf_fallback,2027,24.35000000000021,0.3000000001050924,115,0,0,362,0.0,0.002336994737412773,0.019059456511375486,0.14784394250513347,2,invalid 30%,0.0,0
out_of_range,0.3,kf_fallback,2028,20.200000000000152,0.30000000009089756,87,0,0,307,0.0,0.0023898360672665207,0.02221298567452151,0.1608910891089109,2,invalid 30%,0.0,0
out_of_range,0.3,kf_fallback,2029,16.850000000000104,0.30000000009269456,60,0,0,267,0.0,0.002287176758105543,0.0185364159950801,0.04747774480712166,2,invalid 30%,0.0,0
out_of_range,0.3,kf_fallback,2030,20.900000000000162,0.3000000000363257,94,0,0,314,0.0,0.0025698249806076034,0.020359478958788993,0.1722488038277512,2,invalid 30%,0.0,0
out_of_range,0.3,kf_fallback,2031,19.600000000000144,0.3000000000697375,91,0,0,291,0.0,0.002223740344960629,0.019867770322245914,0.23214285714285715,2,invalid 30%,0.0,0
out_of_range,0.3,kf_fallback,2032,18.300000000000125,0.30000000003010174,76,0,0,280,0.0,0.0023874827078269934,0.016380344249565745,0.20765027322404372,2,invalid 30%,0.0,0
out_of_range,0.3,kf_fallback,2033,22.650000000000187,0.3000000000899463,119,0,0,324,0.0,0.002121598401253431,0.01562734387348505,0.2737306843267108,2,invalid 30%,0.0,0
out_of_range,0.3,kf_fallback,2034,24.30000000000021,0.30000000008951166,119,0,0,357,0.0,0.002187769672850544,0.01640166461589353,0.2448559670781893,2,invalid 30%,0.0,0
out_of_range,0.3,kf_fallback,2035,22.80000000000019,0.3000000000704746,116,0,0,330,0.0,0.0023221628698577934,0.019935360771567812,0.19078947368421054,2,invalid 30%,0.0,0
out_of_range,0.3,kf_fallback,2036,14.900000000000077,0.30000000148356687,50,0,0,238,0.0,0.001972671843215282,0.02035426725576516,0.1174496644295302,2,invalid 30%,0.0,0
out_of_range,0.3,kf_fallback,2037,15.300000000000082,0.3000000004707991,45,0,0,251,0.0,0.002065868889311773,0.019711297208766035,0.0915032679738562,2,invalid 30%,0.0,0
out_of_range,0.3,kf_fallback,2038,17.400000000000112,0.30000000007323446,67,0,0,271,0.0,0.0023730325794366048,0.015909420073902617,0.16666666666666666,2,invalid 30%,0.0,0
out_of_range,0.3,kf_fallback,2039,19.100000000000136,0.300000000056001,93,0,0,279,0.0,0.001823574649878145,0.019843866071617474,0.29842931937172773,2,invalid 30%,0.0,0
spike,0.02,raw,0,14.300000000000068,0.3000000118025824,0,0,3,273,0.0,0.03485785544994575,0.22268206049463302,0.0,0,spike 2%,0.0,0
spike,0.02,raw,1,14.300000000000068,0.30000001264622433,0,0,4,272,0.0,0.06760879577795034,0.13318487852648336,0.0,0,spike 2%,0.0,0
spike,0.02,raw,2,13.950000000000063,0.35154136772626793,0,0,3,269,0.0,0.11798978533989463,0.4721738647388291,0.0,0,spike 2%,0.0,0
spike,0.02,raw,3,14.100000000000065,0.31355928481887035,0,0,4,269,0.0,0.07661788224454547,0.32785170755248577,0.0,0,spike 2%,0.0,0
spike,0.02,raw,4,13.900000000000063,0.3000020602629176,0,0,3,265,0.0,0.0237222628150234,0.20854670346542575,0.0,0,spike 2%,0.0,0
spike,0.02,raw,5,14.100000000000065,0.3000000203357434,0,0,3,269,0.0,0.025382285253466818,0.16023895500126414,0.0,0,spike 2%,0.0,0
spike,0.02,raw,6,14.100000000000065,0.3000000231377268,0,0,2,270,0.0,0.01989087862362988,0.027428050795416697,0.0,0,spike 2%,0.0,0
spike,0.02,raw,7,14.100000000000065,0.3000000203357434,0,0,2,270,0.0,0.1558367893656474,0.02463513049615495,0.0,0,spike 2%,0.0,0
spike,0.02,raw,8,14.100000000000065,0.300000023230198,0,0,3,269,0.0,0.08725028026899113,0.12882177508938222,0.0,0,spike 2%,0.0,0
spike,0.02,raw,9,14.100000000000065,0.3000000203357434,0,0,1,271,0.0,0.0027178456217397833,0.04123376708925143,0.0,0,spike 2%,0.0,0
spike,0.02,raw,10,14.150000000000066,0.32024008763033757,0,0,5,269,0.0,0.18577638170082064,0.6005716951092255,0.0,0,spike 2%,0.0,0
spike,0.02,raw,11,14.100000000000065,0.3000000203357434,0,0,1,271,0.0,0.04128015225506006,0.025470174225039853,0.0,0,spike 2%,0.0,0
spike,0.02,raw,12,14.100000000000065,0.3000000203357434,0,0,4,268,0.0,0.1241049431229747,0.1218235431827365,0.0,0,spike 2%,0.0,0
spike,0.02,raw,13,13.70000000000006,0.3005501534443717,0,0,3,261,0.0,0.12295170119813739,0.41329243776395974,0.0,0,spike 2%,0.0,0
spike,0.02,raw,14,13.70000000000006,0.303121393721867,0,0,4,260,0.0,0.08770843477572687,0.41605560756052146,0.0,0,spike 2%,0.0,0
spike,0.02,raw,15,14.100000000000065,0.30001309921621394,0,0,2,270,0.0,0.022009636567220266,0.199111813351574,0.0,0,spike 2%,0.0,0
spike,0.02,raw,16,14.300000000000068,0.30000001115617647,0,0,4,272,0.0,0.11546913245747908,0.22476516248425316,0.0,0,spike 2%,0.0,0
spike,0.02,raw,17,13.900000000000063,0.3031300195068714,0,0,3,265,0.0,0.11245972887784958,0.39490112702079105,0.0,0,spike 2%,0.0,0
spike,0.02,raw,18,13.70000000000006,0.30314085638565935,0,0,4,260,0.0,0.2502079149827661,0.708989434568399,0.0,0,spike 2%,0.0,0
spike,0.02,raw,19,14.100000000000065,0.300000020698882,0,0,3,269,0.0,0.06954326789414943,0.36424972999255273,0.0,0,spike 2%,0.0,0
spike,0.02,raw,20,14.100000000000065,0.3000000366324148,0,0,2,270,0.0,0.11035607325963366,0.4590730975593447,0.0,0,spike 2%,0.0,0
spike,0.02,raw,21,14.100000000000065,0.3000000828178982,0,0,3,269,0.0,0.1826634603280639,0.496153028917089,0.0,0,spike 2%,0.0,0
spike,0.02,raw,22,13.950000000000063,0.339461469877463,0,0,2,269,0.0,0.08720213298826451,0.4124129592232532,0.0,0,spike 2%,0.0,0
spike,0.02,raw,23,13.70000000000006,0.30167518735544147,0,0,3,261,0.0,0.1331068541964225,0.37278250456363743,0.0,0,spike 2%,0.0,0
spike,0.02,raw,24,14.200000000000067,0.387927259717108,0,0,2,274,0.0,0.1498578683724683,0.35719530889922707,0.0,0,spike 2%,0.0,0
spike,0.02,raw,25,14.100000000000065,0.3000000203357434,0,0,3,269,0.0,0.020797700336257784,0.13405981260082606,0.0,0,spike 2%,0.0,0
spike,0.02,raw,26,14.100000000000065,0.3000223341229345,0,0,3,269,0.0,0.16717034917799553,0.5275008995656915,0.0,0,spike 2%,0.0,0
spike,0.02,raw,27,13.900000000000063,0.30021605066065804,0,0,1,267,0.0,0.046419177098034725,0.29742250574513973,0.0,0,spike 2%,0.0,0
spike,0.02,raw,28,13.70000000000006,0.30000027040598914,0,0,3,261,0.0,0.21863684237445488,0.6620132035144405,0.0,0,spike 2%,0.0,0
spike,0.02,raw,29,14.100000000000065,0.300000020698882,0,0,1,271,0.0,0.013107396237724047,0.14683215170234534,0.0,0,spike 2%,0.0,0
spike,0.02,raw,30,13.900000000000063,0.3103813515693392,0,0,5,264,0.0,0.09904416349054172,0.4401385856124356,0.0,0,spike 2%,0.0,0
spike,0.02,raw,31,14.100000000000065,0.3000000203357434,0,0,2,270,0.0,0.011940548813492591,0.14377983522075938,0.0,0,spike 2%,0.0,0
spike,0.02,raw,32,13.550000000000058,0.32028390791865646,0,0,4,258,0.0,0.3089479651084635,0.7965686948355711,0.0,0,spike 2%,0.0,0
spike,0.02,raw,33,14.300000000000068,0.3000000104303835,0,0,2,274,0.0,0.0018600756289320888,0.029034974746395412,0.0,0,spike 2%,0.0,0
spike,0.02,raw,34,13.550000000000058,0.3177109426169542,0,0,9,253,0.0,0.2816068559682743,0.3898250423525471,0.0,0,spike 2%,0.0,0
spike,0.02,raw,35,13.900000000000063,0.3000137847045744,0,0,5,263,0.0,0.10419497596461691,0.3803056973133898,0.0,0,spike 2%,0.0,0
spike,0.02,raw,36,14.500000000000071,0.3000000061104386,0,0,3,277,0.0,0.09537816919318287,0.12989488241154737,0.0,0,spike 2%,0.0,0
spike,0.02,raw,37,13.70000000000006,0.30042152878995443,0,0,3,261,0.0,0.07776693197634352,0.3911012486308401,0.0,0,spike 2%,0.0,0
spike,0.02,raw,38,14.100000000000065,0.3000002899940166,0,0,3,269,0.0,0.03965310955011903,0.13629397386667005,0.0,0,spike 2%,0.0,0
spike,0.02,raw,39,13.950000000000063,0.35154142251159237,0,0,4,268,0.0,0.20087221659030693,0.49384184985434987,0.0,0,spike 2%,0.0,0
spike,0.02,median,0,13.900000000000063,0.30000003964786687,3,0,0,265,0.0,0.033386323825023274,0.05900200994504203,0.0,0,spike 2%,0.0,0
spike,0.02,median,1,14.100000000000065,0.3000000203357434,3,0,0,269,0.0,0.06812008991815094,0.057655618572283525,0.0,0,spike 2%,0.0,0
spike,0.02,median,2,13.70000000000006,0.3000000773000178,2,0,0,262,0.0,0.11954340599125106,0.059953486298840876,0.0,0,spike 2%,0.0,0
spike,0.02,median,3,13.900000000000063,0.30000003964786687,4,0,0,264,0.0,0.07797661509446188,0.06742832728244787,0.0035971223021582736,0,spike 2%,0.0,0
spike,0.02,median,4,13.900000000000063,0.30000003964786687,2,0,1,265,0.0,0.023708819470315855,0.060170829880222064,0.0,0,spike 2%,0.0,0
spike,0.02,median,5,13.70000000000006,0.3000000773000178,3,0,0,261,0.0,0.02556852064725795,0.06059716962000006,0.0,0,spike 2%,0.0,0
spike,0.02,median,6,13.70000000000006,0.3000000773000178,1,0,0,263,0.0,0.020356076638203848,0.06563542987814965,0.0,0,spike 2%,0.0,0
spike,0.02,median,7,13.70000000000006,0.3000000773000178,2,0,0,262,0.0,0.16043935919336727,0.061190392791745485,0.0,0,spike 2%,0.0,0
spike,0.02,median,8,13.900000000000063,0.30000003964786687,2,0,1,265,0.0,0.08802661354381851,0.06281357874233894,0.0,0,spike 2%,0.0,0
spike,0.02,median,9,13.70000000000006,0.3000000773000178,0,0,1,263,0.0,0.0024705689346396944,0.0647480091981038,0.0,0,spike 2%,0.0,0
spike,0.02,median,10,13.900000000000063,0.30000003964786687,4,0,1,263,0.0,0.18824348906207636,0.06575169013707535,0.0035971223021582736,0,spike 2%,0.0,0
spike,0.02,median,11,13.70000000000006,0.3000000773000178,1,0,0,263,0.0,0.04265415130851951,0.0691460909456534,0.0,0,spike 2%,0.0,0
spike,0.02,median,12,13.70000000000006,0.3000000773000178,2,0,1,261,0.0,0.1253254041057281,0.06226263085620608,0.0,0,spike 2%,0.0,0
spike,0.02,median,13,13.500000000000057,0.3000001507090587,3,0,0,257,0.0,0.12479748421630217,0.07383306043942876,0.0,0,spike 2%,0.0,0
spike,0.02,median,14,13.500000000000057,0.3000001507090587,4,0,0,256,0.0,0.08702636702039569,0.06586388478153568,0.0,0,spike 2%,0.0,0
spike,0.02,median,15,13.900000000000063,0.30000003964786687,2,0,0,266,0.0,0.02224314876746911,0.05920336869082151,0.0,0,spike 2%,0.0,0
spike,0.02,median,16,13.70000000000006,0.3000000773000178,3,0,0,261,0.0,0.12014544205178056,0.060897891463942665,0.0,0,spike 2%,0.0,0
spike,0.02,median,17,13.70000000000006,0.3000000773000178,3,0,0,261,0.0,0.11371418330796373,0.05841392682695399,0.0,0,spike 2%,0.0,0
spike,0.02,median,18,13.900000000000063,0.30000003964786687,4,0,0,264,0.0,0.24491381524868103,0.06276164697454209,0.0,0,spike 2%,0.0,0
spike,0.02,median,19,13.70000000000006,0.3000000773000178,3,0,0,261,0.0,0.07027688854849834,0.0686470148042202,0.0036496350364963502,0,spike 2%,0.0,0
spike,0.02,median,20,13.900000000000063,0.30000003964786687,2,0,0,266,0.0,0.1112884685501665,0.060517184696879035,0.0,0,spike 2%,0.0,0
spike,0.02,median,21,13.70000000000006,0.3000000773000178,3,0,0,261,0.0,0.18535237765208373,0.06605630502261771,0.0,0,spike 2%,0.0,0
spike,0.02,median,22,13.900000000000063,0.30000003964786687,1,0,0,267,0.0,0.08780423380257911,0.06780828437023205,0.0035971223021582736,0,spike 2%,0.0,0
spike,0.02,median,23,13.70000000000006,0.3000000773000178,3,0,0,261,0.0,0.13310779312516227,0.06396922968730387,0.0,0,spike 2%,0.0,0
spike,0.02,median,24,13.900000000000063,0.30000003964786687,2,0,0,266,0.0,0.08832113892237901,0.0597209708904167,0.0,0,spike 2%,0.0,0
spike,0.02,median,25,13.70000000000006,0.3000000773000178,3,0,0,261,0.0,0.020156734661646906,0.061965863047036544,0.0,0,spike 2%,0.0,0
spike,0.02,median,26,13.900000000000063,0.30000003964786687,3,0,0,265,0.0,0.16847287756749602,0.05617646918177166,0.0,0,spike 2%,0.0,0
spike,0.02,median,27,13.70000000000006,0.3000000773000178,1,0,0,263,0.0,0.04728207055346993,0.07035660570024077,0.0072992700729927005,0,spike 2%,0.0,0
spike,0.02,median,28,13.70000000000006,0.3000000773000178,2,0,1,261,0.0,0.21866596880022887,0.06327443755450501,0.0,0,spike 2%,0.0,0
spike,0.02,median,29,13.70000000000006,0.3000000773000178,1,0,0,263,0.0,0.012029189556703,0.06020812511000057,0.0,0,spike 2%,0.0,0
spike,0.02,median,30,13.900000000000063,0.30000003964786687,4,0,1,263,0.0,0.09867799901758907,0.060746340673180604,0.0,0,spike 2%,0.0,0
spike,0.02,median,31,13.70000000000006,0.3000000773000178,2,0,0,262,0.0,0.010398076339245683,0.06835624974656927,0.0072992700729927005,0,spike 2%,0.0,0
spike,0.02,median,32,13.70000000000006,0.3000000773000178,4,0,0,260,0.0,0.30600183649301665,0.06673434794820587,0.0,0,spike 2%,0.0,0
spike,0.02,median,33,13.900000000000063,0.30000003964786687,0,0,0,268,0.0,0.0017665011517292038,0.05822475074726976,0.0,0,spike 2%,0.0,0
spike,0.02,median,34,13.900000000000063,0.30000003964786687,9,0,0,259,0.0,0.27405162959414636,0.06264540237827322,0.0,0,spike 2%,0.0,0
spike,0.02,median,35,13.900000000000063,0.30000003964786687,5,0,0,263,0.0,0.10417001794890345,0.06044478418986259,0.0,0,spike 2%,0.0,0
spike,0.02,median,36,13.900000000000063,0.30000003964786687,3,0,0,265,0.0,0.09699037006083266,0.06215600974237775,0.0,0,spike 2%,0.0,0
spike,0.02,median,37,13.70000000000006,0.3000000773000178,3,0,0,261,0.0,0.07643225191485617,0.061334750148177034,0.0,0,spike 2%,0.0,0
spike,0.02,median,38,13.900000000000063,0.30000003964786687,3,0,0,265,0.0,0.04023005160764721,0.06283916373606982,0.0035971223021582736,0,spike 2%,0.0,0
spike,0.02,median,39,13.70000000000006,0.3000000773000178,3,0,0,261,0.0,0.20399496047334278,0.06566795540415983,0.0,0,spike 2%,0.0,0
spike,0.02,mad,0,14.100000000000065,0.30000002158820077,3,3,0,266,0.0,0.03403576770328138,0.049405635121505434,0.0,0,spike 2%,0.0,0
spike,0.02,mad,1,14.500000000000071,0.3000000053498363,4,5,0,271,0.0,0.15223543158952318,0.039820903359251175,0.0,0,spike 2%,0.0,0
spike,0.02,mad,2,14.100000000000065,0.3000000203357434,3,2,0,267,0.0,0.11713701001977564,0.0341881192621346,0.0035460992907801418,0,spike 2%,0.0,0
spike,0.02,mad,3,14.300000000000068,0.3000000104303835,3,4,1,268,0.0,0.07528517049921227,0.05403471786570802,0.0,0,spike 2%,0.0,0
spike,0.02,mad,4,14.300000000000068,0.3000000104303835,3,4,0,269,0.0,0.023282462877613316,0.04460526389584696,0.0,0,spike 2%,0.0,0
spike,0.02,mad,5,14.100000000000065,0.3000000203357434,3,0,0,269,0.0,0.025382285253466818,0.0321535819712071,0.0,0,spike 2%,0.0,0
spike,0.02,mad,6,14.100000000000065,0.3000000203357434,1,1,1,269,0.0,0.019888961825233094,0.030174423924610037,0.0,0,spike 2%,0.0,0
spike,0.02,mad,7,14.100000000000065,0.3000000203357434,2,3,0,267,0.0,0.1558367893656474,0.02863112293215463,0.0,0,spike 2%,0.0,0
spike,0.02,mad,8,14.300000000000068,0.3000000104303835,3,7,0,266,0.0,0.0862068406052972,0.03534163230548375,0.0,0,spike 2%,0.0,0
spike,0.02,mad,9,14.100000000000065,0.3000000203357434,1,4,0,267,0.0,0.0027178456217397833,0.035546419431330814,0.0,0,spike 2%,0.0,0
spike,0.02,mad,10,14.300000000000068,0.3000000104303835,5,3,0,268,0.0,0.18444580676945954,0.05896180743435684,0.0034965034965034965,0,spike 2%,0.0,0
spike,0.02,mad,11,14.100000000000065,0.3000000203357434,1,2,0,269,0.0,0.04128015225506006,0.028572426821827687,0.0,0,spike 2%,0.0,0
spike,0.02,mad,12,14.100000000000065,0.3000000203357434,3,8,1,260,0.0,0.1241049431229747,0.03284599505123952,0.0,0,spike 2%,0.0,0
spike,0.02,mad,13,13.900000000000063,0.3000000403558649,3,3,0,262,0.0,0.12116673272934612,0.060106339619507364,0.0,0,spike 2%,0.0,0
spike,0.02,mad,14,13.900000000000063,0.30000003964786687,4,3,0,261,0.0,0.08602768027598989,0.05710095411380489,0.0,0,spike 2%,0.0,0
spike,0.02,mad,15,14.300000000000068,0.3000000104303835,2,2,0,272,0.0,0.02170523505517878,0.03368899318869762,0.0,0,spike 2%,0.0,0
spike,0.02,mad,16,14.100000000000065,0.3000000203357434,3,6,0,263,0.0,0.11709510819547653,0.05729660295247884,0.0,0,spike 2%,0.0,0
spike,0.02,mad,17,14.100000000000065,0.3000000203357434,3,4,0,265,0.0,0.1108328735062381,0.031016058534619566,0.0,0,spike 2%,0.0,0
spike,0.02,mad,18,14.300000000000068,0.3000000104303835,4,9,0,263,0.0,0.24010911131975077,0.04001408309139901,0.02097902097902098,0,spike 2%,0.0,0
spike,0.02,mad,19,14.100000000000065,0.300000020698882,3,1,0,268,0.0,0.06954326789414943,0.06277957497845031,0.0035460992907801418,0,spike 2%,0.0,0
spike,0.02,mad,20,14.300000000000068,0.3000000104303835,2,1,0,273,0.0,0.20589404303852113,0.03742591672161565,0.0,0,spike 2%,0.0,0
spike,0.02,mad,21,14.100000000000065,0.3000000203357434,3,3,0,266,0.0,0.18266340851747864,0.05813852510214084,0.0035460992907801418,0,spike 2%,0.0,0
spike,0.02,mad,22,14.300000000000068,0.3000000104303835,2,4,1,269,0.0,0.08507808110881532,0.03603131336586811,0.0,0,spike 2%,0.0,0
spike,0.02,mad,23,14.100000000000065,0.3000000203357434,3,3,0,266,0.0,0.1283276885752118,0.03414377687873007,0.0,0,spike 2%,0.0,0
spike,0.02,mad,24,14.300000000000068,0.3000000104303835,2,3,0,271,0.0,0.1498578683724683,0.0544461827409608,0.0034965034965034965,0,spike 2%,0.0,0
spike,0.02,mad,25,14.100000000000065,0.3000000203357434,3,2,0,267,0.0,0.020797700336257784,0.03222845382311517,0.0,0,spike 2%,0.0,0
spike,0.02,mad,26,14.100000000000065,0.30000002158820077,3,1,0,268,0.0,0.16718468980082035,0.051641166585542,0.0,0,spike 2%,0.0,0
spike,0.02,mad,27,14.100000000000065,0.3000000203357434,1,5,0,266,0.0,0.04560449038778322,0.03528221547955517,0.0,0,spike 2%,0.0,0
spike,0.02,mad,28,14.100000000000065,0.3000000203357434,3,4,0,265,0.0,0.21190905684639877,0.03848537256824962,0.0,0,spike 2%,0.0,0
spike,0.02,mad,29,14.100000000000065,0.300000020698882,1,5,0,266,0.0,0.013107396237724047,0.039619392794885286,0.0035460992907801418,0,spike 2%,0.0,0
spike,0.02,mad,30,13.900000000000063,0.3000000420897377,5,7,0,256,0.0,0.09867417355425617,0.07342214326059524,0.0,0,spike 2%,0.0,0
spike,0.02,mad,31,14.100000000000065,0.3000000203357434,2,1,0,269,0.0,0.011940548813492591,0.03484934751000511,0.0,0,spike 2%,0.0,0
spike,0.02,mad,32,14.100000000000065,0.3000000203357434,4,1,0,267,0.0,0.30050765783626826,0.03980238847632846,0.0035460992907801418,0,spike 2%,0.0,0
spike,0.02,mad,33,14.300000000000068,0.3000000104303835,1,2,1,272,0.0,0.0018600756289320888,0.029529608712981794,0.0,0,spike 2%,0.0,0
spike,0.02,mad,34,14.300000000000068,0.3000000104303835,9,2,0,265,0.0,0.2681301769113303,0.041145606115953345,0.0,0,spike 2%,0.0,0
spike,0.02,mad,35,14.300000000000068,0.3000000104303835,5,3,0,268,0.0,0.10218028330711192,0.03572081777954356,0.0,0,spike 2%,0.0,0
spike,0.02,mad,36,14.300000000000068,0.3000000104303835,3,2,0,271,0.0,0.09618473712039187,0.03330195001791805,0.0,0,spike 2%,0.0,0
spike,0.02,mad,37,14.100000000000065,0.3000000203357434,3,3,0,266,0.0,0.07553166957566301,0.036292354472853026,0.0,0,spike 2%,0.0,0
spike,0.02,mad,38,14.300000000000068,0.3000000104303835,3,0,0,273,0.0,0.039938574171091874,0.038276903795380984,0.0034965034965034965,0,spike 2%,0.0,0
spike,0.02,mad,39,14.100000000000065,0.3000000203357434,4,2,0,266,0.0,0.19941805632988338,0.035713598743611456,0.0035460992907801418,0,spike 2%,0.0,0
spike,0.02,kf,0,14.300000000000068,0.3000000104303835,3,0,0,273,0.0,0.03426409290300403,0.016691598604258718,0.0,0,spike 2%,0.0,0
spike,0.02,kf,1,14.300000000000068,0.3000000104303835,3,0,1,272,0.0,0.06758427448174091,0.01627827961742671,0.0,0,spike 2%,0.0,0
spike,0.02,kf,2,14.100000000000065,0.3000000203357434,3,0,0,269,0.0,0.11713701001977564,0.01744688389133521,0.0035460992907801418,0,spike 2%,0.0,0
spike,0.02,kf,3,14.300000000000068,0.3000000104303835,4,0,0,272,0.0,0.07528517049921227,0.014645374689851503,0.0,0,spike 2%,0.0,0
spike,0.02,kf,4,14.300000000000068,0.3000000104303835,3,0,0,273,0.0,0.023282462877613316,0.015068942028794987,0.0,0,spike 2%,0.0,0
spike,0.02,kf,5,14.100000000000065,0.3000000203357434,3,0,0,269,0.0,0.025382285253466818,0.015679432572311434,0.0,0,spike 2%,0.0,0
spike,0.02,kf,6,14.100000000000065,0.3000000203357434,1,0,1,270,0.0,0.019888961825233094,0.017176523776451083,0.0,0,spike 2%,0.0,0
spike,0.02,kf,7,14.100000000000065,0.3000000203357434,2,0,0,270,0.0,0.1558367893656474,0.015085115910042945,0.0,0,spike 2%,0.0,0
spike,0.02,kf,8,14.300000000000068,0.3000000104303835,3,0,0,273,0.0,0.0862068406052972,0.01734458338534348,0.0,0,spike 2%,0.0,0
spike,0.02,kf,9,14.100000000000065,0.3000000203357434,1,0,0,271,0.0,0.0027178456217397833,0.016857719314196877,0.0,0,spike 2%,0.0,0
spike,0.02,kf,10,14.300000000000068,0.3000000104303835,4,0,1,271,0.0,0.18444580676945954,0.02219009316056614,0.0034965034965034965,0,spike 2%,0.0,0
spike,0.02,kf,11,14.100000000000065,0.3000000203357434,1,0,0,271,0.0,0.04128015225506006,0.016742231757538,0.0,0,spike 2%,0.0,0
spike,0.02,kf,12,14.100000000000065,0.3000000203357434,3,0,1,268,0.0,0.1241049431229747,0.018159768163974035,0.0,0,spike 2%,0.0,0
spike,0.02,kf,13,14.100000000000065,0.3000000203357434,3,0,0,269,0.0,0.11900770745587948,0.017245509926572235,0.0,0,spike 2%,0.0,0
spike,0.02,kf,14,14.100000000000065,0.3000000203357434,4,0,0,268,0.0,0.08544266550781152,0.01594667088259394,0.0,0,spike 2%,0.0,0
spike,0.02,kf,15,14.300000000000068,0.3000000104303835,2,0,0,274,0.0,0.02170523505517878,0.016578209390163214,0.0,0,spike 2%,0.0,0
spike,0.02,kf,16,14.100000000000065,0.3000000203357434,3,0,0,269,0.0,0.11709510819547653,0.013666402190931012,0.0,0,spike 2%,0.0,0
spike,0.02,kf,17,14.100000000000065,0.3000000203357434,3,0,0,269,0.0,0.1108328735062381,0.01971548823369732,0.0,0,spike 2%,0.0,0
spike,0.02,kf,18,14.300000000000068,0.3000000104303835,4,0,0,272,0.0,0.24010911131975077,0.0166874584779992,0.0,0,spike 2%,0.0,0
spike,0.02,kf,19,14.300000000000068,0.3000000104303835,3,0,0,273,0.0,0.06921858885493139,0.01724141164480196,0.0,0,spike 2%,0.0,0
spike,0.02,kf,20,14.300000000000068,0.3000000104303835,2,0,0,274,0.0,0.20589404303852113,0.01647726261968629,0.0,0,spike 2%,0.0,0
spike,0.02,kf,21,14.100000000000065,0.3000000203357434,3,0,0,269,0.0,0.18266340851747864,0.01842998988875921,0.0035460992907801418,0,spike 2%,0.0,0
spike,0.02,kf,22,14.300000000000068,0.3000000104303835,2,0,1,273,0.0,0.08507808110881532,0.018788648122820103,0.0,0,spike 2%,0.0,0
spike,0.02,kf,23,14.100000000000065,0.3000000203357434,3,0,0,269,0.0,0.1283276885752118,0.015694047213721137,0.0,0,spike 2%,0.0,0
spike,0.02,kf,24,14.300000000000068,0.3000000104303835,2,0,0,274,0.0,0.1498578683724683,0.016372954525449637,0.0034965034965034965,0,spike 2%,0.0,0
spike,0.02,kf,25,14.100000000000065,0.3000000203357434,3,0,0,269,0.0,0.020797700336257784,0.017675799603285528,0.0,0,spike 2%,0.0,0
spike,0.02,kf,26,14.300000000000068,0.3000000104303835,3,0,0,273,0.0,0.1647874098948358,0.01654289866976901,0.0,0,spike 2%,0.0,0
spike,0.02,kf,27,14.100000000000065,0.3000000203357434,1,0,0,271,0.0,0.04560449038778322,0.017245388501182905,0.0,0,spike 2%,0.0,0
spike,0.02,kf,28,14.100000000000065,0.3000000203357434,3,0,0,269,0.0,0.21190905684639877,0.014497344017745536,0.0,0,spike 2%,0.0,0
spike,0.02,kf,29,14.300000000000068,0.3000000104303835,1,0,0,275,0.0,0.013547527603178247,0.015963697356898624,0.0,0,spike 2%,0.0,0
spike,0.02,kf,30,14.300000000000068,0.3000000104303835,5,0,0,271,0.0,0.09734128707745102,0.018142819713245377,0.0,0,spike 2%,0.0,0
spike,0.02,kf,31,14.100000000000065,0.3000000203357434,2,0,0,270,0.0,0.011940548813492591,0.01515932638438025,0.0,0,spike 2%,0.0,0
spike,0.02,kf,32,14.100000000000065,0.3000000203357434,4,0,0,268,0.0,0.30050765783626826,0.015845635547008873,0.0035460992907801418,0,spike 2%,0.0,0
spike,0.02,kf,33,14.100000000000065,0.3000000203357434,0,0,1,271,0.0,0.0017943240552977637,0.01715704446352421,0.0,0,spike 2%,0.0,0
spike,0.02,kf,34,14.300000000000068,0.3000000104303835,9,0,0,267,0.0,0.2681301769113303,0.01800714882982011,0.0,0,spike 2%,0.0,0
spike,0.02,kf,35,14.300000000000068,0.3000000104303835,5,0,0,271,0.0,0.10218028330711192,0.016673688045064645,0.0,0,spike 2%,0.0,0
spike,0.02,kf,36,14.300000000000068,0.3000000104303835,3,0,0,273,0.0,0.09618473712039187,0.015488877991640842,0.0,0,spike 2%,0.0,0
spike,0.02,kf,37,14.100000000000065,0.3000000203357434,3,0,0,269,0.0,0.07553166957566301,0.01624253098949179,0.0,0,spike 2%,0.0,0
spike,0.02,kf,38,14.300000000000068,0.3000000104303835,3,0,0,273,0.0,0.039938574171091874,0.018180423867446133,0.0034965034965034965,0,spike 2%,0.0,0
spike,0.02,kf,39,14.100000000000065,0.3000000203357434,4,0,0,268,0.0,0.19941805632988338,0.01532965144497748,0.0035460992907801418,0,spike 2%,0.0,0
spike,0.02,kf_fallback,0,14.300000000000068,0.3000000104303835,3,0,0,273,0.0,0.03426409290300403,0.016691598604258718,0.0,0,spike 2%,0.0,0
spike,0.02,kf_fallback,1,15.350000000000083,0.3000000003862933,5,0,0,292,0.0,0.14798683269652144,0.01743461925155122,0.0,0,spike 2%,0.0,0
spike,0.02,kf_fallback,2,14.100000000000065,0.3000000203357434,3,0,0,269,0.0,0.11713701001977564,0.01744688389133521,0.0035460992907801418,0,spike 2%,0.0,0
spike,0.02,kf_fallback,3,14.300000000000068,0.3000000104303835,4,0,0,272,0.0,0.07528517049921227,0.014645374689851503,0.0,0,spike 2%,0.0,0
spike,0.02,kf_fallback,4,14.300000000000068,0.3000000104303835,3,0,0,273,0.0,0.023282462877613316,0.015068942028794987,0.0,0,spike 2%,0.0,0
spike,0.02,kf_fallback,5,14.100000000000065,0.3000000203357434,3,0,0,269,0.0,0.025382285253466818,0.015679432572311434,0.0,0,spike 2%,0.0,0
spike,0.02,kf_fallback,6,14.100000000000065,0.3000000203357434,1,0,1,270,0.0,0.019888961825233094,0.017176523776451083,0.0,0,spike 2%,0.0,0
spike,0.02,kf_fallback,7,14.900000000000077,0.30000001024237277,2,0,0,286,0.0,0.1474080434312677,0.01604074975035205,0.0,0,spike 2%,0.0,0
spike,0.02,kf_fallback,8,14.300000000000068,0.3000000104303835,3,0,0,273,0.0,0.0862068406052972,0.01734458338534348,0.0,0,spike 2%,0.0,0
spike,0.02,kf_fallback,9,14.100000000000065,0.3000000203357434,1,0,0,271,0.0,0.0027178456217397833,0.016857719314196877,0.0,0,spike 2%,0.0,0
spike,0.02,kf_fallback,10,14.300000000000068,0.3000000104303835,4,0,1,271,0.0,0.18444580676945954,0.02219009316056614,0.0034965034965034965,0,spike 2%,0.0,0
spike,0.02,kf_fallback,11,14.100000000000065,0.3000000203357434,1,0,0,271,0.0,0.04128015225506006,0.016742231757538,0.0,0,spike 2%,0.0,0
spike,0.02,kf_fallback,12,14.100000000000065,0.3000000203357434,3,0,1,268,0.0,0.1241049431229747,0.018159768163974035,0.0,0,spike 2%,0.0,0
spike,0.02,kf_fallback,13,14.100000000000065,0.3000000203357434,3,0,0,269,0.0,0.11900770745587948,0.017245509926572235,0.0,0,spike 2%,0.0,0
spike,0.02,kf_fallback,14,14.100000000000065,0.3000000203357434,4,0,0,268,0.0,0.08544266550781152,0.01594667088259394,0.0,0,spike 2%,0.0,0
spike,0.02,kf_fallback,15,14.300000000000068,0.3000000104303835,2,0,0,274,0.0,0.02170523505517878,0.016578209390163214,0.0,0,spike 2%,0.0,0
spike,0.02,kf_fallback,16,15.10000000000008,0.30000000079444444,5,0,0,287,0.0,0.16210968491376548,0.014999262756743013,0.0033112582781456954,0,spike 2%,0.0,0
spike,0.02,kf_fallback,17,14.100000000000065,0.3000000203357434,3,0,0,269,0.0,0.1108328735062381,0.01971548823369732,0.0,0,spike 2%,0.0,0
spike,0.02,kf_fallback,18,14.300000000000068,0.3000000104303835,4,0,0,272,0.0,0.24010911131975077,0.0166874584779992,0.0,0,spike 2%,0.0,0
spike,0.02,kf_fallback,19,14.300000000000068,0.3000000104303835,3,0,0,273,0.0,0.06921858885493139,0.01724141164480196,0.0,0,spike 2%,0.0,0
spike,0.02,kf_fallback,20,14.300000000000068,0.3000000104303835,2,0,0,274,0.0,0.20589404303852113,0.01647726261968629,0.0,0,spike 2%,0.0,0
spike,0.02,kf_fallback,21,14.600000000000072,0.30000000406222715,3,0,0,279,0.0,0.2784455766808672,0.014708706497997142,0.0,0,spike 2%,0.0,0
spike,0.02,kf_fallback,22,14.300000000000068,0.3000000104303835,2,0,1,273,0.0,0.08507808110881532,0.018788648122820103,0.0,0,spike 2%,0.0,0
spike,0.02,kf_fallback,23,14.100000000000065,0.3000000203357434,3,0,0,269,0.0,0.1283276885752118,0.015694047213721137,0.0,0,spike 2%,0.0,0
spike,0.02,kf_fallback,24,14.300000000000068,0.3000000104303835,2,0,0,274,0.0,0.1498578683724683,0.016372954525449637,0.0034965034965034965,0,spike 2%,0.0,0
spike,0.02,kf_fallback,25,14.100000000000065,0.3000000203357434,3,0,0,269,0.0,0.020797700336257784,0.017675799603285528,0.0,0,spike 2%,0.0,0
spike,0.02,kf_fallback,26,14.300000000000068,0.3000000104303835,3,0,0,273,0.0,0.1647874098948358,0.01654289866976901,0.0,0,spike 2%,0.0,0
spike,0.02,kf_fallback,27,14.100000000000065,0.3000000203357434,1,0,0,271,0.0,0.04560449038778322,0.017245388501182905,0.0,0,spike 2%,0.0,0
spike,0.02,kf_fallback,28,14.100000000000065,0.3000000203357434,3,0,0,269,0.0,0.21190905684639877,0.014497344017745536,0.0,0,spike 2%,0.0,0
spike,0.02,kf_fallback,29,14.300000000000068,0.3000000104303835,1,0,0,275,0.0,0.013547527603178247,0.015963697356898624,0.0,0,spike 2%,0.0,0
spike,0.02,kf_fallback,30,14.300000000000068,0.3000000104303835,5,0,0,271,0.0,0.09734128707745102,0.018142819713245377,0.0,0,spike 2%,0.0,0
spike,0.02,kf_fallback,31,14.100000000000065,0.3000000203357434,2,0,0,270,0.0,0.011940548813492591,0.01515932638438025,0.0,0,spike 2%,0.0,0
spike,0.02,kf_fallback,32,14.100000000000065,0.3000000203357434,4,0,0,268,0.0,0.30050765783626826,0.015845635547008873,0.0035460992907801418,0,spike 2%,0.0,0
spike,0.02,kf_fallback,33,14.100000000000065,0.3000000203357434,0,0,1,271,0.0,0.0017943240552977637,0.01715704446352421,0.0,0,spike 2%,0.0,0
spike,0.02,kf_fallback,34,14.850000000000076,0.3000000155579112,9,0,0,278,0.0,0.29117632040514996,0.016230294582927508,0.0,0,spike 2%,0.0,0
spike,0.02,kf_fallback,35,14.300000000000068,0.3000000104303835,5,0,0,271,0.0,0.10218028330711192,0.016673688045064645,0.0,0,spike 2%,0.0,0
spike,0.02,kf_fallback,36,14.300000000000068,0.3000000104303835,3,0,0,273,0.0,0.09618473712039187,0.015488877991640842,0.0,0,spike 2%,0.0,0
spike,0.02,kf_fallback,37,14.100000000000065,0.3000000203357434,3,0,0,269,0.0,0.07553166957566301,0.01624253098949179,0.0,0,spike 2%,0.0,0
spike,0.02,kf_fallback,38,14.300000000000068,0.3000000104303835,3,0,0,273,0.0,0.039938574171091874,0.018180423867446133,0.0034965034965034965,0,spike 2%,0.0,0
spike,0.02,kf_fallback,39,14.100000000000065,0.3000000203357434,4,0,0,268,0.0,0.19941805632988338,0.01532965144497748,0.0035460992907801418,0,spike 2%,0.0,0
spike,0.05,raw,1000,13.300000000000054,0.3004403965463218,0,0,11,245,0.0,0.25275684487619254,0.7287876796038973,0.0,1,spike 5%,0.0,0
spike,0.05,raw,1001,14.100000000000065,0.3000000203357434,0,0,7,265,0.0,0.21356820473049717,0.2776875075608635,0.0,1,spike 5%,0.0,0
spike,0.05,raw,1002,13.800000000000061,0.38793225039796536,0,0,8,260,0.0,0.31091842261439173,0.5379348468317698,0.0,1,spike 5%,0.0,0
spike,0.05,raw,1003,13.350000000000055,0.3149038215249259,0,0,9,248,0.0,0.3772046246769127,0.657931749948463,0.0,1,spike 5%,0.0,0
spike,0.05,raw,1004,13.900000000000063,0.3024152237144602,0,0,10,258,0.0,0.22998324865600883,0.619756552699523,0.0,1,spike 5%,0.0,0
spike,0.05,raw,1005,14.100000000000065,0.3001654099480227,0,0,7,265,0.0,0.30508252065142466,0.44313229965810874,0.0,1,spike 5%,0.0,0
spike,0.05,raw,1006,13.850000000000062,0.40200709624277153,0,0,10,260,0.0,0.3890580233951481,0.7306495278631918,0.0,1,spike 5%,0.002508870303464389,0
spike,0.05,raw,1007,14.100000000000065,0.300481344269676,0,0,10,262,0.0,0.20404119648849348,0.4826169963349983,0.0,1,spike 5%,0.0,0
spike,0.05,raw,1008,13.900000000000063,0.3001271945981713,0,0,7,261,0.0,0.39338821115409683,0.49792212969809646,0.0,1,spike 5%,0.0,0
spike,0.05,raw,1009,13.70000000000006,0.30000074565022417,0,0,11,253,0.0,0.41624331057663133,0.6280534813893354,0.0,1,spike 5%,0.0,0
spike,0.05,raw,1010,13.70000000000006,0.3061458940123084,0,0,9,256,0.0,0.2731311920008402,0.4455275838869849,0.0,1,spike 5%,0.0,0
spike,0.05,raw,1011,14.100000000000065,0.31186438044159315,0,0,6,267,0.0,0.20486029566721792,0.523866097424344,0.0,1,spike 5%,0.0,0
spike,0.05,raw,1012,13.900000000000063,0.3000133839780755,0,0,5,263,0.0,0.08910493934051215,0.4162028486486404,0.0,1,spike 5%,0.0,0
spike,0.05,raw,1013,13.70000000000006,0.3110998623703849,0,0,7,258,0.0,0.24915134179168047,0.7075996488612477,0.0,1,spike 5%,0.0,0
spike,0.05,raw,1014,13.900000000000063,0.30032249336365663,0,0,10,258,0.0,0.2559298328761388,0.30007295096149295,0.0,1,spike 5%,0.0,0
spike,0.05,raw,1015,13.800000000000061,0.37966757785912525,0,0,7,261,0.0,0.3438605316623307,0.5502002894152538,0.0,1,spike 5%,0.0,0
spike,0.05,raw,1016,14.100000000000065,0.3000000347431751,0,0,6,266,0.0,0.2351728568796799,0.12821208756811886,0.0,1,spike 5%,0.0,0
spike,0.05,raw,1017,13.900000000000063,0.30000788079795726,0,0,8,260,0.0,0.15042770080117154,0.5448913267103032,0.0,1,spike 5%,0.0,0
spike,0.05,raw,1018,13.900000000000063,0.30160093785167696,0,0,6,262,0.0,0.10727293223725765,0.4588807823307259,0.0,1,spike 5%,0.0,0
spike,0.05,raw,1019,13.450000000000056,0.43326107570370026,0,0,15,247,0.0,0.5394532401419395,0.8979165077396631,0.0,1,spike 5%,0.0415763446296253,0
spike,0.05,raw,1020,13.70000000000006,0.3136030722328649,0,0,6,259,0.0,0.31872031864225026,0.7546582154794099,0.0,1,spike 5%,0.0,0
spike,0.05,raw,1021,13.75000000000006,0.3154986812306897,0,0,8,258,0.0,0.38164823253926744,0.7470994452949133,0.0,1,spike 5%,0.0,0
spike,0.05,raw,1022,14.100000000000065,0.3006286912400763,0,0,7,265,0.0,0.23678816906927555,0.27852636730222236,0.0,1,spike 5%,0.0,0
spike,0.05,raw,1023,14.100000000000065,0.4502493457646424,0,0,8,264,0.0,0.24322534613390154,0.6416624787404756,0.0,1,spike 5%,0.06281168220580294,0
spike,0.05,raw,1024,13.70000000000006,0.3000048893640379,0,0,11,253,0.0,0.2598619200957961,0.4919123344617505,0.0,1,spike 5%,0.0,0
spike,0.05,raw,1025,13.350000000000055,0.3194194456549403,0,0,10,248,0.0,0.49112101478154685,0.7869320153062277,0.0,1,spike 5%,0.0,0
spike,0.05,raw,1026,13.450000000000056,0.4149093849478092,0,0,11,249,0.0,0.5208435765279551,0.9226926854946241,0.0,1,spike 5%,0.018636731184761487,0
spike,0.05,raw,1027,13.70000000000006,0.3000018648744896,0,0,12,252,0.0,0.3213947364221933,0.6059462968016163,0.0,1,spike 5%,0.0,0
spike,0.05,raw,1028,13.300000000000054,0.4383072032696348,0,0,8,249,0.0,0.584523774335985,1.1135683089625312,0.0,1,spike 5%,0.047884004087043464,0
spike,0.05,raw,1029,13.500000000000057,0.3013642580541497,0,0,11,249,0.0,0.3476110609542043,0.8372410112377767,0.0,1,spike 5%,0.0,0
spike,0.05,raw,1030,13.500000000000057,0.3000095795405118,0,0,10,250,0.0,0.4752447470440975,0.7291135181714178,0.0,1,spike 5%,0.0,0
spike,0.05,raw,1031,14.100000000000065,0.3000000203357434,0,0,8,264,0.0,0.13020228677670542,0.24612764843842966,0.0,1,spike 5%,0.0,0
spike,0.05,raw,1032,13.900000000000063,0.3000226516748237,0,0,8,260,0.0,0.2178803116201471,0.5983042779108818,0.0,1,spike 5%,0.0,0
spike,0.05,raw,1033,13.70000000000006,0.300000359503713,0,0,6,258,0.0,0.12519117297910715,0.4973989867147942,0.0,1,spike 5%,0.0,0
spike,0.05,raw,1034,13.950000000000063,0.3406140339876574,0,0,5,266,0.0,0.16862540808785306,0.5570276723796765,0.0,1,spike 5%,0.0,0
spike,0.05,raw,1035,14.100000000000065,0.30003809378132373,0,0,15,257,0.0,0.3540890820343166,0.35056452328924026,0.0,1,spike 5%,0.0,0
spike,0.05,raw,1036,13.150000000000052,0.4845698444854974,0,0,16,240,0.0,0.622233368194436,0.8623436162968471,0.0,1,spike 5%,0.10571230560687171,0
spike,0.05,raw,1037,13.900000000000063,0.30000122214309555,0,0,5,263,0.0,0.2196132000413673,0.2893890594132521,0.0,1,spike 5%,0.0,0
spike,0.05,raw,1038,14.300000000000068,0.3000000104303835,0,0,6,270,0.0,0.18512563631036444,0.26020352944893016,0.0,1,spike 5%,0.0,0
spike,0.05,raw,1039,13.500000000000057,0.305571883150362,0,0,6,255,0.0,0.3432258292703108,0.8420822828350658,0.0,1,spike 5%,0.0,0
spike,0.05,median,1000,13.70000000000006,0.3000000773000178,12,0,0,252,0.0,0.24378476002895108,0.07221807533006393,0.0,1,spike 5%,0.0,0
spike,0.05,median,1001,13.70000000000006,0.3000000773000178,7,0,0,257,0.0,0.2176794886287064,0.0709906505063087,0.0,1,spike 5%,0.0,0
spike,0.05,median,1002,13.900000000000063,0.30000003964786687,7,0,1,260,0.0,0.31090000980312266,0.06220657729888369,0.0,1,spike 5%,0.0,0
spike,0.05,median,1003,13.70000000000006,0.3000000773000178,8,0,1,255,0.0,0.3688152347518136,0.06885481683086503,0.0,1,spike 5%,0.0,0
spike,0.05,median,1004,13.70000000000006,0.3000000773000178,10,0,0,254,0.0,0.23089840740653225,0.06267887106960927,0.0036496350364963502,1,spike 5%,0.0,0
spike,0.05,median,1005,13.70000000000006,0.3000000773000178,7,0,0,257,0.0,0.31050851078089153,0.0674758961545983,0.0,1,spike 5%,0.0,0
spike,0.05,median,1006,13.900000000000063,0.30000003964786687,8,0,1,259,0.0,0.3885795370043592,0.060213761389089585,0.0035971223021582736,1,spike 5%,0.0,0
spike,0.05,median,1007,13.70000000000006,0.3000000773000178,7,0,1,256,0.0,0.19539626199139287,0.061815292248045266,0.0,1,spike 5%,0.0,0
spike,0.05,median,1008,13.900000000000063,0.30000003964786687,6,0,1,261,0.0,0.3897992288474015,0.05951343232435947,0.0,1,spike 5%,0.0,0
spike,0.05,median,1009,13.70000000000006,0.3000000773000178,11,0,0,253,0.0,0.4146351412413098,0.061234257374375545,0.0,1,spike 5%,0.0,0
spike,0.05,median,1010,13.70000000000006,0.3000000773000178,8,0,1,255,0.0,0.27054676884855927,0.06614409846742772,0.0,1,spike 5%,0.0,0
spike,0.05,median,1011,13.70000000000006,0.3000000773000178,6,0,0,258,0.0,0.20761675895980436,0.06950820188190329,0.0036496350364963502,1,spike 5%,0.0,0
spike,0.05,median,1012,13.900000000000063,0.30000003964786687,3,0,2,263,0.0,0.08773228137397587,0.06666579353745763,0.0,1,spike 5%,0.0,0
spike,0.05,median,1013,13.70000000000006,0.3000000773000178,6,0,1,257,0.0,0.24820792207766865,0.06105359920717932,0.0,1,spike 5%,0.0,0
spike,0.05,median,1014,13.900000000000063,0.30000003964786687,9,0,1,258,0.0,0.2530979672687171,0.05850908294768013,0.0035971223021582736,1,spike 5%,0.0,0
spike,0.05,median,1015,13.900000000000063,0.30000003964786687,7,0,0,261,0.0,0.34385612013524885,0.0651090676410535,0.0,1,spike 5%,0.0,0
spike,0.05,median,1016,13.900000000000063,0.30000003964786687,5,0,1,262,0.0,0.23940763062443413,0.061595115859035314,0.0,1,spike 5%,0.0,0
spike,0.05,median,1017,13.900000000000063,0.30000003964786687,7,0,1,260,0.0,0.14799885180357117,0.06413219329001174,0.0,1,spike 5%,0.0,0
spike,0.05,median,1018,13.70000000000006,0.3000000773000178,6,0,0,258,0.0,0.10538547917658982,0.05888621691070214,0.0,1,spike 5%,0.0,0
spike,0.05,median,1019,13.900000000000063,0.30000003964786687,14,0,2,252,0.0,0.5236103593339669,0.05496540325389623,0.0,1,spike 5%,0.0,0
spike,0.05,median,1020,13.900000000000063,0.30000003964786687,6,0,0,262,0.0,0.31645817355425043,0.06636988171649803,0.0,1,spike 5%,0.0,0
spike,0.05,median,1021,13.70000000000006,0.3000000773000178,8,0,0,256,0.0,0.38284911045303066,0.06486152940026177,0.0,1,spike 5%,0.0,0
spike,0.05,median,1022,13.900000000000063,0.30000003964786687,7,0,0,261,0.0,0.23744864871974633,0.06410681825045947,0.0,1,spike 5%,0.0,0
spike,0.05,median,1023,13.900000000000063,0.30000003964786687,8,0,0,260,0.0,0.1785415934732111,0.05948251986605623,0.0,1,spike 5%,0.0,0
spike,0.05,median,1024,13.900000000000063,0.30000003964786687,11,0,0,257,0.0,0.25428432473361817,0.06200811676961464,0.0,1,spike 5%,0.0,0
spike,0.05,median,1025,13.70000000000006,0.3000000773000178,9,0,1,254,0.0,0.47666092993710646,0.06295443231719156,0.0,1,spike 5%,0.0,0
spike,0.05,median,1026,13.70000000000006,0.3000000773000178,9,0,2,253,0.0,0.5153124217030142,0.06632335554891133,0.0,1,spike 5%,0.0,0
spike,0.05,median,1027,13.900000000000063,0.30000003964786687,10,0,3,255,0.0,0.3155980896562942,0.06308586631620239,0.0,1,spike 5%,0.0,0
spike,0.05,median,1028,13.70000000000006,0.3000000773000178,8,0,0,256,0.0,0.5704571701368133,0.07171777938905748,0.0,1,spike 5%,0.0,0
spike,0.05,median,1029,13.70000000000006,0.3000000773000178,8,0,3,253,0.0,0.3397953972535523,0.06603368214018439,0.0,1,spike 5%,0.0,0
spike,0.05,median,1030,13.900000000000063,0.30000003964786687,9,0,1,258,0.0,0.4648695371194267,0.07179020716120693,0.007194244604316547,1,spike 5%,0.0,0
spike,0.05,median,1031,13.70000000000006,0.3000000773000178,6,0,2,256,0.0,0.12805093503625084,0.06782170374643036,0.0,1,spike 5%,0.0,0
spike,0.05,median,1032,13.70000000000006,0.3000000773000178,7,0,1,256,0.0,0.21370871256462612,0.060349167969903465,0.0,1,spike 5%,0.0,0
spike,0.05,median,1033,13.70000000000006,0.3000000773000178,6,0,0,258,0.0,0.12408686774610765,0.06424687040858754,0.0,1,spike 5%,0.0,0
spike,0.05,median,1034,13.900000000000063,0.30000003964786687,5,0,0,263,0.0,0.16872785260805623,0.06692685514790579,0.007194244604316547,1,spike 5%,0.0,0
spike,0.05,median,1035,13.70000000000006,0.3000000773000178,11,0,4,249,0.0,0.3578207828773516,0.0608295190438324,0.0,1,spike 5%,0.0,0
spike,0.05,median,1036,13.70000000000006,0.3000000773000178,17,0,1,246,0.0,0.5964417802498791,0.06422748506978847,0.0072992700729927005,1,spike 5%,0.0,0
spike,0.05,median,1037,13.70000000000006,0.3000000773000178,4,0,1,259,0.0,0.221680631383617,0.06607362892788302,0.0,1,spike 5%,0.0,0
spike,0.05,median,1038,13.900000000000063,0.30000003964786687,6,0,0,262,0.0,0.18699516330722388,0.05830975674003792,0.0035971223021582736,1,spike 5%,0.0,0
spike,0.05,median,1039,13.70000000000006,0.3000000773000178,6,0,0,258,0.0,0.33860343206551297,0.06432793743573652,0.0,1,spike 5%,0.0,0
spike,0.05,mad,1000,14.100000000000065,0.30000002111389745,12,5,0,255,0.0,0.2820323425015667,0.08423857776633359,0.0,1,spike 5%,0.0,0
spike,0.05,mad,1001,14.100000000000065,0.3000000203357434,7,1,0,264,0.0,0.21356820473049717,0.0666853452276238,0.0,1,spike 5%,0.0,0
spike,0.05,mad,1002,14.300000000000068,0.3000000104303835,9,4,0,263,0.0,0.3035644085750955,0.03987701906735753,0.0,1,spike 5%,0.0,0
spike,0.05,mad,1003,14.100000000000065,0.300000020698882,9,5,0,258,0.0,0.3571880497543356,0.06650664485318138,0.0,1,spike 5%,0.0,0
spike,0.05,mad,1004,13.900000000000063,0.30000004314657447,10,3,0,255,0.0,0.22847967386339477,0.054787776740132535,0.0,1,spike 5%,0.0,0
spike,0.05,mad,1005,14.100000000000065,0.3000000203357434,7,4,0,261,0.0,0.3038157113508438,0.03721031966602799,0.0,1,spike 5%,0.0,0
spike,0.05,mad,1006,14.300000000000068,0.3000000104303835,10,7,0,259,0.0,0.37942097970256355,0.04031085001797068,0.006993006993006993,1,spike 5%,0.0,0
spike,0.05,mad,1007,14.100000000000065,0.3000000203357434,8,2,2,260,0.0,0.20254576808089825,0.03989668171422785,0.0,1,spike 5%,0.0,0
spike,0.05,mad,1008,14.100000000000065,0.3000000227497601,7,5,0,260,0.0,0.3851350417768342,0.04917593300203332,0.0,1,spike 5%,0.0,0
spike,0.05,mad,1009,14.100000000000065,0.3000000203357434,11,0,0,261,0.0,0.40731259561761735,0.05293602610917273,0.0,1,spike 5%,0.0,0
spike,0.05,mad,1010,14.100000000000065,0.3000000203357434,8,5,1,258,0.0,0.264837104752602,0.04580846794427208,0.0,1,spike 5%,0.0,0
spike,0.05,mad,1011,14.100000000000065,0.3000000203357434,6,2,0,264,0.0,0.2037218144655018,0.04591286618614068,0.0035460992907801418,1,spike 5%,0.0,0
spike,0.05,mad,1012,14.300000000000068,0.3000000104303835,5,6,0,265,0.0,0.08707561441080594,0.03460947817285965,0.0,1,spike 5%,0.0,0
spike,0.05,mad,1013,13.900000000000063,0.3000000443543879,7,5,0,256,0.0,0.2446865265643204,0.0746415225485474,0.0,1,spike 5%,0.0,0
spike,0.05,mad,1014,14.100000000000065,0.3000000227497601,10,0,0,262,0.0,0.2499227506122168,0.04781060064393582,0.0035460992907801418,1,spike 5%,0.0,0
spike,0.05,mad,1015,14.300000000000068,0.3000000104303835,8,5,1,262,0.0,0.33536394472258835,0.04854184509204163,0.0034965034965034965,1,spike 5%,0.0,0
spike,0.05,mad,1016,14.300000000000068,0.3000000104303835,5,3,1,267,0.0,0.2327936950888257,0.03875931735825311,0.0,1,spike 5%,0.0,0
spike,0.05,mad,1017,14.300000000000068,0.3000000104303835,8,4,0,264,0.0,0.15034687479721642,0.04601841944668163,0.0034965034965034965,1,spike 5%,0.0,0
spike,0.05,mad,1018,13.900000000000063,0.3000000420897377,6,4,0,258,0.0,0.10539029493676991,0.054687162710861166,0.0,1,spike 5%,0.0,0
spike,0.05,mad,1019,14.100000000000065,0.3000000203357434,15,6,1,250,0.0,0.5173603323574263,0.05917991489159181,0.0,1,spike 5%,0.0,0
spike,0.05,mad,1020,14.300000000000068,0.3000000104303835,6,0,3,267,0.0,0.3110617179601795,0.11847498355940535,0.0034965034965034965,1,spike 5%,0.0,0
spike,0.05,mad,1021,13.70000000000006,0.300000099551333,8,2,0,254,0.0,0.38285431840417816,0.06330462191665695,0.0,1,spike 5%,0.0,0
spike,0.05,mad,1022,14.300000000000068,0.3000000104303835,7,2,1,266,0.0,0.23280704969365457,0.03336031030583873,0.0,1,spike 5%,0.0,0
spike,0.05,mad,1023,14.100000000000065,0.3000000203357434,8,4,0,260,0.0,0.23931258836312502,0.06079600943963524,0.0035460992907801418,1,spike 5%,0.0,0
spike,0.05,mad,1024,14.100000000000065,0.30000002213026183,10,0,1,261,0.0,0.251547004002003,0.05114008999638757,0.0,1,spike 5%,0.0,0
spike,0.05,mad,1025,14.100000000000065,0.3000000203357434,10,7,0,255,0.0,0.48073081448128285,0.04264992023050504,0.0,1,spike 5%,0.0,0
spike,0.05,mad,1026,13.900000000000063,0.30000004731229823,12,8,0,248,0.0,0.5129729499437526,0.05318515830624295,0.007194244604316547,1,spike 5%,0.0,0
spike,0.05,mad,1027,14.300000000000068,0.3000000104303835,12,6,1,257,0.0,0.38402351240035004,0.06896842335258617,0.0,1,spike 5%,0.0,0
spike,0.05,mad,1028,13.900000000000063,0.3000000443543879,9,4,0,255,0.0,0.5653566941455712,0.07818471454423306,0.0035971223021582736,1,spike 5%,0.0,0
spike,0.05,mad,1029,14.100000000000065,0.3000000203357434,11,2,0,259,0.0,0.33310495875441826,0.04212743049486862,0.0,1,spike 5%,0.0,0
spike,0.05,mad,1030,13.900000000000063,0.30000004422637466,10,1,0,257,0.0,0.4654715215704364,0.08071175570742316,0.007194244604316547,1,spike 5%,0.0,0
spike,0.05,mad,1031,14.100000000000065,0.3000000203357434,7,4,1,260,0.0,0.13020228677670542,0.10460328379416518,0.0035460992907801418,1,spike 5%,0.0,0
spike,0.05,mad,1032,13.900000000000063,0.3000000403558649,8,4,0,256,0.0,0.21338406386790423,0.054242393819381285,0.0,1,spike 5%,0.0,0
spike,0.05,mad,1033,14.100000000000065,0.3000000203357434,6,2,0,264,0.0,0.12389776329201747,0.05211562586927563,0.0,1,spike 5%,0.0,0
spike,0.05,mad,1034,14.300000000000068,0.3000000104303835,5,0,0,271,0.0,0.16503053597095854,0.03675178315680392,0.0034965034965034965,1,spike 5%,0.0,0
spike,0.05,mad,1035,14.100000000000065,0.3000000203357434,15,2,0,255,0.0,0.352168437220264,0.0409517099830418,0.0,1,spike 5%,0.0,0
spike,0.05,mad,1036,14.100000000000065,0.3000000203357434,18,0,0,254,0.0,0.5868517280522367,0.0723328288842159,0.0035460992907801418,1,spike 5%,0.0,0
spike,0.05,mad,1037,14.100000000000065,0.3000000203357434,5,8,0,259,0.0,0.21526958798209667,0.03422004005262767,0.0,1,spike 5%,0.0,0
spike,0.05,mad,1038,14.300000000000068,0.3000000104303835,6,4,0,266,0.0,0.18512563631036444,0.0405416458458975,0.0034965034965034965,1,spike 5%,0.0,0
spike,0.05,mad,1039,14.100000000000065,0.3000000203357434,6,3,0,263,0.0,0.33069613596719705,0.0637940091925452,0.0,1,spike 5%,0.0,0
spike,0.05,kf,1000,14.100000000000065,0.3000000203357434,12,0,0,260,0.0,0.2819291755390385,0.01752061976439068,0.0,1,spike 5%,0.0,0
spike,0.05,kf,1001,14.100000000000065,0.3000000203357434,7,0,0,265,0.0,0.21356820473049717,0.01401611179071272,0.0,1,spike 5%,0.0,0
spike,0.05,kf,1002,14.300000000000068,0.3000000104303835,9,0,0,267,0.0,0.3035644085750955,0.017338374624434737,0.0,1,spike 5%,0.0,0
spike,0.05,kf,1003,14.300000000000068,0.3000000104303835,9,0,0,267,0.0,0.3510771050621233,0.01582373247172486,0.0,1,spike 5%,0.0,0
spike,0.05,kf,1004,14.100000000000065,0.3000000203357434,10,0,0,262,0.0,0.22498472137321782,0.016386588464588965,0.0,1,spike 5%,0.0,0
spike,0.05,kf,1005,14.100000000000065,0.3000000203357434,7,0,0,265,0.0,0.3038157113508438,0.01748735238254822,0.0,1,spike 5%,0.0,0
spike,0.05,kf,1006,14.300000000000068,0.3000000104303835,10,0,0,266,0.0,0.37942097970256355,0.017217635399426095,0.006993006993006993,1,spike 5%,0.0,0
spike,0.05,kf,1007,14.100000000000065,0.3000000203357434,8,0,2,262,0.0,0.20254576808089825,0.0172076693504774,0.0,1,spike 5%,0.0,0
spike,0.05,kf,1008,14.300000000000068,0.3000000104303835,7,0,0,269,0.0,0.3771200258910899,0.015900624101353497,0.0,1,spike 5%,0.0,0
spike,0.05,kf,1009,14.100000000000065,0.3000000203357434,11,0,0,261,0.0,0.40731259561761735,0.01839870815486537,0.0,1,spike 5%,0.0,0
spike,0.05,kf,1010,14.100000000000065,0.3000000203357434,8,0,1,263,0.0,0.264837104752602,0.020804965654896403,0.0,1,spike 5%,0.0,0
spike,0.05,kf,1011,14.100000000000065,0.3000000203357434,6,0,0,266,0.0,0.2037218144655018,0.018991818917438723,0.0035460992907801418,1,spike 5%,0.0,0
spike,0.05,kf,1012,14.300000000000068,0.3000000104303835,4,0,1,271,0.0,0.08707561441080594,0.022450867271130798,0.0,1,spike 5%,0.0,0
spike,0.05,kf,1013,14.100000000000065,0.3000000203357434,7,0,0,265,0.0,0.24560098785969717,0.01565201296254409,0.0,1,spike 5%,0.0,0
spike,0.05,kf,1014,14.300000000000068,0.3000000104303835,9,0,1,266,0.0,0.246138576041288,0.022867052472583527,0.0,1,spike 5%,0.0,0
spike,0.05,kf,1015,14.300000000000068,0.3000000104303835,8,0,1,267,0.0,0.33536394472258835,0.018772105173650758,0.0034965034965034965,1,spike 5%,0.0,0
spike,0.05,kf,1016,14.300000000000068,0.3000000104303835,6,0,0,270,0.0,0.2327936950888257,0.017322933892952915,0.0,1,spike 5%,0.0,0
spike,0.05,kf,1017,14.300000000000068,0.3000000104303835,8,0,0,268,0.0,0.15034687479721642,0.022709508066846063,0.0034965034965034965,1,spike 5%,0.0,0
spike,0.05,kf,1018,14.100000000000065,0.3000000203357434,6,0,0,266,0.0,0.10612755702954582,0.019392748124589493,0.0,1,spike 5%,0.0,0
spike,0.05,kf,1019,14.300000000000068,0.3000000104303835,16,0,0,260,0.0,0.5132410306036798,0.018593000848509185,0.0,1,spike 5%,0.0,0
spike,0.05,kf,1020,14.300000000000068,0.3000000104303835,7,0,2,267,0.0,0.3110617179601795,0.02186800248385454,0.0034965034965034965,1,spike 5%,0.0,0
spike,0.05,kf,1021,14.100000000000065,0.3000000203357434,8,0,0,264,0.0,0.3769195591902321,0.020224691371801988,0.0035460992907801418,1,spike 5%,0.0,0
spike,0.05,kf,1022,14.100000000000065,0.3000000203357434,7,0,0,265,0.0,0.23464311332077448,0.015614322653428282,0.0,1,spike 5%,0.0,0
spike,0.05,kf,1023,14.100000000000065,0.3000000203357434,8,0,0,264,0.0,0.23931258836312502,0.01730723085449407,0.0035460992907801418,1,spike 5%,0.0,0
spike,0.05,kf,1024,14.300000000000068,0.3000000104303835,11,0,0,265,0.0,0.2500303510502615,0.016703836412048742,0.0,1,spike 5%,0.0,0
spike,0.05,kf,1025,14.100000000000065,0.3000000203357434,10,0,0,262,0.0,0.48073081448128285,0.017337839735718025,0.0,1,spike 5%,0.0,0
spike,0.05,kf,1026,14.300000000000068,0.3000000104303835,12,0,0,264,0.0,0.4997222990094266,0.016595707137113266,0.0034965034965034965,1,spike 5%,0.0,0
spike,0.05,kf,1027,14.300000000000068,0.3000000104303835,12,0,1,263,0.0,0.38402351240035004,0.020690055690105232,0.0,1,spike 5%,0.0,0
spike,0.05,kf,1028,14.100000000000065,0.3000000203357434,9,0,0,263,0.0,0.5564562740269593,0.01867824948040445,0.0,1,spike 5%,0.0,0
spike,0.05,kf,1029,14.100000000000065,0.3000000203357434,11,0,0,261,0.0,0.33310495875441826,0.015517227331629035,0.0,1,spike 5%,0.0,0
spike,0.05,kf,1030,14.100000000000065,0.3000000203357434,10,0,0,262,0.0,0.4560987386016746,0.01628463131460848,0.0,1,spike 5%,0.0,0
spike,0.05,kf,1031,14.100000000000065,0.3000000203357434,8,0,0,264,0.0,0.13020228677670542,0.016301527432242346,0.0035460992907801418,1,spike 5%,0.0,0
spike,0.05,kf,1032,14.100000000000065,0.3000000203357434,8,0,0,264,0.0,0.21225433588673062,0.01509544787961984,0.0,1,spike 5%,0.0,0
spike,0.05,kf,1033,14.300000000000068,0.3000000104303835,6,0,0,270,0.0,0.12397436503961053,0.01723830288650386,0.0,1,spike 5%,0.0,0
spike,0.05,kf,1034,14.100000000000065,0.3000000203357434,5,0,0,267,0.0,0.165913289489612,0.017521862055638954,0.0,1,spike 5%,0.0,0
spike,0.05,kf,1035,14.100000000000065,0.3000000203357434,13,0,2,257,0.0,0.352168437220264,0.02514894000011115,0.0,1,spike 5%,0.0,0
spike,0.05,kf,1036,14.100000000000065,0.3000000203357434,18,0,0,254,0.0,0.5868517280522367,0.017317649143425602,0.0035460992907801418,1,spike 5%,0.0,0
spike,0.05,kf,1037,14.300000000000068,0.3000000104303835,5,0,0,271,0.0,0.24680898921515326,0.018526292917053256,0.0,1,spike 5%,0.0,0
spike,0.05,kf,1038,14.300000000000068,0.3000000104303835,6,0,0,270,0.0,0.18512563631036444,0.020451773570755557,0.0034965034965034965,1,spike 5%,0.0,0
spike,0.05,kf,1039,14.300000000000068,0.3000000104303835,6,0,0,270,0.0,0.32698165588776135,0.018650171232026922,0.0,1,spike 5%,0.0,0
spike,0.05,kf_fallback,1000,14.100000000000065,0.3000000203357434,12,0,0,260,0.0,0.2819291755390385,0.01752061976439068,0.0,1,spike 5%,0.0,0
spike,0.05,kf_fallback,1001,15.750000000000089,0.3000000012215868,9,0,0,296,0.0,0.21147870981723593,0.015738764246152656,0.0031746031746031746,1,spike 5%,0.0,0
spike,0.05,kf_fallback,1002,14.850000000000076,0.3000000153771658,9,0,1,277,0.0,0.30959195454614896,0.019732765885363743,0.0,1,spike 5%,0.0,0
spike,0.05,kf_fallback,1003,14.500000000000071,0.30000001191654374,9,0,0,271,0.0,0.35991261340041714,0.015748666504652262,0.0,1,spike 5%,0.0,0
spike,0.05,kf_fallback,1004,15.550000000000086,0.3000000009515371,11,0,1,289,0.0,0.24090528095328637,0.017059286055496094,0.0,1,spike 5%,0.0,0
spike,0.05,kf_fallback,1005,15.250000000000082,0.3000000028483455,8,0,1,286,0.0,0.3115774764236845,0.01819658604829868,0.003278688524590164,1,spike 5%,0.0,0
spike,0.05,kf_fallback,1006,15.400000000000084,0.30000000385959646,10,0,0,288,0.0,0.351379114156878,0.016766885422284345,0.0,1,spike 5%,0.0,0
spike,0.05,kf_fallback,1007,14.550000000000072,0.3000000078354742,9,0,2,270,0.0,0.2020167151439798,0.0254890289867355,0.003436426116838488,1,spike 5%,0.0,0
spike,0.05,kf_fallback,1008,14.350000000000069,0.3000000155615935,7,0,0,270,0.0,0.3865895881473949,0.015559829201875887,0.0,1,spike 5%,0.0,0
spike,0.05,kf_fallback,1009,15.000000000000078,0.300000009343351,11,0,0,279,0.0,0.3893621418149413,0.018358180322085402,0.0,1,spike 5%,0.0,0
spike,0.05,kf_fallback,1010,14.900000000000077,0.3000000119181242,11,0,0,277,0.0,0.29541209528721407,0.01850074890743982,0.006711409395973154,1,spike 5%,0.0,0
spike,0.05,kf_fallback,1011,15.350000000000083,0.3000000003862933,6,0,0,291,0.0,0.2824260720498492,0.01938471809366656,0.0,1,spike 5%,0.0,0
spike,0.05,kf_fallback,1012,14.300000000000068,0.3000000104303835,4,0,1,271,0.0,0.08707561441080594,0.022450867271130798,0.0,1,spike 5%,0.0,0
spike,0.05,kf_fallback,1013,14.100000000000065,0.3000000203357434,7,0,0,265,0.0,0.24560098785969717,0.01565201296254409,0.0,1,spike 5%,0.0,0
spike,0.05,kf_fallback,1014,15.700000000000088,0.3000000113423414,11,0,0,293,0.0,0.28970383306277164,0.01890596993169312,0.0,1,spike 5%,0.0,0
spike,0.05,kf_fallback,1015,14.850000000000076,0.300000015318269,9,0,0,278,0.0,0.42199341081221575,0.016226806105587327,0.0,1,spike 5%,0.0,0
spike,0.05,kf_fallback,1016,14.850000000000076,0.3000000150796247,6,0,0,281,0.0,0.2251957575146563,0.016963495316649174,0.003367003367003367,1,spike 5%,0.0,0
spike,0.05,kf_fallback,1017,14.300000000000068,0.3000000104303835,8,0,0,268,0.0,0.15034687479721642,0.022709508066846063,0.0034965034965034965,1,spike 5%,0.0,0
spike,0.05,kf_fallback,1018,14.100000000000065,0.3000000203357434,6,0,0,266,0.0,0.10612755702954582,0.019392748124589493,0.0,1,spike 5%,0.0,0
spike,0.05,kf_fallback,1019,15.400000000000084,0.3000000114871429,18,0,0,280,0.0,0.5139467707447213,0.01873604099782258,0.0,1,spike 5%,0.0,0
spike,0.05,kf_fallback,1020,14.900000000000077,0.30000000148356687,9,0,2,277,0.0,0.29827683873852817,0.02316944069704595,0.0,1,spike 5%,0.0,0
spike,0.05,kf_fallback,1021,14.100000000000065,0.3000000203357434,8,0,0,264,0.0,0.3769195591902321,0.020224691371801988,0.0035460992907801418,1,spike 5%,0.0,0
spike,0.05,kf_fallback,1022,15.10000000000008,0.300000020228785,8,0,0,284,0.0,0.25360462340726,0.015306774079793896,0.0,1,spike 5%,0.0,0
spike,0.05,kf_fallback,1023,14.650000000000073,0.3000000144358702,9,0,0,274,0.0,0.3264458584330356,0.018410138837860145,0.0034129692832764505,1,spike 5%,0.0,0
spike,0.05,kf_fallback,1024,16.700000000000102,0.3000000002929939,13,0,0,311,0.0,0.2512957328799089,0.01675202088110329,0.0,1,spike 5%,0.0,0
spike,0.05,kf_fallback,1025,15.250000000000082,0.3000000028483455,12,0,0,283,0.0,0.4475227738859093,0.015944981659329935,0.0,1,spike 5%,0.0,0
spike,0.05,kf_fallback,1026,14.850000000000076,0.30000001556175704,12,0,0,275,0.0,0.4875736587367311,0.018144863391234983,0.003367003367003367,1,spike 5%,0.0,0
spike,0.05,kf_fallback,1027,15.700000000000088,0.3000000009554358,15,0,0,289,0.0,0.3836440341313549,0.016896043019593708,0.0,1,spike 5%,0.0,0
spike,0.05,kf_fallback,1028,14.100000000000065,0.3000000203357434,9,0,0,263,0.0,0.5564562740269593,0.01867824948040445,0.0,1,spike 5%,0.0,0
spike,0.05,kf_fallback,1029,14.100000000000065,0.3000000203357434,11,0,0,261,0.0,0.33310495875441826,0.015517227331629035,0.0,1,spike 5%,0.0,0
spike,0.05,kf_fallback,1030,14.100000000000065,0.3000000203357434,10,0,0,262,0.0,0.4560987386016746,0.01628463131460848,0.0,1,spike 5%,0.0,0
spike,0.05,kf_fallback,1031,15.200000000000081,0.3000000006207025,9,0,0,285,0.0,0.32052833909477496,0.016591100568410524,0.003289473684210526,1,spike 5%,0.0,0
spike,0.05,kf_fallback,1032,14.100000000000065,0.3000000203357434,8,0,0,264,0.0,0.21225433588673062,0.01509544787961984,0.0,1,spike 5%,0.0,0
spike,0.05,kf_fallback,1033,14.300000000000068,0.3000000104303835,6,0,0,270,0.0,0.12397436503961053,0.01723830288650386,0.0,1,spike 5%,0.0,0
spike,0.05,kf_fallback,1034,14.100000000000065,0.3000000203357434,5,0,0,267,0.0,0.165913289489612,0.017521862055638954,0.0,1,spike 5%,0.0,0
spike,0.05,kf_fallback,1035,16.6000000000001,0.30000000057897586,16,0,0,306,0.0,0.3223555710113644,0.017036854381921086,0.0,1,spike 5%,0.0,0
spike,0.05,kf_fallback,1036,15.500000000000085,0.30000000202735694,18,0,0,282,0.0,0.6095935828997193,0.018034364825961317,0.0032258064516129032,1,spike 5%,0.0,0
spike,0.05,kf_fallback,1037,14.600000000000072,0.30000002031959005,5,0,0,277,0.0,0.24336769448492446,0.01640582021441134,0.0,1,spike 5%,0.0,0
spike,0.05,kf_fallback,1038,14.40000000000007,0.30000001013398897,6,0,0,272,0.0,0.18451618767541847,0.020906730847450938,0.0,1,spike 5%,0.0,0
spike,0.05,kf_fallback,1039,14.300000000000068,0.3000000104303835,6,0,0,270,0.0,0.32698165588776135,0.018650171232026922,0.0,1,spike 5%,0.0,0
spike,0.1,raw,2000,12.900000000000048,0.3041071651347343,0,0,18,231,0.0,0.7044609196951557,0.9636884528288321,0.0,2,spike 10%,0.0,0
spike,0.1,raw,2001,13.350000000000055,0.35185383690990923,0,0,13,247,0.0,0.38285396052066784,0.7683784130897512,0.0,2,spike 10%,0.0,0
spike,0.1,raw,2002,12.800000000000047,0.352448701862305,0,0,15,233,0.0,0.7119229675538028,0.9643735988665572,0.0,2,spike 10%,0.0,0
spike,0.1,raw,2003,13.70000000000006,0.3000724041598779,0,0,8,256,0.0,0.364947259084793,0.6679447615836078,0.0,2,spike 10%,0.0,0
spike,0.1,raw,2004,13.150000000000052,0.34977916643050355,0,0,9,247,0.0,0.3187788588242991,0.82842354991565,0.0,2,spike 10%,0.0,0
spike,0.1,raw,2005,13.300000000000054,0.3007900743692764,0,0,10,246,0.0,0.24220928591459576,0.6188659087693584,0.0,2,spike 10%,0.0,0
spike,0.1,raw,2006,13.450000000000056,0.40079966540462586,0,0,9,251,0.0,0.408979330124244,0.8756906997256286,0.0,2,spike 10%,0.0009995817557822972,0
spike,0.1,raw,2007,13.500000000000057,0.313561602764741,0,0,17,244,0.0,0.41508469102615064,0.8237710227998328,0.0,2,spike 10%,0.0,0
spike,0.1,raw,2008,14.100000000000065,0.3000294564221958,0,0,8,264,0.0,0.20774501530935488,0.5114748680384109,0.0,2,spike 10%,0.0,0
spike,0.1,raw,2009,13.300000000000054,0.30012056700596723,0,0,20,236,0.0,0.7857994640336876,0.994751040045882,0.0,2,spike 10%,0.0,0
spike,0.1,raw,2010,13.70000000000006,0.30108267450982656,0,0,25,239,0.0,0.7797671705441547,0.7686819967366741,0.0,2,spike 10%,0.0,0
spike,0.1,raw,2011,13.300000000000054,0.3002969846590258,0,0,14,242,0.0,0.24130619472373882,0.6441123776712591,0.0,2,spike 10%,0.0,0
spike,0.1,raw,2012,13.800000000000061,0.35620426883239215,0,0,18,250,0.0,0.7785531355034362,0.8237898146411182,0.0,2,spike 10%,0.0,0
spike,0.1,raw,2013,12.750000000000046,0.32023294831639,0,0,19,227,0.0,1.1098037972888688,1.2981286714700573,0.0,2,spike 10%,0.0,0
spike,0.1,raw,2014,12.550000000000043,0.3530924900810789,0,0,13,231,0.0,0.5375529652863551,1.081733006824284,0.0,2,spike 10%,0.0,0
spike,0.1,raw,2015,12.950000000000049,0.32742509050841045,0,0,17,233,0.0,0.6910756559493123,0.8916245072323441,0.0,2,spike 10%,0.0,0
spike,0.1,raw,2016,12.950000000000049,0.3416016280914876,0,0,12,239,0.0,0.4332164621922722,0.9692766656333778,0.0,2,spike 10%,0.0,0
spike,0.1,raw,2017,13.500000000000057,0.30038944265969975,0,0,11,249,0.0,0.3395032793171742,0.7289849892929309,0.0,2,spike 10%,0.0,0
spike,0.1,raw,2018,13.500000000000057,0.3067724778897006,0,0,13,248,0.0,0.42698501734337235,0.8389056435745442,0.0,2,spike 10%,0.0,0
spike,0.1,raw,2019,13.900000000000063,0.30090252978909254,0,0,13,255,0.0,0.48292635076388324,0.6927744579056884,0.0,2,spike 10%,0.0,0
spike,0.1,raw,2020,13.200000000000053,0.35501265464745274,0,0,16,240,0.0,0.9574652019791339,1.160502738474153,0.0,2,spike 10%,0.0,0
spike,0.1,raw,2021,13.500000000000057,0.3004217681750939,0,0,12,248,0.0,0.24301954551723656,0.5831165736978967,0.0,2,spike 10%,0.0,0
spike,0.1,raw,2022,13.70000000000006,0.30025326022997906,0,0,23,241,0.0,0.5558884653888416,0.6968254924261066,0.0,2,spike 10%,0.0,0
spike,0.1,raw,2023,13.400000000000055,0.35167574834347454,0,0,22,238,0.0,0.8049891394620948,0.9167983273608284,0.0,2,spike 10%,0.0,0
spike,0.1,raw,2024,13.100000000000051,0.43511470297292065,0,0,17,236,0.0,0.5701549350266188,0.9910338250287726,0.0,2,spike 10%,0.04389337871615079,0
spike,0.1,raw,2025,13.70000000000006,0.3000009126544968,0,0,8,256,0.0,0.2850017717567974,0.7547304739874112,0.0,2,spike 10%,0.0,0
spike,0.1,raw,2026,13.900000000000063,0.3001890844821774,0,0,22,246,0.0,0.41521673746512566,0.5230883007796229,0.0,2,spike 10%,0.0,0
spike,0.1,raw,2027,13.70000000000006,0.3031858350510111,0,0,30,234,0.0,1.0325698446038205,0.8117177130210309,0.0,2,spike 10%,0.0,0
spike,0.1,raw,2028,13.100000000000051,0.4548463509235555,0,0,17,239,0.0,0.6479150547887115,1.0355191591917166,0.0,2,spike 10%,0.06855793865444437,0
spike,0.1,raw,2029,13.70000000000006,0.3014126478556015,0,0,14,250,0.0,0.38903451894237046,0.8391466010551014,0.0,2,spike 10%,0.0,0
spike,0.1,raw,2030,14.100000000000065,0.30000602860415626,0,0,14,258,0.0,0.3032761611147006,0.40274126724212317,0.0,2,spike 10%,0.0,0
spike,0.1,raw,2031,13.500000000000057,0.30109925112554675,0,0,22,238,0.0,1.2167146343288668,1.1238358570595164,0.0,2,spike 10%,0.0,0
spike,0.1,raw,2032,13.250000000000053,0.42024136349945485,0,0,10,247,0.0,0.5203212701875485,0.8908898442295318,0.0,2,spike 10%,0.02530170437431853,0
spike,0.1,raw,2033,13.100000000000051,0.30043371961227033,0,0,23,229,0.0,0.7223428507726267,0.8946309610504369,0.0,2,spike 10%,0.0,0
spike,0.1,raw,2034,13.900000000000063,0.3010006999032258,0,0,22,246,0.0,0.5619137076238034,0.5134061064508916,0.0,2,spike 10%,0.0,0
spike,0.1,raw,2035,13.70000000000006,0.30049094349623784,0,0,17,247,0.0,0.5934965286661759,0.5987437943018493,0.0,2,spike 10%,0.0,0
spike,0.1,raw,2036,13.400000000000055,0.3521469275807851,0,0,11,249,0.0,0.48177257555131026,1.002695898156147,0.0,2,spike 10%,0.0,0
spike,0.1,raw,2037,13.400000000000055,0.3620271248144007,0,0,13,247,0.0,0.44861594705857943,0.963738455940842,0.0,2,spike 10%,0.0,0
spike,0.1,raw,2038,13.400000000000055,0.35919964360072126,0,0,13,247,0.0,0.43834272041904065,0.8605897282116776,0.0,2,spike 10%,0.0,0
spike,0.1,raw,2039,12.750000000000046,0.32269601385017216,0,0,15,231,0.0,0.6564419296702657,1.2006971087560463,0.0,2,spike 10%,0.0,0
spike,0.1,median,2000,13.70000000000006,0.3000000773000178,16,0,3,245,0.0,0.6735331616415309,0.06624350596452314,0.0,2,spike 10%,0.0,0
spike,0.1,median,2001,13.70000000000006,0.3000000773000178,12,0,2,250,0.0,0.373144124266453,0.06326293082000993,0.0072992700729927005,2,spike 10%,0.0,0
spike,0.1,median,2002,13.500000000000057,0.3000001507090587,13,1,4,242,0.0,0.7255711403092553,0.06910786043230618,0.003703703703703704,2,spike 10%,0.0,0
spike,0.1,median,2003,13.900000000000063,0.30000003964786687,8,0,0,260,0.0,0.3598809520997962,0.0613019670943504,0.0035971223021582736,2,spike 10%,0.0,0
spike,0.1,median,2004,13.900000000000063,0.30000003964786687,9,0,1,258,0.0,0.3236656832988463,0.06690906212867974,0.0,2,spike 10%,0.0,0
spike,0.1,median,2005,13.70000000000006,0.3000000773000178,10,0,0,254,0.0,0.2351130474413111,0.06873261104899892,0.0,2,spike 10%,0.0,0
spike,0.1,median,2006,13.300000000000054,0.30003683769264006,8,1,1,246,0.0,0.4131791043886526,0.36796183435129187,0.0,2,spike 10%,0.0,0
spike,0.1,median,2007,13.500000000000057,0.3000001507090587,13,2,4,241,0.0,0.40998512944276544,0.06846870119984837,0.007407407407407408,2,spike 10%,0.0,0
spike,0.1,median,2008,13.900000000000063,0.30000003964786687,7,0,1,260,0.0,0.20557207490820756,0.05350865584452441,0.0,2,spike 10%,0.0,0
spike,0.1,median,2009,13.70000000000006,0.3000000773000178,19,0,1,244,0.0,0.7537311515667782,0.07074193451403069,0.0,2,spike 10%,0.0,0
spike,0.1,median,2010,14.100000000000065,0.3000000203357434,21,1,5,245,0.0,0.7428610690671338,0.177549105393018,0.0,2,spike 10%,0.0,0
spike,0.1,median,2011,13.70000000000006,0.3000000773000178,12,0,3,249,0.0,0.2346207806390205,0.06666853691531018,0.0,2,spike 10%,0.0,0
spike,0.1,median,2012,13.900000000000063,0.30000003964786687,15,0,3,250,0.0,0.7674103042778091,0.053817349241083445,0.0,2,spike 10%,0.0,0
spike,0.1,median,2013,13.70000000000006,0.3000000773000178,19,0,1,244,0.0,1.0686116377300208,0.06521153226193263,0.0,2,spike 10%,0.0,0
spike,0.1,median,2014,13.70000000000006,0.3000000773000178,13,0,2,249,0.0,0.6561264436689922,0.07830264687071475,0.0072992700729927005,2,spike 10%,0.0,0
spike,0.1,median,2015,13.70000000000006,0.3000000773000178,17,0,1,246,0.0,0.6487324848619906,0.06553378445585058,0.0,2,spike 10%,0.0,0
spike,0.1,median,2016,13.70000000000006,0.3000000773000178,12,0,1,251,0.0,0.47849176970559926,0.0576726199143301,0.0,2,spike 10%,0.0,0
spike,0.1,median,2017,13.900000000000063,0.30000003964786687,10,0,1,257,0.0,0.32861643716405475,0.06590986337515205,0.0,2,spike 10%,0.0,0
spike,0.1,median,2018,13.70000000000006,0.3000000773000178,13,0,1,250,0.0,0.4187630863423777,0.07138475670723436,0.0072992700729927005,2,spike 10%,0.0,0
spike,0.1,median,2019,13.70000000000006,0.3000000773000178,12,0,1,251,0.0,0.48728464578018366,0.06587961603857094,0.0036496350364963502,2,spike 10%,0.0,0
spike,0.1,median,2020,14.100000000000065,0.3000000203357434,16,0,2,254,0.0,0.8990607905034823,0.069232267830468,0.0,2,spike 10%,0.0,0
spike,0.1,median,2021,13.900000000000063,0.30000003964786687,12,0,1,255,0.0,0.40045840877818845,0.059060575936469455,0.0,2,spike 10%,0.0,0
spike,0.1,median,2022,13.70000000000006,0.3000000773000178,19,0,4,241,0.0,0.5467334293205409,0.059989534823551884,0.0,2,spike 10%,0.0,0
spike,0.1,median,2023,13.900000000000063,0.30000003964786687,20,0,4,244,0.0,0.7780082513004705,0.06588050626525682,0.0,2,spike 10%,0.0,0
spike,0.1,median,2024,13.900000000000063,0.30000003964786687,16,0,2,250,0.0,0.5533748199058777,0.05613582594649567,0.0,2,spike 10%,0.0,0
spike,0.1,median,2025,13.900000000000063,0.30000003964786687,7,0,2,259,0.0,0.27851525911932673,0.05827635277947837,0.0,2,spike 10%,0.0,0
spike,0.1,median,2026,13.900000000000063,0.30000003964786687,20,0,2,246,0.0,0.4089786538319628,0.05659532584244437,0.0,2,spike 10%,0.0,0
spike,0.1,median,2027,13.70000000000006,0.3000000773000178,25,0,5,234,0.0,1.0175647275749398,0.10129743501239698,0.0,2,spike 10%,0.0,0
spike,0.1,median,2028,13.70000000000006,0.3000000773000178,18,0,1,245,0.0,0.6678634495276566,0.0757721110203465,0.0072992700729927005,2,spike 10%,0.0,0
spike,0.1,median,2029,13.900000000000063,0.30000003964786687,12,0,2,254,0.0,0.4300765032479616,0.058594552360874796,0.0035971223021582736,2,spike 10%,0.0,0
spike,0.1,median,2030,13.900000000000063,0.30000003964786687,12,2,2,252,0.0,0.3023628308289785,0.05462549290785749,0.0,2,spike 10%,0.0,0
spike,0.1,median,2031,13.300000000000054,0.30000029383201743,19,1,2,234,0.0,1.2295585432526979,0.5771136038096382,0.0,2,spike 10%,0.0,0
spike,0.1,median,2032,13.70000000000006,0.3000000773000178,11,0,0,253,0.0,0.5028843971960903,0.07643694497583454,0.0,2,spike 10%,0.0,0
spike,0.1,median,2033,13.70000000000006,0.3000000773000178,23,0,1,240,0.0,0.6896318009062024,0.07604168159754912,0.0036496350364963502,2,spike 10%,0.0,0
spike,0.1,median,2034,13.900000000000063,0.3000000445475882,18,0,4,246,0.0,0.5557294760873668,0.05878714026863041,0.0,2,spike 10%,0.0,0
spike,0.1,median,2035,13.70000000000006,0.3000000773000178,17,0,0,247,0.0,0.5869680550919988,0.06456326598433909,0.0,2,spike 10%,0.0,0
spike,0.1,median,2036,13.70000000000006,0.3000000773000178,10,0,1,253,0.0,0.4762427405808593,0.07390604420163557,0.0,2,spike 10%,0.0,0
spike,0.1,median,2037,13.900000000000063,0.30000003964786687,13,0,0,255,0.0,0.4290392707924834,0.05207607203526784,0.0,2,spike 10%,0.0,0
spike,0.1,median,2038,13.70000000000006,0.3000000773000178,12,0,2,250,0.0,0.42859947521782177,0.0585677953908938,0.0036496350364963502,2,spike 10%,0.0,0
spike,0.1,median,2039,13.70000000000006,0.3000000773000178,16,0,0,248,0.0,0.6137831293622169,0.067852252404624,0.0,2,spike 10%,0.0,0
spike,0.1,mad,2000,14.100000000000065,0.3000000203357434,19,5,1,247,0.0,0.6581340930157936,0.05817342612644664,0.0,2,spike 10%,0.0,0
spike,0.1,mad,2001,13.900000000000063,0.3000000403558649,15,2,0,251,0.0,0.3701253283467394,0.06864784620876013,0.0035971223021582736,2,spike 10%,0.0,0
spike,0.1,mad,2002,13.900000000000063,0.30000004116500556,18,3,0,247,0.0,0.7078639092616902,0.07040686819890679,0.0035971223021582736,2,spike 10%,0.0,0
spike,0.1,mad,2003,14.300000000000068,0.3000000104303835,8,3,0,265,0.0,0.4380481812023363,0.04642004395748324,0.0,2,spike 10%,0.0,0
spike,0.1,mad,2004,14.300000000000068,0.3000000106166405,11,3,1,261,0.0,0.3283760305434628,0.05155973508575287,0.0,2,spike 10%,0.0,0
spike,0.1,mad,2005,14.100000000000065,0.30000002111389745,10,1,0,261,0.0,0.3451835630085765,0.06840961543916799,0.0,2,spike 10%,0.0,0
spike,0.1,mad,2006,13.900000000000063,0.30000004314657447,9,3,1,255,0.0,0.3970171393148218,0.0526321450702875,0.0,2,spike 10%,0.0,0
spike,0.1,mad,2007,13.900000000000063,0.3000000403558649,17,2,1,248,0.0,0.40533907520752904,0.0877756844076318,0.0035971223021582736,2,spike 10%,0.0,0
spike,0.1,mad,2008,14.100000000000065,0.300000020698882,8,3,0,261,0.0,0.20559516000076447,0.05078855058083819,0.0,2,spike 10%,0.0,0
spike,0.1,mad,2009,13.900000000000063,0.3000000403558649,18,2,2,246,0.0,0.8120931057919448,0.151030130422447,0.0,2,spike 10%,0.0,0
spike,0.1,mad,2010,14.100000000000065,0.30000002345775817,25,5,1,241,0.0,0.743037282923917,0.09188793734328651,0.0,2,spike 10%,0.0,0
spike,0.1,mad,2011,13.900000000000063,0.30000004863979457,13,2,2,251,0.0,0.2336622928740052,0.11558380794211338,0.0,2,spike 10%,0.0,0
spike,0.1,mad,2012,14.300000000000068,0.3000000104303835,17,2,1,256,0.0,0.74980233036121,0.045161174211122354,0.0,2,spike 10%,0.0,0
spike,0.1,mad,2013,14.100000000000065,0.3000000203357434,19,0,1,252,0.0,1.0445774596542121,0.07239545935790967,0.0035460992907801418,2,spike 10%,0.0,0
spike,0.1,mad,2014,14.100000000000065,0.3000000203357434,15,4,1,252,0.0,0.6560054958336097,0.0784730412202284,0.0,2,spike 10%,0.0,0
spike,0.1,mad,2015,14.100000000000065,0.3000000203357434,17,0,1,254,0.0,0.6351694581872668,0.06517216481537219,0.0,2,spike 10%,0.0,0
spike,0.1,mad,2016,14.100000000000065,0.3000000203357434,13,0,0,259,0.0,0.46884527628673384,0.07398513241966555,0.0,2,spike 10%,0.0,0
spike,0.1,mad,2017,14.300000000000068,0.3000000104303835,11,3,1,261,0.0,0.3881278396620486,0.04407477574736313,0.0,2,spike 10%,0.0,0
spike,0.1,mad,2018,13.900000000000063,0.300000045734746,14,6,0,248,0.0,0.41212960054326336,0.07280160579884568,0.0035971223021582736,2,spike 10%,0.0,0
spike,0.1,mad,2019,13.900000000000063,0.3000000420897377,13,2,0,253,0.0,0.4798829377080478,0.08145939924091439,0.0,2,spike 10%,0.0,0
spike,0.1,mad,2020,14.100000000000065,0.30000002213026183,17,4,1,250,0.0,0.8990710978563672,0.09390538087966739,0.0,2,spike 10%,0.0,0
spike,0.1,mad,2021,14.300000000000068,0.3000000104303835,15,4,2,255,0.0,0.42856776990654083,0.05001834225870075,0.0034965034965034965,2,spike 10%,0.0,0
spike,0.1,mad,2022,14.100000000000065,0.3000000203357434,22,2,1,247,0.0,0.541376689673324,0.0899432291141823,0.0,2,spike 10%,0.0,0
spike,0.1,mad,2023,13.900000000000063,0.30000004497388616,22,1,2,243,0.0,0.7780885984929048,0.07768208384878642,0.0,2,spike 10%,0.0,0
spike,0.1,mad,2024,14.300000000000068,0.3000000104303835,19,1,1,255,0.0,0.5456905095240578,0.0566823463947925,0.0034965034965034965,2,spike 10%,0.0,0
spike,0.1,mad,2025,14.300000000000068,0.3000000104303835,8,6,1,261,0.0,0.27570801900728975,0.045175684359049735,0.0,2,spike 10%,0.0,0
spike,0.1,mad,2026,14.100000000000065,0.30000002111389745,21,7,1,243,0.0,0.4061665259235873,0.07162122195706021,0.0,2,spike 10%,0.0,0
spike,0.1,mad,2027,13.900000000000063,0.30000004270923597,27,1,3,237,0.0,1.0063502851175428,0.09733888382668524,0.0,2,spike 10%,0.0,0
spike,0.1,mad,2028,14.100000000000065,0.300000020698882,19,4,1,248,0.0,0.6553764395218661,0.0869452796365624,0.0070921985815602835,2,spike 10%,0.0,0
spike,0.1,mad,2029,13.900000000000063,0.30000003964786687,14,5,0,249,0.0,0.4300765032479616,0.08120475438631858,0.0035971223021582736,2,spike 10%,0.0,0
spike,0.1,mad,2030,14.100000000000065,0.3000000203357434,14,3,0,255,0.0,0.3000637123096481,0.06060742786763181,0.0,2,spike 10%,0.0,0
spike,0.1,mad,2031,13.500000000000057,0.30000017095426473,20,4,2,234,0.0,1.2114255521783563,0.16121276840184598,0.0,2,spike 10%,0.0,0
spike,0.1,mad,2032,14.100000000000065,0.3000000203357434,11,1,0,260,0.0,0.4881397959235743,0.0729614656574464,0.0,2,spike 10%,0.0,0
spike,0.1,mad,2033,13.900000000000063,0.3000000511756914,22,1,2,243,0.0,0.6849324808116514,0.14071797331541494,0.007194244604316547,2,spike 10%,0.0,0
spike,0.1,mad,2034,14.100000000000065,0.3000000203357434,20,1,2,249,0.0,0.5504799158318963,0.05227020794996735,0.0,2,spike 10%,0.0,0
spike,0.1,mad,2035,14.100000000000065,0.3000000203357434,18,0,0,254,0.0,0.574167551798449,0.06870481699767995,0.0,2,spike 10%,0.0,0
spike,0.1,mad,2036,13.900000000000063,0.30000004314657447,11,1,1,255,0.0,0.5713910238084013,0.11026463235400864,0.0035971223021582736,2,spike 10%,0.0,0
spike,0.1,mad,2037,14.100000000000065,0.30000002213026183,13,1,0,258,0.0,0.4293822827537051,0.07327905344394055,0.0,2,spike 10%,0.0,0
spike,0.1,mad,2038,14.100000000000065,0.3000000203357434,14,3,0,255,0.0,0.504346251004773,0.08307674581258642,0.0,2,spike 10%,0.0,0
spike,0.1,mad,2039,13.900000000000063,0.300000045734746,15,3,2,248,0.0,0.6071471248132999,0.06607125917166688,0.0,2,spike 10%,0.0,0
spike,0.1,kf,2000,14.100000000000065,0.3000000203357434,20,0,0,252,0.0,0.6581340930157936,0.01808532602003492,0.0,2,spike 10%,0.0,0
spike,0.1,kf,2001,14.100000000000065,0.3000000203357434,15,0,2,255,0.0,0.36723920047263797,0.019963132311978663,0.0035460992907801418,2,spike 10%,0.0,0
spike,0.1,kf,2002,14.100000000000065,0.3000000203357434,18,0,0,254,0.0,0.6970855750074162,0.01758735393425069,0.0,2,spike 10%,0.0,0
spike,0.1,kf,2003,14.300000000000068,0.3000000104303835,8,0,0,268,0.0,0.4380481812023363,0.018352849391116043,0.0,2,spike 10%,0.0,0
spike,0.1,kf,2004,14.100000000000065,0.3000000203357434,10,0,1,261,0.0,0.3226607955592405,0.02036341782605274,0.0035460992907801418,2,spike 10%,0.0,0
spike,0.1,kf,2005,14.300000000000068,0.3000000104303835,10,0,0,266,0.0,0.3409407140572645,0.018125600028161628,0.0,2,spike 10%,0.0,0
spike,0.1,kf,2006,14.100000000000065,0.3000000203357434,10,0,0,262,0.0,0.39356456590774647,0.014801009447559165,0.0035460992907801418,2,spike 10%,0.0,0
spike,0.1,kf,2007,14.100000000000065,0.3000000203357434,18,0,0,254,0.0,0.40267241994791314,0.01872568813470969,0.0035460992907801418,2,spike 10%,0.0,0
spike,0.1,kf,2008,14.300000000000068,0.3000000104303835,9,0,1,266,0.0,0.2041186292849633,0.017027573547819842,0.0,2,spike 10%,0.0,0
spike,0.1,kf,2009,14.100000000000065,0.3000000203357434,20,0,0,252,0.0,0.8010730108599122,0.016763817249359443,0.0,2,spike 10%,0.0,0
spike,0.1,kf,2010,14.300000000000068,0.3000000104303835,25,0,2,249,0.0,0.7549491806909773,0.021754104318826514,0.0034965034965034965,2,spike 10%,0.0,0
spike,0.1,kf,2011,14.300000000000068,0.3000000104303835,15,0,0,261,0.0,0.2620069704124362,0.017248745382933483,0.0034965034965034965,2,spike 10%,0.0,0
spike,0.1,kf,2012,14.300000000000068,0.3000000104303835,17,0,1,258,0.0,0.74980233036121,0.021096978828938785,0.0,2,spike 10%,0.0,0
spike,0.1,kf,2013,14.100000000000065,0.3000000203357434,20,0,0,252,0.0,1.0445774596542121,0.01720486716565902,0.0035460992907801418,2,spike 10%,0.0,0
spike,0.1,kf,2014,14.100000000000065,0.3000000203357434,15,0,1,256,0.0,0.6560054958336097,0.020982935716966095,0.0,2,spike 10%,0.0,0
spike,0.1,kf,2015,14.100000000000065,0.3000000203357434,18,0,0,254,0.0,0.6351694581872668,0.018145428532780433,0.0,2,spike 10%,0.0,0
spike,0.1,kf,2016,14.100000000000065,0.3000000203357434,13,0,0,259,0.0,0.46884527628673384,0.019543226872284197,0.0,2,spike 10%,0.0,0
spike,0.1,kf,2017,14.100000000000065,0.3000000203357434,11,0,0,261,0.0,0.3940827342801815,0.015852172185873866,0.0035460992907801418,2,spike 10%,0.0,0
spike,0.1,kf,2018,14.300000000000068,0.3000000104303835,14,1,0,261,0.0,0.4058770539877755,0.018540672449066032,0.0,2,spike 10%,0.0,0
spike,0.1,kf,2019,14.100000000000065,0.3000000203357434,14,0,0,258,0.0,0.47444961861653046,0.017203071303614294,0.0,2,spike 10%,0.0,0
spike,0.1,kf,2020,14.100000000000065,0.3000000203357434,17,0,1,254,0.0,0.8990607905034823,0.017725274338331994,0.0,2,spike 10%,0.0,0
spike,0.1,kf,2021,14.300000000000068,0.3000000104303835,15,0,2,259,0.0,0.42856776990654083,0.024633306574808892,0.0034965034965034965,2,spike 10%,0.0,0
spike,0.1,kf,2022,14.300000000000068,0.3000000104303835,23,0,0,253,0.0,0.5372740199940061,0.01608756119494115,0.0,2,spike 10%,0.0,0
spike,0.1,kf,2023,14.300000000000068,0.3000000104303835,22,0,4,250,0.0,0.7633624349069063,0.027242358901308168,0.0,2,spike 10%,0.0,0
spike,0.1,kf,2024,14.300000000000068,0.3000000104303835,19,0,1,256,0.0,0.5456905095240578,0.019088543183382385,0.0034965034965034965,2,spike 10%,0.0,0
spike,0.1,kf,2025,14.300000000000068,0.3000000104303835,8,0,1,267,0.0,0.27570801900728975,0.020670540024798466,0.0,2,spike 10%,0.0,0
spike,0.1,kf,2026,14.300000000000068,0.3000000104303835,22,0,0,254,0.0,0.40499557229038324,0.017427343892992348,0.0,2,spike 10%,0.0,0
spike,0.1,kf,2027,14.300000000000068,0.3000000104303835,30,0,1,245,0.0,0.9896689661503918,0.02011027636086195,0.0,2,spike 10%,0.0,0
spike,0.1,kf,2028,14.300000000000068,0.3000000104303835,20,0,0,256,0.0,0.6507387360979419,0.018561627684483693,0.006993006993006993,2,spike 10%,0.0,0
spike,0.1,kf,2029,14.300000000000068,0.3000000104303835,14,0,0,262,0.0,0.45687645517748576,0.01728493622498186,0.0,2,spike 10%,0.0,0
spike,0.1,kf,2030,14.300000000000068,0.3000000104303835,14,0,0,262,0.0,0.2979893273206968,0.016122384597784783,0.0,2,spike 10%,0.0,0
spike,0.1,kf,2031,14.100000000000065,0.3000000203357434,22,0,0,250,0.0,1.280765559017687,0.016608002759928794,0.0,2,spike 10%,0.0,0
spike,0.1,kf,2032,14.100000000000065,0.3000000203357434,11,0,0,261,0.0,0.4881397959235743,0.017547204210290806,0.0,2,spike 10%,0.0,0
spike,0.1,kf,2033,14.100000000000065,0.3000000203357434,24,0,1,247,0.0,0.6704794392676245,0.019941600743363774,0.0,2,spike 10%,0.0,0
spike,0.1,kf,2034,14.300000000000068,0.3000000104303835,21,0,1,254,0.0,0.5436736482492159,0.024509333352017236,0.0,2,spike 10%,0.0,0
spike,0.1,kf,2035,14.100000000000065,0.3000000203357434,17,0,1,254,0.0,0.574167551798449,0.01796168071870066,0.0,2,spike 10%,0.0,0
spike,0.1,kf,2036,14.100000000000065,0.3000000203357434,12,0,2,258,0.0,0.5920667975199366,0.019875437669260913,0.0070921985815602835,2,spike 10%,0.0,0
spike,0.1,kf,2037,14.300000000000068,0.3000000104303835,13,0,0,263,0.0,0.42579935837647725,0.01808558013184958,0.0,2,spike 10%,0.0,0
spike,0.1,kf,2038,14.100000000000065,0.3000000203357434,14,0,0,258,0.0,0.504346251004773,0.016805795120397576,0.0,2,spike 10%,0.0,0
spike,0.1,kf,2039,14.100000000000065,0.3000000203357434,16,0,1,255,0.0,0.6015485423810563,0.020713822005132713,0.0,2,spike 10%,0.0,0
spike,0.1,kf_fallback,2000,16.5500000000001,0.3000000003192114,21,0,0,300,0.0,0.5877022444900554,0.016555630723539577,0.0030211480362537764,2,spike 10%,0.0,0
spike,0.1,kf_fallback,2001,14.100000000000065,0.3000000203357434,15,0,2,255,0.0,0.36723920047263797,0.019963132311978663,0.0035460992907801418,2,spike 10%,0.0,0
spike,0.1,kf_fallback,2002,16.150000000000095,0.30000000010169775,22,0,0,291,0.0,0.7464460579223348,0.017780940189967166,0.006191950464396285,2,spike 10%,0.0,0
spike,0.1,kf_fallback,2003,14.300000000000068,0.3000000104303835,8,0,0,268,0.0,0.4380481812023363,0.018352849391116043,0.0,2,spike 10%,0.0,0
spike,0.1,kf_fallback,2004,14.100000000000065,0.3000000203357434,10,0,1,261,0.0,0.3226607955592405,0.02036341782605274,0.0035460992907801418,2,spike 10%,0.0,0
spike,0.1,kf_fallback,2005,14.300000000000068,0.3000000104303835,10,0,0,266,0.0,0.3409407140572645,0.018125600028161628,0.0,2,spike 10%,0.0,0
spike,0.1,kf_fallback,2006,15.400000000000084,0.30000000031836377,11,0,1,286,0.0,0.4861266523475714,0.01606897964480779,0.006493506493506494,2,spike 10%,0.0,0
spike,0.1,kf_fallback,2007,16.250000000000096,0.3000000001553032,21,0,0,294,0.0,0.3961502136788055,0.019475005625555205,0.0,2,spike 10%,0.0,0
spike,0.1,kf_fallback,2008,15.500000000000085,0.3000000002586646,11,0,1,288,0.0,0.1980274607922715,0.018607644393941313,0.0,2,spike 10%,0.0,0
spike,0.1,kf_fallback,2009,16.850000000000104,0.30000000009269456,23,0,1,303,0.0,0.7504636172009542,0.016400229478622026,0.0,2,spike 10%,0.0,0
spike,0.1,kf_fallback,2010,17.20000000000011,0.300000000120446,31,0,0,303,0.0,0.7867548068685893,0.01971980578087837,0.0029069767441860465,2,spike 10%,0.0,0
spike,0.1,kf_fallback,2011,14.300000000000068,0.3000000104303835,15,0,0,261,0.0,0.2620069704124362,0.017248745382933483,0.0034965034965034965,2,spike 10%,0.0,0
spike,0.1,kf_fallback,2012,15.85000000000009,0.30000001517977914,21,0,0,286,0.0,1.0048372141344153,0.018831755094947167,0.00946372239747634,2,spike 10%,0.0,0
spike,0.1,kf_fallback,2013,17.100000000000108,0.3000000005136398,25,0,3,304,0.0,1.1281621759408602,0.025148934216922495,0.0,2,spike 10%,0.0,0
spike,0.1,kf_fallback,2014,14.600000000000072,0.30000000400566,17,0,0,265,0.0,0.6417734272198302,0.01646665180968029,0.003424657534246575,2,spike 10%,0.0,0
spike,0.1,kf_fallback,2015,17.000000000000107,0.3000000001425529,23,0,1,306,0.0,0.660638937930317,0.018080290096098253,0.0,2,spike 10%,0.0,0
spike,0.1,kf_fallback,2016,14.100000000000065,0.3000000203357434,13,0,0,259,0.0,0.46884527628673384,0.019543226872284197,0.0,2,spike 10%,0.0,0
spike,0.1,kf_fallback,2017,14.100000000000065,0.3000000203357434,11,0,0,261,0.0,0.3940827342801815,0.015852172185873866,0.0035460992907801418,2,spike 10%,0.0,0
spike,0.1,kf_fallback,2018,15.600000000000087,0.3000000016655455,16,0,1,285,0.0,0.43011921943232834,0.018454077917011306,0.0,2,spike 10%,0.0,0
spike,0.1,kf_fallback,2019,16.000000000000092,0.30000000432530766,19,0,0,291,0.0,0.5295142061813983,0.016574435758941575,0.0,2,spike 10%,0.0,0
spike,0.1,kf_fallback,2020,16.5000000000001,0.30000000983047254,22,0,1,297,0.0,0.9561186339607689,0.017414380633201415,0.0030303030303030303,2,spike 10%,0.0,0
spike,0.1,kf_fallback,2021,14.900000000000077,0.3000000088379291,18,0,0,270,0.0,0.4282946213470038,0.01717085049243041,0.0,2,spike 10%,0.0,0
spike,0.1,kf_fallback,2022,16.4500000000001,0.3000000068281632,26,0,1,292,0.0,0.6360615132987687,0.02030385677178899,0.0,2,spike 10%,0.0,0
spike,0.1,kf_fallback,2023,19.30000000000014,0.30000000018174616,37,0,1,338,0.0,0.8260838990895623,0.017461586677290992,0.0,2,spike 10%,0.0,0
spike,0.1,kf_fallback,2024,15.600000000000087,0.3000000041219678,22,0,1,279,0.0,0.6016275477763823,0.017719823177804274,0.0,2,spike 10%,0.0,0
spike,0.1,kf_fallback,2025,14.300000000000068,0.3000000104303835,8,0,1,267,0.0,0.27570801900728975,0.020670540024798466,0.0,2,spike 10%,0.0,0
spike,0.1,kf_fallback,2026,17.800000000000118,0.30000000007237343,24,0,0,322,0.0,0.5426317999394799,0.017100444335801795,0.0028089887640449437,2,spike 10%,0.0,0
spike,0.1,kf_fallback,2027,19.25000000000014,0.3000000000990633,46,0,0,329,0.0,1.5066800142365675,0.01884481891907323,0.0,2,spike 10%,0.0,0
spike,0.1,kf_fallback,2028,16.4500000000001,0.30000000276605926,20,0,2,297,0.0,0.6779592704671707,0.026823090433054288,0.0,2,spike 10%,0.0,0
spike,0.1,kf_fallback,2029,15.200000000000081,0.3000000006748386,17,0,1,276,0.0,0.4879564059606273,0.018676549183430705,0.006578947368421052,2,spike 10%,0.0,0
spike,0.1,kf_fallback,2030,15.700000000000088,0.30000000147590106,16,0,0,288,0.0,0.36786170723803574,0.016628833852806273,0.0,2,spike 10%,0.0,0
spike,0.1,kf_fallback,2031,16.6000000000001,0.3000000100274322,26,0,0,296,0.0,1.2312585170792159,0.014962351552917192,0.0,2,spike 10%,0.0,0
spike,0.1,kf_fallback,2032,15.80000000000009,0.3000000001906381,13,0,0,293,0.0,0.4476279290622299,0.016695978134696237,0.0031645569620253164,2,spike 10%,0.0,0
spike,0.1,kf_fallback,2033,19.25000000000014,0.300000000092115,29,0,0,346,0.0,0.7225104028273295,0.0172377922638897,0.0,2,spike 10%,0.0,0
spike,0.1,kf_fallback,2034,16.6000000000001,0.3000000094303985,22,0,2,298,0.0,0.5919692359426211,0.021430197518838484,0.0,2,spike 10%,0.0,0
spike,0.1,kf_fallback,2035,17.85000000000012,0.30000000045597824,24,0,1,322,0.0,0.7688798211381663,0.017542358168810814,0.0,2,spike 10%,0.0,0
spike,0.1,kf_fallback,2036,14.600000000000072,0.3000000038782828,17,0,0,265,0.0,0.5896043024122123,0.01805885082608538,0.017123287671232876,2,spike 10%,0.0,0
spike,0.1,kf_fallback,2037,14.300000000000068,0.3000000104303835,13,0,0,263,0.0,0.42579935837647725,0.01808558013184958,0.0,2,spike 10%,0.0,0
spike,0.1,kf_fallback,2038,14.900000000000077,0.3000000015179275,15,0,0,273,0.0,0.5025376289928041,0.01777110479582705,0.0,2,spike 10%,0.0,0
spike,0.1,kf_fallback,2039,14.100000000000065,0.3000000203357434,16,0,1,255,0.0,0.6015485423810563,0.020713822005132713,0.0,2,spike 10%,0.0,0
stuck,1.0,raw,0,14.300000000000068,0.3000000104303835,0,0,20,256,0.0,0.048526602061055045,0.027247749808333627,0.0,0,stuck 1 s,0.0,0
stuck,1.0,raw,1,14.100000000000065,0.3000000203357434,0,0,20,252,0.0,0.04921241128449259,0.02471975080492054,0.0,0,stuck 1 s,0.0,0
stuck,1.0,raw,2,14.300000000000068,0.3000000104303835,0,0,20,256,0.0,0.053738380057859435,0.02692445283641041,0.0,0,stuck 1 s,0.0,0
stuck,1.0,raw,3,14.100000000000065,0.3000000203357434,0,0,20,252,0.0,0.036920537254701326,0.024598972262077034,0.0,0,stuck 1 s,0.0,0
stuck,1.0,raw,4,12.500000000000043,0.30000424559074956,0,0,20,220,0.0,0.045969442326864986,0.32210892669358376,0.0,0,stuck 1 s,0.0,0
stuck,1.0,raw,5,14.300000000000068,0.3000000104303835,0,0,20,256,0.0,0.049159365039882115,0.21995293360858756,0.0,0,stuck 1 s,0.0,0
stuck,1.0,raw,6,14.100000000000065,0.300000020698882,0,0,20,252,0.0,0.04173903394584677,0.026149940251599616,0.0,0,stuck 1 s,0.0,0
stuck,1.0,raw,7,14.100000000000065,0.3000000203357434,0,0,20,252,0.0,0.04540355952523023,0.02432640856307024,0.0,0,stuck 1 s,0.0,0
stuck,1.0,raw,8,14.300000000000068,0.3000000104303835,0,0,20,256,0.0,0.051050968192775235,0.027881546591487096,0.0,0,stuck 1 s,0.0,0
stuck,1.0,raw,9,13.70000000000006,0.3000000773000178,0,0,20,244,0.0,0.05135931381281549,0.2990933073765718,0.0,0,stuck 1 s,0.0,0
stuck,1.0,raw,10,12.30000000000004,0.3000082774749663,0,0,20,216,0.0,0.05630292374564166,0.3602118650314782,0.0,0,stuck 1 s,0.0,0
stuck,1.0,raw,11,14.300000000000068,0.3000000104303835,0,0,20,256,0.0,0.04680348196820583,0.023313017992731725,0.0,0,stuck 1 s,0.0,0
stuck,1.0,raw,12,14.300000000000068,0.3000000104303835,0,0,20,256,0.0,0.05145363268537421,0.025511986408988142,0.0,0,stuck 1 s,0.0,0
stuck,1.0,raw,13,13.70000000000006,0.3000000773000178,0,0,20,244,0.0,0.062009807440325165,0.32406826020594776,0.0,0,stuck 1 s,0.0,0
stuck,1.0,raw,14,14.100000000000065,0.3000000203357434,0,0,20,252,0.0,0.048282959815264724,0.2554845303917852,0.0,0,stuck 1 s,0.0,0
stuck,1.0,raw,15,14.300000000000068,0.3000000104303835,0,0,20,256,0.0,0.048964767402226314,0.026355207381952364,0.0,0,stuck 1 s,0.0,0
stuck,1.0,raw,16,14.100000000000065,0.3000000203357434,0,0,20,252,0.0,0.04753044047511155,0.02485895892514735,0.0,0,stuck 1 s,0.0,0
stuck,1.0,raw,17,14.100000000000065,0.3000000203357434,0,0,20,252,0.0,0.04538297699693592,0.2582284435598734,0.0,0,stuck 1 s,0.0,0
stuck,1.0,raw,18,14.300000000000068,0.3000000104303835,0,0,20,256,0.0,0.045545289611708666,0.02786587486011974,0.0,0,stuck 1 s,0.0,0
stuck,1.0,raw,19,14.300000000000068,0.3000000104303835,0,0,20,256,0.0,0.04602837852212722,0.022167367569233428,0.0,0,stuck 1 s,0.0,0
stuck,1.0,raw,20,14.300000000000068,0.3000000104303835,0,0,20,256,0.0,0.04035738514860875,0.02430384833767656,0.0,0,stuck 1 s,0.0,0
stuck,1.0,raw,21,14.300000000000068,0.3000000104303835,0,0,20,256,0.0,0.054527902566395614,0.17094734580496426,0.0,0,stuck 1 s,0.0,0
stuck,1.0,raw,22,14.100000000000065,0.3000000203357434,0,0,20,252,0.0,0.055790529722860305,0.02329641471720622,0.0,0,stuck 1 s,0.0,0
stuck,1.0,raw,23,14.300000000000068,0.3000000104303835,0,0,20,256,0.0,0.051503269499779604,0.02685970839834396,0.0,0,stuck 1 s,0.0,0
stuck,1.0,raw,24,14.300000000000068,0.3000000104303835,0,0,20,256,0.0,0.05196602295527643,0.026191487426902575,0.0,0,stuck 1 s,0.0,0
stuck,1.0,raw,25,14.100000000000065,0.3000000203357434,0,0,20,252,0.0,0.044614981976049926,0.02709175201329379,0.0,0,stuck 1 s,0.0,0
stuck,1.0,raw,26,14.100000000000065,0.3000000203357434,0,0,20,252,0.0,0.05885122809689368,0.027757630558521137,0.0,0,stuck 1 s,0.0,0
stuck,1.0,raw,27,14.300000000000068,0.3000000104303835,0,0,20,256,0.0,0.04712839805637866,0.027609379334274403,0.0,0,stuck 1 s,0.0,0
stuck,1.0,raw,28,13.900000000000063,0.30000003964786687,0,0,20,248,0.0,0.04688139417103421,0.2755895599410272,0.0,0,stuck 1 s,0.0,0
stuck,1.0,raw,29,14.100000000000065,0.3000000203357434,0,0,20,252,0.0,0.051199586994421266,0.025563694180386492,0.0,0,stuck 1 s,0.0,0
stuck,1.0,raw,30,14.100000000000065,0.3000000203357434,0,0,20,252,0.0,0.0502884244803334,0.027493414563701416,0.0,0,stuck 1 s,0.0,0
stuck,1.0,raw,31,13.100000000000051,0.3000005728736853,0,0,20,232,0.0,0.0552606094797104,0.33595993556720966,0.0,0,stuck 1 s,0.0,0
stuck,1.0,raw,32,14.300000000000068,0.3000000104303835,0,0,20,256,0.0,0.04939053640328679,0.026778454876654537,0.0,0,stuck 1 s,0.0,0
stuck,1.0,raw,33,14.300000000000068,0.3000000104303835,0,0,20,256,0.0,0.053260447618131306,0.026364414049930104,0.0,0,stuck 1 s,0.0,0
stuck,1.0,raw,34,14.300000000000068,0.3000000104303835,0,0,20,256,0.0,0.05122160201163112,0.026530891403154084,0.0,0,stuck 1 s,0.0,0
stuck,1.0,raw,35,14.300000000000068,0.3000000104303835,0,0,20,256,0.0,0.03975073351899728,0.026075502542052625,0.0,0,stuck 1 s,0.0,0
stuck,1.0,raw,36,14.100000000000065,0.3000000203357434,0,0,20,252,0.0,0.04211728522648617,0.02493720524138532,0.0,0,stuck 1 s,0.0,0
stuck,1.0,raw,37,14.100000000000065,0.3000000203357434,0,0,20,252,0.0,0.051683664930611536,0.0246165236527242,0.0,0,stuck 1 s,0.0,0
stuck,1.0,raw,38,14.100000000000065,0.3000000203357434,0,0,20,252,0.0,0.053817333991166165,0.023060146370438177,0.0,0,stuck 1 s,0.0,0
stuck,1.0,raw,39,14.100000000000065,0.3000000203357434,0,0,20,252,0.0,0.053945887464456756,0.025247321030363336,0.0,0,stuck 1 s,0.0,0
stuck,1.0,median,0,13.900000000000063,0.30000003964786687,0,2,20,246,0.0,0.04999090335913876,0.058489518973884096,0.0,0,stuck 1 s,0.0,0
stuck,1.0,median,1,13.70000000000006,0.3000000773000178,0,2,20,242,0.0,0.05039033769293758,0.05940265445635931,0.0,0,stuck 1 s,0.0,0
stuck,1.0,median,2,13.900000000000063,0.30000003964786687,0,2,20,246,0.0,0.0550405988485192,0.05731693951680555,0.0,0,stuck 1 s,0.0,0
stuck,1.0,median,3,13.70000000000006,0.3000000773000178,0,2,20,242,0.0,0.03797795266248265,0.06331848315776943,0.0,0,stuck 1 s,0.0,0
stuck,1.0,median,4,12.100000000000037,0.30001613829396373,0,2,20,210,0.0,0.047413401282782014,0.3941539843150689,0.0,0,stuck 1 s,0.0,0
stuck,1.0,median,5,13.900000000000063,0.30000003964786687,0,2,20,246,0.0,0.05051903911841352,0.296377935218186,0.0,0,stuck 1 s,0.0,0
stuck,1.0,median,6,13.70000000000006,0.3000000773000178,0,2,20,242,0.0,0.042890471475673896,0.06507814099854313,0.0,0,stuck 1 s,0.0,0
stuck,1.0,median,7,13.70000000000006,0.3000000773000178,0,2,20,242,0.0,0.046848339351666574,0.06003543840856479,0.0,0,stuck 1 s,0.0,0
stuck,1.0,median,8,13.900000000000063,0.30000003964786687,0,2,20,246,0.0,0.052643341028802255,0.05960291001392628,0.0,0,stuck 1 s,0.0,0
stuck,1.0,median,9,13.300000000000054,0.30000029383201743,0,2,20,234,0.0,0.05288057961183585,0.3674728011607383,0.0,0,stuck 1 s,0.0,0
stuck,1.0,median,10,11.900000000000034,0.3000314642487334,0,2,20,206,0.0,0.057882198023841015,0.4363256212493312,0.0,0,stuck 1 s,0.0,0
stuck,1.0,median,11,13.900000000000063,0.30000003964786687,0,2,20,246,0.0,0.04825133182109095,0.059912550841194866,0.0,0,stuck 1 s,0.0,0
stuck,1.0,median,12,13.900000000000063,0.30000003964786687,0,2,20,246,0.0,0.053010448556540635,0.05924235355721979,0.0,0,stuck 1 s,0.0,0
stuck,1.0,median,13,13.300000000000054,0.30000029383201743,0,2,20,234,0.0,0.06331317693279276,0.3955734793259472,0.0,0,stuck 1 s,0.0,0
stuck,1.0,median,14,13.70000000000006,0.3000000773000178,0,2,20,242,0.0,0.04981226817997189,0.3259094543273369,0.0,0,stuck 1 s,0.0,0
stuck,1.0,median,15,13.900000000000063,0.30000003964786687,0,2,20,246,0.0,0.05046105328677967,0.0626832525242311,0.0035971223021582736,0,stuck 1 s,0.0,0
stuck,1.0,median,16,13.70000000000006,0.3000000773000178,0,2,20,242,0.0,0.04885562463475818,0.06295588703999996,0.0,0,stuck 1 s,0.0,0
stuck,1.0,median,17,13.70000000000006,0.3000000773000178,0,2,20,242,0.0,0.04666477140405513,0.32454545679531027,0.0,0,stuck 1 s,0.0,0
stuck,1.0,median,18,13.900000000000063,0.30000003964786687,0,2,20,246,0.0,0.046473205926943685,0.05786016789991047,0.0,0,stuck 1 s,0.0,0
stuck,1.0,median,19,13.900000000000063,0.30000003964786687,0,2,20,246,0.0,0.04728531685586503,0.06084889937599777,0.0,0,stuck 1 s,0.0,0
stuck,1.0,median,20,13.900000000000063,0.30000003964786687,0,2,20,246,0.0,0.04162132305747677,0.06004225265164128,0.0,0,stuck 1 s,0.0,0
stuck,1.0,median,21,13.900000000000063,0.30000003964786687,0,2,20,246,0.0,0.056033971959390465,0.2650301347260299,0.0,0,stuck 1 s,0.0,0
stuck,1.0,median,22,13.70000000000006,0.3000000773000178,0,2,20,242,0.0,0.05732634823490128,0.06460803359439389,0.0,0,stuck 1 s,0.0,0
stuck,1.0,median,23,13.900000000000063,0.30000003964786687,0,2,20,246,0.0,0.05311320130003677,0.0632347864585577,0.0,0,stuck 1 s,0.0,0
stuck,1.0,median,24,13.900000000000063,0.30000003964786687,0,2,20,246,0.0,0.053205799683660626,0.05825724240920365,0.0,0,stuck 1 s,0.0,0
stuck,1.0,median,25,13.70000000000006,0.3000000773000178,0,2,20,242,0.0,0.046019405949453036,0.06854689736821613,0.0,0,stuck 1 s,0.0,0
stuck,1.0,median,26,13.70000000000006,0.3000000773000178,0,2,20,242,0.0,0.06090304807136896,0.06228056054976087,0.0036496350364963502,0,stuck 1 s,0.0,0
stuck,1.0,median,27,13.900000000000063,0.30000003964786687,0,2,20,246,0.0,0.048608919032248246,0.06279436339248352,0.0,0,stuck 1 s,0.0,0
stuck,1.0,median,28,13.500000000000057,0.3000001507090587,0,2,20,238,0.0,0.04755359983251939,0.34219466853671854,0.0,0,stuck 1 s,0.0,0
stuck,1.0,median,29,13.70000000000006,0.3000000773000178,0,2,20,242,0.0,0.05279212471598291,0.06367977197315752,0.0,0,stuck 1 s,0.0,0
stuck,1.0,median,30,13.70000000000006,0.3000000773000178,0,2,20,242,0.0,0.05168123783588095,0.06639715921364102,0.0,0,stuck 1 s,0.0,0
stuck,1.0,median,31,12.700000000000045,0.30000217760135917,0,2,20,222,0.0,0.056715213829712584,0.4074552947956562,0.0,0,stuck 1 s,0.0,0
stuck,1.0,median,32,13.900000000000063,0.30000003964786687,0,2,20,246,0.0,0.05090975387986463,0.06503698908444008,0.0035971223021582736,0,stuck 1 s,0.0,0
stuck,1.0,median,33,13.900000000000063,0.30000003964786687,0,2,20,246,0.0,0.054929755231028485,0.061389534952540084,0.0,0,stuck 1 s,0.0,0
stuck,1.0,median,34,13.900000000000063,0.30000003964786687,0,2,20,246,0.0,0.05240191176679102,0.06325376039894301,0.0,0,stuck 1 s,0.0,0
stuck,1.0,median,35,13.900000000000063,0.30000003964786687,0,2,20,246,0.0,0.040978632709798075,0.0650593864131312,0.0,0,stuck 1 s,0.0,0
stuck,1.0,median,36,13.70000000000006,0.3000000773000178,0,2,20,242,0.0,0.043251648176318595,0.06465986630760923,0.0,0,stuck 1 s,0.0,0
stuck,1.0,median,37,13.70000000000006,0.3000000773000178,0,2,20,242,0.0,0.05352781143283804,0.06511901353677431,0.0,0,stuck 1 s,0.0,0
stuck,1.0,median,38,13.70000000000006,0.3000000773000178,0,2,20,242,0.0,0.055509563317117525,0.06602406415241556,0.0036496350364963502,0,stuck 1 s,0.0,0
stuck,1.0,median,39,13.70000000000006,0.3000000773000178,0,2,20,242,0.0,0.05564525429077069,0.06052655585996105,0.0,0,stuck 1 s,0.0,0
stuck,1.0,mad,0,14.300000000000068,0.3000000104303835,0,9,20,247,0.0,0.048526602061055045,0.029976908750755524,0.0,0,stuck 1 s,0.0,0
stuck,1.0,mad,1,14.100000000000065,0.3000000203357434,0,13,20,239,0.0,0.04921241128449259,0.030919803453426098,0.0,0,stuck 1 s,0.0,0
stuck,1.0,mad,2,14.300000000000068,0.3000000104303835,0,11,20,245,0.0,0.053738380057859435,0.03065969110520861,0.0,0,stuck 1 s,0.0,0
stuck,1.0,mad,3,14.100000000000065,0.3000000203357434,0,11,20,241,0.0,0.036920537254701326,0.029259069333281307,0.0,0,stuck 1 s,0.0,0
stuck,1.0,mad,4,11.100000000000023,0.3004546281617371,0,11,20,181,0.0,0.05150857886919755,0.6088647325459005,0.0,0,stuck 1 s,0.0,0
stuck,1.0,mad,5,13.300000000000054,0.30000029383201743,0,7,20,229,0.0,0.05272460639565788,0.4731934311648898,0.0,0,stuck 1 s,0.0,0
stuck,1.0,mad,6,14.100000000000065,0.300000020698882,0,8,20,244,0.0,0.04173903394584677,0.030268905842196808,0.0,0,stuck 1 s,0.0,0
stuck,1.0,mad,7,14.100000000000065,0.3000000203357434,0,10,20,242,0.0,0.04540355952523023,0.02739111509543591,0.0,0,stuck 1 s,0.0,0
stuck,1.0,mad,8,14.300000000000068,0.3000000104303835,0,16,20,240,0.0,0.051050968192775235,0.036925270577047406,0.0,0,stuck 1 s,0.0,0
stuck,1.0,mad,9,12.30000000000004,0.3000082774749663,0,9,20,207,0.0,0.05733290368823188,0.5605814316279046,0.0,0,stuck 1 s,0.0,0
stuck,1.0,mad,10,10.90000000000002,0.30088637209348273,0,10,20,178,0.0,0.06362934125317388,0.6684246487353822,0.0045871559633027525,0,stuck 1 s,0.0,0
stuck,1.0,mad,11,14.300000000000068,0.3000000104303835,0,9,20,247,0.0,0.04680348196820583,0.029143737713613494,0.0,0,stuck 1 s,0.0,0
stuck,1.0,mad,12,14.300000000000068,0.3000000104303835,0,15,20,241,0.0,0.05145363268537421,0.03201881358528664,0.0,0,stuck 1 s,0.0,0
stuck,1.0,mad,13,12.30000000000004,0.3000082774749663,0,10,20,206,0.0,0.06862834620198109,0.5972154842720551,0.0040650406504065045,0,stuck 1 s,0.0,0
stuck,1.0,mad,14,12.900000000000048,0.3000011169111525,0,10,20,218,0.0,0.052771126299475155,0.5056479053938465,0.0,0,stuck 1 s,0.0,0
stuck,1.0,mad,15,14.300000000000068,0.3000000104303835,0,11,20,245,0.0,0.048964767402226314,0.22737574408191644,0.0,0,stuck 1 s,0.0,0
stuck,1.0,mad,16,14.100000000000065,0.3000000203357434,0,14,20,238,0.0,0.04753044047511155,0.031683578440036206,0.0,0,stuck 1 s,0.0,0
stuck,1.0,mad,17,12.700000000000045,0.30000217760135917,0,11,20,213,0.0,0.049987857208889215,0.5073082757389862,0.0,0,stuck 1 s,0.0,0
stuck,1.0,mad,18,14.300000000000068,0.3000000104303835,0,16,20,240,0.0,0.045545289611708666,0.030863344868041383,0.02097902097902098,0,stuck 1 s,0.0,0
stuck,1.0,mad,19,14.300000000000068,0.3000000104303835,0,8,20,248,0.0,0.04602837852212722,0.02556467847612944,0.0,0,stuck 1 s,0.0,0
stuck,1.0,mad,20,14.300000000000068,0.3000000104303835,0,8,20,248,0.0,0.04035738514860875,0.027595194377607195,0.0,0,stuck 1 s,0.0,0
stuck,1.0,mad,21,13.70000000000006,0.3000000773000178,0,9,20,235,0.0,0.056612525001952144,0.4471561916744701,0.0,0,stuck 1 s,0.0,0
stuck,1.0,mad,22,14.100000000000065,0.3000000203357434,0,11,20,241,0.0,0.055790529722860305,0.026770078865970187,0.0,0,stuck 1 s,0.0,0
stuck,1.0,mad,23,14.300000000000068,0.3000000104303835,0,10,20,246,0.0,0.051503269499779604,0.22886384637667662,0.0,0,stuck 1 s,0.0,0
stuck,1.0,mad,24,14.300000000000068,0.3000000104303835,0,11,20,245,0.0,0.05196602295527643,0.030398430927439133,0.0,0,stuck 1 s,0.0,0
stuck,1.0,mad,25,14.100000000000065,0.3000000203357434,0,9,20,243,0.0,0.044614981976049926,0.030580321094990353,0.0,0,stuck 1 s,0.0,0
stuck,1.0,mad,26,14.100000000000065,0.3000000203357434,0,8,20,244,0.0,0.05885122809689368,0.03199289505553566,0.0,0,stuck 1 s,0.0,0
stuck,1.0,mad,27,14.300000000000068,0.3000000104303835,0,11,20,245,0.0,0.04712839805637866,0.22446897205056107,0.0,0,stuck 1 s,0.0,0
stuck,1.0,mad,28,12.500000000000043,0.30000424559074956,0,11,20,209,0.0,0.05135949136639959,0.528548604698685,0.0,0,stuck 1 s,0.0,0
stuck,1.0,mad,29,14.100000000000065,0.3000000203357434,0,10,20,242,0.0,0.051199586994421266,0.029949359873715803,0.0,0,stuck 1 s,0.0,0
stuck,1.0,mad,30,14.100000000000065,0.3000000203357434,0,15,20,237,0.0,0.0502884244803334,0.03422981817640282,0.0,0,stuck 1 s,0.0,0
stuck,1.0,mad,31,11.700000000000031,0.3000613447089147,0,8,20,196,0.0,0.061350828558811916,0.6147790196882932,0.0,0,stuck 1 s,0.0,0
stuck,1.0,mad,32,14.300000000000068,0.3000000104303835,0,8,20,248,0.0,0.04939053640328679,0.03146438657808752,0.0,0,stuck 1 s,0.0,0
stuck,1.0,mad,33,14.300000000000068,0.3000000104303835,0,9,20,247,0.0,0.053260447618131306,0.03399796746131733,0.0,0,stuck 1 s,0.0,0
stuck,1.0,mad,34,14.300000000000068,0.3000000104303835,0,9,20,247,0.0,0.05122160201163112,0.030216508915446406,0.0,0,stuck 1 s,0.0,0
stuck,1.0,mad,35,14.300000000000068,0.3000000104303835,0,11,20,245,0.0,0.03975073351899728,0.031937460208628435,0.0,0,stuck 1 s,0.0,0
stuck,1.0,mad,36,14.100000000000065,0.3000000203357434,0,9,20,243,0.0,0.04211728522648617,0.03316918265894022,0.0,0,stuck 1 s,0.0,0
stuck,1.0,mad,37,14.100000000000065,0.3000000203357434,0,9,20,243,0.0,0.051683664930611536,0.27810045691667956,0.0,0,stuck 1 s,0.0,0
stuck,1.0,mad,38,14.100000000000065,0.3000000203357434,0,7,20,245,0.0,0.053817333991166165,0.0260484475357532,0.0,0,stuck 1 s,0.0,0
stuck,1.0,mad,39,14.100000000000065,0.3000000203357434,0,9,20,243,0.0,0.053945887464456756,0.0299034632030452,0.0,0,stuck 1 s,0.0,0
stuck,1.0,kf,0,14.300000000000068,0.3000000104303835,11,0,9,256,0.0,0.048526602061055045,0.016969048377355325,0.08041958041958042,0,stuck 1 s,0.0,0
stuck,1.0,kf,1,14.100000000000065,0.3000000203357434,11,1,9,251,0.0,0.04921241128449259,0.01581695199477123,0.0851063829787234,0,stuck 1 s,0.0,0
stuck,1.0,kf,2,14.100000000000065,0.3000000203357434,11,1,9,251,0.0,0.054476020217235854,0.01661713818233558,0.0851063829787234,0,stuck 1 s,0.0,0
stuck,1.0,kf,3,14.100000000000065,0.3000000203357434,11,0,9,252,0.0,0.036920537254701326,0.01603636726782172,0.08156028368794327,0,stuck 1 s,0.0,0
stuck,1.0,kf,4,13.300000000000054,0.30000029383201743,11,0,9,236,0.0,0.042758077974541,0.11748821074311509,0.08646616541353383,0,stuck 1 s,0.0,0
stuck,1.0,kf,5,14.100000000000065,0.3000000203357434,11,0,9,252,0.0,0.05000767680861977,0.07848473944744626,0.08156028368794327,0,stuck 1 s,0.0,0
stuck,1.0,kf,6,14.300000000000068,0.3000000104303835,11,2,9,254,0.0,0.041195547476759894,0.01850605915832794,0.08741258741258741,0,stuck 1 s,0.0,0
stuck,1.0,kf,7,14.100000000000065,0.3000000203357434,11,0,9,252,0.0,0.04540355952523023,0.015577187315556634,0.08156028368794327,0,stuck 1 s,0.0,0
stuck,1.0,kf,8,14.300000000000068,0.3000000104303835,11,0,9,256,0.0,0.051050968192775235,0.018288544216062876,0.08041958041958042,0,stuck 1 s,0.0,0
stuck,1.0,kf,9,13.70000000000006,0.3000000773000178,11,0,9,244,0.0,0.05135931381281549,0.10798144509504938,0.08394160583941605,0,stuck 1 s,0.0,0
stuck,1.0,kf,10,12.900000000000048,0.3000011169111525,11,9,9,219,0.0,0.05328949401623371,0.21339842192808944,0.12403100775193798,0,stuck 1 s,0.0,0
stuck,1.0,kf,11,14.300000000000068,0.3000000104303835,11,0,9,256,0.0,0.04680348196820583,0.016778930661034776,0.08041958041958042,0,stuck 1 s,0.0,0
stuck,1.0,kf,12,14.300000000000068,0.3000000104303835,11,0,9,256,0.0,0.05145363268537421,0.01651766523020908,0.08041958041958042,0,stuck 1 s,0.0,0
stuck,1.0,kf,13,13.500000000000057,0.3000001507090587,11,1,9,239,0.0,0.06263648660428334,0.12904658034190197,0.08888888888888889,0,stuck 1 s,0.0,0
stuck,1.0,kf,14,14.100000000000065,0.3000000203357434,11,0,9,252,0.0,0.048282959815264724,0.0913992604004973,0.08156028368794327,0,stuck 1 s,0.0,0
stuck,1.0,kf,15,14.300000000000068,0.3000000104303835,11,1,9,255,0.0,0.048964767402226314,0.017106238994129618,0.08391608391608392,0,stuck 1 s,0.0,0
stuck,1.0,kf,16,14.100000000000065,0.3000000203357434,11,0,9,252,0.0,0.04753044047511155,0.015096738350950899,0.08156028368794327,0,stuck 1 s,0.0,0
stuck,1.0,kf,17,13.900000000000063,0.30000003964786687,11,1,9,247,0.0,0.046182171506737826,0.10552131481726014,0.08992805755395683,0,stuck 1 s,0.0,0
stuck,1.0,kf,18,14.300000000000068,0.3000000104303835,11,0,9,256,0.0,0.045545289611708666,0.017430060660530874,0.08041958041958042,0,stuck 1 s,0.0,0
stuck,1.0,kf,19,14.100000000000065,0.3000000203357434,11,0,9,252,0.0,0.046648567464678,0.01671312261863081,0.08156028368794327,0,stuck 1 s,0.0,0
stuck,1.0,kf,20,14.300000000000068,0.3000000104303835,11,0,9,256,0.0,0.04035738514860875,0.015916989183613416,0.08041958041958042,0,stuck 1 s,0.0,0
stuck,1.0,kf,21,14.300000000000068,0.3000000104303835,11,0,9,256,0.0,0.054527902566395614,0.04790320060716145,0.08041958041958042,0,stuck 1 s,0.0,0
stuck,1.0,kf,22,14.100000000000065,0.3000000203357434,11,0,9,252,0.0,0.055790529722860305,0.015922736090478364,0.08156028368794327,0,stuck 1 s,0.0,0
stuck,1.0,kf,23,14.100000000000065,0.3000000203357434,11,0,9,252,0.0,0.05255859193810307,0.016989795791461548,0.08156028368794327,0,stuck 1 s,0.0,0
stuck,1.0,kf,24,14.300000000000068,0.3000000104303835,11,0,9,256,0.0,0.05196602295527643,0.01656378894611512,0.08041958041958042,0,stuck 1 s,0.0,0
stuck,1.0,kf,25,14.100000000000065,0.3000000203357434,11,0,9,252,0.0,0.044614981976049926,0.01622139408811199,0.08156028368794327,0,stuck 1 s,0.0,0
stuck,1.0,kf,26,14.100000000000065,0.3000000203357434,11,1,9,251,0.0,0.05885122809689368,0.019170845470336702,0.0851063829787234,0,stuck 1 s,0.0,0
stuck,1.0,kf,27,14.300000000000068,0.3000000104303835,11,0,9,256,0.0,0.04712839805637866,0.01780839943836712,0.08041958041958042,0,stuck 1 s,0.0,0
stuck,1.0,kf,28,13.900000000000063,0.30000003964786687,11,0,9,248,0.0,0.04688139417103421,0.09311944768442391,0.08992805755395683,0,stuck 1 s,0.0,0
stuck,1.0,kf,29,14.100000000000065,0.3000000203357434,11,0,9,252,0.0,0.051199586994421266,0.01454060923670655,0.08156028368794327,0,stuck 1 s,0.0,0
stuck,1.0,kf,30,14.100000000000065,0.3000000203357434,11,1,9,251,0.0,0.0502884244803334,0.01884462934603007,0.0851063829787234,0,stuck 1 s,0.0,0
stuck,1.0,kf,31,13.100000000000051,0.3000005728736853,11,0,9,232,0.0,0.0552606094797104,0.14799761559733934,0.08778625954198473,0,stuck 1 s,0.0,0
stuck,1.0,kf,32,14.300000000000068,0.3000000104303835,11,0,9,256,0.0,0.04939053640328679,0.01723648367372963,0.08041958041958042,0,stuck 1 s,0.0,0
stuck,1.0,kf,33,14.300000000000068,0.3000000104303835,11,0,9,256,0.0,0.053260447618131306,0.017307467009287945,0.08041958041958042,0,stuck 1 s,0.0,0
stuck,1.0,kf,34,14.100000000000065,0.3000000203357434,11,0,9,252,0.0,0.05188579420767062,0.019388585929149996,0.08156028368794327,0,stuck 1 s,0.0,0
stuck,1.0,kf,35,14.100000000000065,0.3000000203357434,11,0,9,252,0.0,0.04028842579490097,0.01589033302008118,0.08156028368794327,0,stuck 1 s,0.0,0
stuck,1.0,kf,36,14.100000000000065,0.3000000203357434,11,0,9,252,0.0,0.04211728522648617,0.0163893246267404,0.08156028368794327,0,stuck 1 s,0.0,0
stuck,1.0,kf,37,14.100000000000065,0.3000000203357434,11,0,9,252,0.0,0.051683664930611536,0.016920404671977165,0.08156028368794327,0,stuck 1 s,0.0,0
stuck,1.0,kf,38,14.100000000000065,0.3000000203357434,11,0,9,252,0.0,0.053817333991166165,0.015316503757801416,0.08156028368794327,0,stuck 1 s,0.0,0
stuck,1.0,kf,39,14.100000000000065,0.3000000203357434,11,0,9,252,0.0,0.053945887464456756,0.015824879674333103,0.08156028368794327,0,stuck 1 s,0.0,0
stuck,1.0,kf_fallback,0,15.300000000000082,0.30000001473294413,11,0,9,276,0.0,0.03636037825017969,0.017364227624871727,0.07516339869281045,0,stuck 1 s,0.0,0
stuck,1.0,kf_fallback,1,15.300000000000082,0.30000001754151356,11,1,9,275,0.0,0.03626085826169212,0.014391073401153432,0.0784313725490196,0,stuck 1 s,0.0,0
stuck,1.0,kf_fallback,2,15.300000000000082,0.3000000155543312,11,0,9,276,0.0,0.04089336179316828,0.017903143014045966,0.07516339869281045,0,stuck 1 s,0.0,0
stuck,1.0,kf_fallback,3,15.300000000000082,0.3000000155672147,11,0,9,276,0.0,0.026374319482507513,0.017117678518836485,0.07516339869281045,0,stuck 1 s,0.0,0
stuck,1.0,kf_fallback,4,14.700000000000074,0.3000000027439785,11,0,9,264,0.0,0.030564701939542426,0.10641788680069388,0.0782312925170068,0,stuck 1 s,0.0,0
stuck,1.0,kf_fallback,5,16.100000000000094,0.30000000043701336,11,0,9,292,0.0,0.0351729818341591,0.019780389754496037,0.07142857142857142,0,stuck 1 s,0.0,0
stuck,1.0,kf_fallback,6,15.300000000000082,0.30000001990428865,11,2,9,274,0.0,0.030186583775135473,0.019340275973956305,0.08169934640522876,0,stuck 1 s,0.0,0
stuck,1.0,kf_fallback,7,15.500000000000085,0.3000000074953573,11,0,9,280,0.0,0.03263363374244351,0.01671221433666072,0.07419354838709677,0,stuck 1 s,0.0,0
stuck,1.0,kf_fallback,8,15.300000000000082,0.30000001553562294,11,0,9,276,0.0,0.03853442931013674,0.01719069882306485,0.07516339869281045,0,stuck 1 s,0.0,0
stuck,1.0,kf_fallback,9,15.900000000000091,0.3000000000499599,11,0,9,288,0.0,0.03601419049990026,0.09432866412503918,0.07547169811320754,0,stuck 1 s,0.0,0
stuck,1.0,kf_fallback,10,14.500000000000071,0.3000000053498363,11,9,9,251,0.0,0.038286190046093495,0.18935920944328502,0.1103448275862069,0,stuck 1 s,0.0,0
stuck,1.0,kf_fallback,11,15.300000000000082,0.30000001556555633,11,0,9,276,0.0,0.03476338671946165,0.01919080314541936,0.07516339869281045,0,stuck 1 s,0.0,0
stuck,1.0,kf_fallback,12,15.300000000000082,0.3000000155543312,11,0,9,276,0.0,0.03897607390031024,0.017400693319210014,0.07516339869281045,0,stuck 1 s,0.0,0
stuck,1.0,kf_fallback,13,15.900000000000091,0.3000000000499599,11,1,9,287,0.0,0.043878339482703844,0.1107500297351406,0.07547169811320754,0,stuck 1 s,0.0,0
stuck,1.0,kf_fallback,14,16.350000000000097,0.30000000004441485,11,0,9,297,0.0,0.03363882941252798,0.06529939403214925,0.07339449541284404,0,stuck 1 s,0.0,0
stuck,1.0,kf_fallback,15,15.500000000000085,0.30000000803066174,11,1,9,279,0.0,0.03626589245531083,0.017134301773081683,0.07741935483870968,0,stuck 1 s,0.0,0
stuck,1.0,kf_fallback,16,15.300000000000082,0.30000001514045405,11,0,9,276,0.0,0.03495221154089455,0.016137034833169077,0.07516339869281045,0,stuck 1 s,0.0,0
stuck,1.0,kf_fallback,17,16.300000000000097,0.30000000001314325,11,1,9,295,0.0,0.03112755858572492,0.08599327288101889,0.0736196319018405,0,stuck 1 s,0.0,0
stuck,1.0,kf_fallback,18,15.300000000000082,0.30000001550339056,11,0,9,276,0.0,0.03383978819586162,0.019917287132888813,0.07516339869281045,0,stuck 1 s,0.0,0
stuck,1.0,kf_fallback,19,15.300000000000082,0.3000000154831336,11,0,9,276,0.0,0.03429791688333389,0.018262015220592648,0.07516339869281045,0,stuck 1 s,0.0,0
stuck,1.0,kf_fallback,20,15.300000000000082,0.30000001554966815,11,0,9,276,0.0,0.029559352026686816,0.016101874273438063,0.07516339869281045,0,stuck 1 s,0.0,0
stuck,1.0,kf_fallback,21,15.700000000000088,0.3000000026687359,11,0,9,284,0.0,0.04011367699983451,0.014237730878888239,0.0732484076433121,0,stuck 1 s,0.0,0
stuck,1.0,kf_fallback,22,15.300000000000082,0.30000001551889993,11,0,9,276,0.0,0.042384929350945226,0.019401561786649577,0.08169934640522876,0,stuck 1 s,0.0,0
stuck,1.0,kf_fallback,23,15.500000000000085,0.30000000702963164,11,0,9,280,0.0,0.03848345762486664,0.019072660336260087,0.07419354838709677,0,stuck 1 s,0.0,0
stuck,1.0,kf_fallback,24,15.300000000000082,0.30000001553562294,11,0,9,276,0.0,0.03915716910387549,0.016615662594046832,0.07516339869281045,0,stuck 1 s,0.0,0
stuck,1.0,kf_fallback,25,15.300000000000082,0.30000001556432965,11,0,9,276,0.0,0.0327443504982266,0.01660465656056228,0.07516339869281045,0,stuck 1 s,0.0,0
stuck,1.0,kf_fallback,26,15.300000000000082,0.30000001757304773,11,1,9,275,0.0,0.0445892351291305,0.0168384722516126,0.0784313725490196,0,stuck 1 s,0.0,0
stuck,1.0,kf_fallback,27,15.300000000000082,0.30000001393843684,11,0,9,276,0.0,0.035233870732661404,0.017958907922406012,0.07516339869281045,0,stuck 1 s,0.0,0
stuck,1.0,kf_fallback,28,16.100000000000094,0.3000000000256249,11,0,9,292,0.0,0.031998960351480775,0.08149260108996854,0.07142857142857142,0,stuck 1 s,0.0,0
stuck,1.0,kf_fallback,29,15.300000000000082,0.3000000155677652,11,0,9,276,0.0,0.03818843889115903,0.014894809522921644,0.07516339869281045,0,stuck 1 s,0.0,0
stuck,1.0,kf_fallback,30,15.300000000000082,0.3000000177804196,11,1,9,275,0.0,0.03718318861433718,0.01779298341273407,0.0784313725490196,0,stuck 1 s,0.0,0
stuck,1.0,kf_fallback,31,15.300000000000082,0.30000000037025526,11,0,9,276,0.0,0.037963877641040505,0.1271917459378825,0.07516339869281045,0,stuck 1 s,0.0,0
stuck,1.0,kf_fallback,32,15.300000000000082,0.30000001556432965,11,0,9,276,0.0,0.036998296984234916,0.016626034064920785,0.07516339869281045,0,stuck 1 s,0.0,0
stuck,1.0,kf_fallback,33,15.300000000000082,0.3000000154566754,11,0,9,276,0.0,0.0405652158904155,0.01797841557616916,0.07516339869281045,0,stuck 1 s,0.0,0
stuck,1.0,kf_fallback,34,15.500000000000085,0.3000000079851503,11,0,9,280,0.0,0.03831268019182784,0.016709310564922593,0.07741935483870968,0,stuck 1 s,0.0,0
stuck,1.0,kf_fallback,35,15.300000000000082,0.3000000155307742,11,0,9,276,0.0,0.028989556143560007,0.01583533342721885,0.07516339869281045,0,stuck 1 s,0.0,0
stuck,1.0,kf_fallback,36,15.300000000000082,0.30000001556272743,11,0,9,276,0.0,0.030366759010573684,0.015691798575559596,0.07516339869281045,0,stuck 1 s,0.0,0
stuck,1.0,kf_fallback,37,15.500000000000085,0.30000000689304074,11,0,9,280,0.0,0.03820805676894667,0.01670006251252049,0.07419354838709677,0,stuck 1 s,0.0,0
stuck,1.0,kf_fallback,38,15.300000000000082,0.30000001540105403,11,0,9,276,0.0,0.040057200067285186,0.014576753018076424,0.07516339869281045,0,stuck 1 s,0.0,0
stuck,1.0,kf_fallback,39,15.300000000000082,0.30000001534946946,11,0,9,276,0.0,0.04032868359294725,0.015675268034713783,0.07516339869281045,0,stuck 1 s,0.0,0
stuck,3.0,raw,1000,11.300000000000026,0.3002331828434407,0,0,60,156,0.0,1.4088501052511697,1.826600215351326,0.0,1,stuck 3 s,0.0,0
stuck,3.0,raw,1001,9.750000000000004,0.34259734741255093,0,0,60,127,0.0,1.7077501519996667,2.60079124902344,0.0,1,stuck 3 s,0.0,0
stuck,3.0,raw,1002,13.500000000000057,0.3000001507090587,0,0,60,200,0.0,1.3532576283593616,1.1748992774859437,0.0,1,stuck 3 s,0.0,0
stuck,3.0,raw,1003,14.300000000000068,0.3000000104303835,0,0,60,216,0.0,1.2679985832557985,0.025538699257517852,0.0,1,stuck 3 s,0.0,0
stuck,3.0,raw,1004,14.300000000000068,0.3000000104303835,0,0,60,216,0.0,1.1447372336722326,0.027722774302021923,0.0,1,stuck 3 s,0.0,0
stuck,3.0,raw,1005,14.300000000000068,0.3000000104303835,0,0,60,216,0.0,1.170859287262015,0.027804795507279264,0.0,1,stuck 3 s,0.0,0
stuck,3.0,raw,1006,14.300000000000068,0.3000000104303835,0,0,60,216,0.0,1.156805462669928,0.854221990491942,0.0,1,stuck 3 s,0.0,0
stuck,3.0,raw,1007,14.300000000000068,0.3000000104303835,0,0,60,216,0.0,1.1945107722390127,0.025186461212347477,0.0,1,stuck 3 s,0.0,0
stuck,3.0,raw,1008,14.100000000000065,0.3000000203357434,0,0,60,212,0.0,1.1563091224024293,0.026053719470116903,0.0,1,stuck 3 s,0.0,0
stuck,3.0,raw,1009,14.300000000000068,0.3000000104303835,0,0,60,216,0.0,1.2109118016881044,0.024804928677488677,0.0,1,stuck 3 s,0.0,0
stuck,3.0,raw,1010,14.300000000000068,0.3000000104303835,0,0,60,216,0.0,1.2074352942661657,0.028335787359682653,0.0,1,stuck 3 s,0.0,0
stuck,3.0,raw,1011,14.100000000000065,0.3000000203357434,0,0,60,212,0.0,1.157419513508108,0.5161284352431371,0.0,1,stuck 3 s,0.0,0
stuck,3.0,raw,1012,14.300000000000068,0.3000000104303835,0,0,60,216,0.0,1.1826036998020046,0.7142124029550417,0.0,1,stuck 3 s,0.0,0
stuck,3.0,raw,1013,9.049999999999994,1.4999999900177894,0,0,55,124,0.0,1.435611862751441,2.875535528843359,0.0,1,stuck 3 s,1.0,1
stuck,3.0,raw,1014,12.700000000000045,0.30000217760135917,0,0,60,184,0.0,1.312940391871854,1.39360033185089,0.0,1,stuck 3 s,0.0,0
stuck,3.0,raw,1015,13.900000000000063,0.30000003964786687,0,0,60,208,0.0,1.1972410490504342,1.0005623633692349,0.0,1,stuck 3 s,0.0,0
stuck,3.0,raw,1016,14.100000000000065,0.3000000203357434,0,0,60,212,0.0,1.242303692596497,0.024513164747365358,0.0,1,stuck 3 s,0.0,0
stuck,3.0,raw,1017,9.049999999999994,1.4999999900177894,0,0,45,134,0.0,0.8604530867209879,2.1943556559179873,0.0,1,stuck 3 s,1.0,1
stuck,3.0,raw,1018,10.100000000000009,0.312807224673872,0,0,60,133,0.0,1.5619520950758896,2.32953845146838,0.0,1,stuck 3 s,0.0,0
stuck,3.0,raw,1019,14.100000000000065,0.3000000203357434,0,0,60,212,0.0,1.1599040714360374,0.026368825918238747,0.0,1,stuck 3 s,0.0,0
stuck,3.0,raw,1020,10.300000000000011,0.30656893993049206,0,0,60,137,0.0,1.5258264440630107,2.2226611644983794,0.0,1,stuck 3 s,0.0,0
stuck,3.0,raw,1021,13.70000000000006,0.3000000773000178,0,0,60,204,0.0,1.1978051660353366,1.0627363800510883,0.0,1,stuck 3 s,0.0,0
stuck,3.0,raw,1022,14.100000000000065,0.3000000203357434,0,0,60,212,0.0,1.1140758972623617,0.02408677303083167,0.0,1,stuck 3 s,0.0,0
stuck,3.0,raw,1023,14.100000000000065,0.3000000203357434,0,0,60,212,0.0,1.2116278479453277,0.938657775195685,0.0,1,stuck 3 s,0.0,0
stuck,3.0,raw,1024,14.300000000000068,0.3000000104303835,0,0,60,216,0.0,1.1640699661553702,0.7879071337109758,0.0,1,stuck 3 s,0.0,0
stuck,3.0,raw,1025,9.049999999999994,1.4999999900177894,0,0,53,126,0.0,1.3062843770405637,2.7286358626443588,0.0,1,stuck 3 s,1.0,1
stuck,3.0,raw,1026,14.300000000000068,0.3000000104303835,0,0,60,216,0.0,1.1838201467693215,0.02626792902776529,0.0,1,stuck 3 s,0.0,0
stuck,3.0,raw,1027,14.100000000000065,0.3000000203357434,0,0,60,212,0.0,1.17931876681597,0.02352508347587866,0.0,1,stuck 3 s,0.0,0
stuck,3.0,raw,1028,9.049999999999994,1.4999999900177894,0,0,53,126,0.0,1.3285634203136758,2.7540304007005783,0.0,1,stuck 3 s,1.0,1
stuck,3.0,raw,1029,9.049999999999994,1.4999999900177894,0,0,52,127,0.0,1.2278463889207818,2.6513571431561327,0.0,1,stuck 3 s,1.0,1
stuck,3.0,raw,1030,14.300000000000068,0.3000000104303835,0,0,60,216,0.0,1.192564769266054,0.02536594743041173,0.0,1,stuck 3 s,0.0,0
stuck,3.0,raw,1031,9.149999999999995,0.7712350768910614,0,0,60,119,0.0,1.7189377502809124,3.017263587283908,0.0,1,stuck 3 s,0.4640438461138267,0
stuck,3.0,raw,1032,9.049999999999994,1.4999999900177894,0,0,48,131,0.0,0.9979854429949292,2.367567881109906,0.0,1,stuck 3 s,1.0,1
stuck,3.0,raw,1033,9.049999999999994,1.4999999900177894,0,0,52,127,0.0,1.2403689277143866,2.65342338238828,0.0,1,stuck 3 s,1.0,1
stuck,3.0,raw,1034,9.049999999999994,1.4999999900177894,0,0,40,139,0.0,0.5923464153221395,1.8011485780339909,0.0,1,stuck 3 s,1.0,1
stuck,3.0,raw,1035,14.100000000000065,0.3000000203357434,0,0,60,212,0.0,1.1621372043305502,0.7949916298896175,0.0,1,stuck 3 s,0.0,0
stuck,3.0,raw,1036,14.300000000000068,0.3000000104303835,0,0,60,216,0.0,1.1638508579103743,0.6222215429147192,0.0,1,stuck 3 s,0.0,0
stuck,3.0,raw,1037,14.300000000000068,0.3000000104303835,0,0,60,216,0.0,1.189276218139637,0.7950976731039504,0.0,1,stuck 3 s,0.0,0
stuck,3.0,raw,1038,14.300000000000068,0.3000000104303835,0,0,60,216,0.0,1.147297170243684,0.8521880950247025,0.0,1,stuck 3 s,0.0,0
stuck,3.0,raw,1039,9.049999999999994,1.4999999900177894,0,0,49,130,0.0,1.078321959674485,2.47319956443377,0.0,1,stuck 3 s,1.0,1
stuck,3.0,median,1000,10.90000000000002,0.30088637209348273,0,2,60,146,0.0,1.442941835873815,2.0528650442137404,0.0,1,stuck 3 s,0.0,0
stuck,3.0,median,1001,9.45,0.4239704379423346,0,2,60,121,0.0,1.738616365830403,2.918487789577043,0.0,1,stuck 3 s,0.029963047427918194,0
stuck,3.0,median,1002,13.100000000000051,0.3000005728736853,0,2,60,190,0.0,1.3824967201600862,1.3538411951219718,0.0,1,stuck 3 s,0.0,0
stuck,3.0,median,1003,13.900000000000063,0.30000003964786687,0,2,60,206,0.0,1.2940520292424182,0.05797964673452468,0.0,1,stuck 3 s,0.0,0
stuck,3.0,median,1004,13.900000000000063,0.30000003964786687,0,2,60,206,0.0,1.1717935062793536,0.05828496200615147,0.0,1,stuck 3 s,0.0,0
stuck,3.0,median,1005,13.900000000000063,0.30000003964786687,0,2,60,206,0.0,1.198751940476462,0.0577459999281461,0.0,1,stuck 3 s,0.0,0
stuck,3.0,median,1006,13.900000000000063,0.30000003964786687,0,2,60,206,0.0,1.1909079797264082,1.0341221891251782,0.0035971223021582736,1,stuck 3 s,0.0,0
stuck,3.0,median,1007,13.900000000000063,0.30000003964786687,0,2,60,206,0.0,1.229903211259934,0.06461969915264054,0.0035971223021582736,1,stuck 3 s,0.0,0
stuck,3.0,median,1008,13.70000000000006,0.3000000773000178,0,2,60,202,0.0,1.1845234491939136,0.05917665897978399,0.0,1,stuck 3 s,0.0,0
stuck,3.0,median,1009,13.900000000000063,0.30000003964786687,0,2,60,206,0.0,1.2505469761331836,0.057977604118899684,0.0035971223021582736,1,stuck 3 s,0.0,0
stuck,3.0,median,1010,13.900000000000063,0.30000003964786687,0,2,60,206,0.0,1.2324807092555763,0.06748803673657788,0.0,1,stuck 3 s,0.0,0
stuck,3.0,median,1011,13.70000000000006,0.3000000773000178,0,2,60,202,0.0,1.1923429850010523,0.7659599147024906,0.0036496350364963502,1,stuck 3 s,0.0,0
stuck,3.0,median,1012,13.900000000000063,0.30000003964786687,0,2,60,206,0.0,1.2072458886120054,0.9166121897960806,0.0,1,stuck 3 s,0.0,0
stuck,3.0,median,1013,9.049999999999994,1.4999999900177894,0,0,55,124,0.0,1.435611862751441,2.875535528843359,0.0,1,stuck 3 s,1.0,1
stuck,3.0,median,1014,12.30000000000004,0.3000082774749663,0,2,60,174,0.0,1.346680582399516,1.576784216533721,0.0,1,stuck 3 s,0.0,0
stuck,3.0,median,1015,13.500000000000057,0.3000001507090587,0,2,60,198,0.0,1.222245097000003,1.174954360624522,0.0,1,stuck 3 s,0.0,0
stuck,3.0,median,1016,13.70000000000006,0.3000000773000178,0,2,60,202,0.0,1.275323289324058,0.064161538422395,0.0,1,stuck 3 s,0.0,0
stuck,3.0,median,1017,9.049999999999994,1.4999999900177894,0,0,45,134,0.0,0.8604530867209879,2.1943556559179873,0.0,1,stuck 3 s,1.0,1
stuck,3.0,median,1018,9.750000000000004,0.34259734741255093,0,2,60,125,0.0,1.607673366747315,2.6263654819094424,0.0,1,stuck 3 s,0.0,0
stuck,3.0,median,1019,13.70000000000006,0.3000000773000178,0,2,60,202,0.0,1.194965367945226,0.06388610761643092,0.0,1,stuck 3 s,0.0,0
stuck,3.0,median,1020,9.950000000000006,0.32184856000569906,0,2,60,128,0.0,1.559169076143407,2.4987839252993136,0.0,1,stuck 3 s,0.0,0
stuck,3.0,median,1021,13.300000000000054,0.30000029383201743,0,2,60,194,0.0,1.2306984656867206,1.2354651169747692,0.0037593984962406013,1,stuck 3 s,0.0,0
stuck,3.0,median,1022,13.70000000000006,0.3000000773000178,0,2,60,202,0.0,1.144442652873989,0.06573075205189496,0.0,1,stuck 3 s,0.0,0
stuck,3.0,median,1023,13.70000000000006,0.3000000773000178,0,2,60,202,0.0,1.240700407736682,1.116756336459064,0.0,1,stuck 3 s,0.0,0
stuck,3.0,median,1024,13.900000000000063,0.30000003964786687,0,2,60,206,0.0,1.1950587516841107,0.9768713510542211,0.0,1,stuck 3 s,0.0,0
stuck,3.0,median,1025,9.049999999999994,1.4999999900177894,0,0,53,126,0.0,1.3062843770405637,2.7286358626443588,0.0,1,stuck 3 s,1.0,1
stuck,3.0,median,1026,13.900000000000063,0.30000003964786687,0,2,60,206,0.0,1.2153106823978863,0.05903164098164299,0.0,1,stuck 3 s,0.0,0
stuck,3.0,median,1027,13.70000000000006,0.3000000773000178,0,2,60,202,0.0,1.2109313159936927,0.06527695925469033,0.0,1,stuck 3 s,0.0,0
stuck,3.0,median,1028,9.049999999999994,1.4999999900177894,0,0,53,126,0.0,1.3285634203136758,2.7540304007005783,0.0,1,stuck 3 s,1.0,1
stuck,3.0,median,1029,9.049999999999994,1.4999999900177894,0,0,52,127,0.0,1.2278463889207818,2.6513571431561327,0.0,1,stuck 3 s,1.0,1
stuck,3.0,median,1030,13.900000000000063,0.30000003964786687,0,2,60,206,0.0,1.2246510817274392,0.06025393975692464,0.0,1,stuck 3 s,0.0,0
stuck,3.0,median,1031,9.049999999999994,1.1039062400177893,0,2,60,117,0.0,1.7255741027160554,3.259038072005816,0.0,1,stuck 3 s,0.8798828000222365,1
stuck,3.0,median,1032,9.049999999999994,1.4999999900177894,0,0,48,131,0.0,0.9979854429949292,2.367567881109906,0.0,1,stuck 3 s,1.0,1
stuck,3.0,median,1033,9.049999999999994,1.4999999900177894,0,0,52,127,0.0,1.2403689277143866,2.65342338238828,0.0,1,stuck 3 s,1.0,1
stuck,3.0,median,1034,9.049999999999994,1.4999999900177894,0,0,40,139,0.0,0.5923464153221395,1.8011485780339909,0.0,1,stuck 3 s,1.0,1
stuck,3.0,median,1035,13.70000000000006,0.3000000773000178,0,2,60,202,0.0,1.182824977767554,0.9869809271372433,0.0,1,stuck 3 s,0.0,0
stuck,3.0,median,1036,13.900000000000063,0.30000003964786687,0,2,60,206,0.0,1.1915414077798911,0.8419752700581973,0.0,1,stuck 3 s,0.0,0
stuck,3.0,median,1037,13.900000000000063,0.30000003964786687,0,2,60,206,0.0,1.2172772249093522,0.9857011496093944,0.0,1,stuck 3 s,0.0,0
stuck,3.0,median,1038,13.900000000000063,0.30000003964786687,0,2,60,206,0.0,1.1743973231710323,1.031540427321243,0.0,1,stuck 3 s,0.0,0
stuck,3.0,median,1039,9.049999999999994,1.4999999900177894,0,0,49,130,0.0,1.078321959674485,2.47319956443377,0.0,1,stuck 3 s,1.0,1
stuck,3.0,mad,1000,9.950000000000006,0.32184856000569906,0,12,60,118,0.0,1.5492528452427548,2.7486510594930738,0.0,1,stuck 3 s,0.0,0
stuck,3.0,mad,1001,9.099999999999994,0.9154907139218156,0,8,60,111,0.0,1.7636379976285235,3.5940710767566504,0.01098901098901099,1,stuck 3 s,0.6443633924022694,1
stuck,3.0,mad,1002,12.100000000000037,0.30001613829396373,0,9,60,163,0.0,1.4673067768620782,1.8427112585251664,0.0,1,stuck 3 s,0.0,0
stuck,3.0,mad,1003,14.300000000000068,0.3000000104303835,0,11,60,205,0.0,1.2679985832557985,0.5892381797000947,0.0,1,stuck 3 s,0.0,0
stuck,3.0,mad,1004,14.300000000000068,0.3000000104303835,0,11,60,205,0.0,1.1447372336722326,0.03139904260367644,0.0,1,stuck 3 s,0.0,0
stuck,3.0,mad,1005,14.300000000000068,0.3000000104303835,0,10,60,206,0.0,1.170859287262015,0.031396143667696476,0.0,1,stuck 3 s,0.0,0
stuck,3.0,mad,1006,12.900000000000048,0.3000011169111525,0,12,60,176,0.0,1.2586964575088866,1.4891758597312947,0.0,1,stuck 3 s,0.0,0
stuck,3.0,mad,1007,14.300000000000068,0.3000000104303835,0,9,60,207,0.0,1.1945107722390127,0.028404125165093618,0.0,1,stuck 3 s,0.0,0
stuck,3.0,mad,1008,14.100000000000065,0.3000000203357434,0,12,60,200,0.0,1.1563091224024293,0.029642614270876336,0.0,1,stuck 3 s,0.0,0
stuck,3.0,mad,1009,14.300000000000068,0.3000000104303835,0,7,60,209,0.0,1.2109118016881044,0.02750671146211021,0.0,1,stuck 3 s,0.0,0
stuck,3.0,mad,1010,14.300000000000068,0.3000000104303835,0,12,60,204,0.0,1.2074352942661657,0.03121490934730873,0.0034965034965034965,1,stuck 3 s,0.0,0
stuck,3.0,mad,1011,13.70000000000006,0.3000000773000178,0,9,60,195,0.0,1.1923429850010523,1.1956714892105977,0.0036496350364963502,1,stuck 3 s,0.0,0
stuck,3.0,mad,1012,13.300000000000054,0.30000029383201743,0,13,60,183,0.0,1.24801000459126,1.3545123636393517,0.0,1,stuck 3 s,0.0,0
stuck,3.0,mad,1013,9.049999999999994,1.4999999900177894,0,5,55,119,0.0,1.435611862751441,2.875535528843359,0.0,1,stuck 3 s,1.0,1
stuck,3.0,mad,1014,11.300000000000026,0.3002331828434407,0,8,60,148,0.0,1.4436082143292623,2.104710709403117,0.004424778761061947,1,stuck 3 s,0.0,0
stuck,3.0,mad,1015,12.500000000000043,0.30000424559074956,0,12,60,168,0.0,1.3008427162239167,1.636211674172094,0.0,1,stuck 3 s,0.0,0
stuck,3.0,mad,1016,14.100000000000065,0.3000000203357434,0,10,60,202,0.0,1.242303692596497,0.915289489099151,0.0,1,stuck 3 s,0.0,0
stuck,3.0,mad,1017,9.049999999999994,1.4999999900177894,0,3,45,131,0.0,0.8604530867209879,2.1943556559179873,0.0,1,stuck 3 s,1.0,1
stuck,3.0,mad,1018,9.199999999999996,0.6607893549088062,0,11,60,109,0.0,1.6503375895144337,3.367504719961403,0.016304347826086956,1,stuck 3 s,0.3259866936360077,0
stuck,3.0,mad,1019,14.100000000000065,0.3000000203357434,0,14,60,198,0.0,1.1599040714360374,0.8077113296083753,0.0,1,stuck 3 s,0.0,0
stuck,3.0,mad,1020,9.249999999999996,0.5762293491206311,0,7,60,114,0.0,1.6233340990843963,3.2902502219936447,0.016216216216216217,1,stuck 3 s,0.2202866864007888,0
stuck,3.0,mad,1021,12.30000000000004,0.3000082774749663,0,9,60,167,0.0,1.310343278875895,1.7005863669029315,0.0040650406504065045,1,stuck 3 s,0.0,0
stuck,3.0,mad,1022,14.100000000000065,0.3000000203357434,0,9,60,203,0.0,1.1140758972623617,0.027946603824851698,0.0,1,stuck 3 s,0.0,0
stuck,3.0,mad,1023,12.700000000000045,0.30000217760135917,0,10,60,174,0.0,1.324025126418939,1.5777514309166505,0.003937007874015748,1,stuck 3 s,0.0,0
stuck,3.0,mad,1024,13.100000000000051,0.3000005728736853,0,7,60,185,0.0,1.2468080685016747,1.420369924547312,0.0,1,stuck 3 s,0.0,0
stuck,3.0,mad,1025,9.049999999999994,1.4999999900177894,0,7,53,119,0.0,1.3062843770405637,2.7286358626443588,0.0,1,stuck 3 s,1.0,1
stuck,3.0,mad,1026,14.300000000000068,0.3000000104303835,0,15,60,201,0.0,1.1838201467693215,0.028409371531547576,0.0,1,stuck 3 s,0.0,0
stuck,3.0,mad,1027,14.100000000000065,0.3000000203357434,0,13,60,199,0.0,1.17931876681597,0.027944212611326572,0.0,1,stuck 3 s,0.0,0
stuck,3.0,mad,1028,9.049999999999994,1.4999999900177894,0,4,53,122,0.0,1.3285634203136758,2.7540304007005783,0.0,1,stuck 3 s,1.0,1
stuck,3.0,mad,1029,9.049999999999994,1.4999999900177894,0,2,52,125,0.0,1.2278463889207818,2.6513571431561327,0.0,1,stuck 3 s,1.0,1
stuck,3.0,mad,1030,14.300000000000068,0.3000000104303835,0,9,60,207,0.0,1.192564769266054,0.8936082336892134,0.0,1,stuck 3 s,0.0,0
stuck,3.0,mad,1031,9.049999999999994,1.4999999900177894,0,7,60,112,0.0,1.7255743944872406,3.513119120372823,0.0,1,stuck 3 s,1.0,1
stuck,3.0,mad,1032,9.049999999999994,1.4999999900177894,0,4,48,127,0.0,0.9979854429949292,2.367567881109906,0.0,1,stuck 3 s,1.0,1
stuck,3.0,mad,1033,9.049999999999994,1.4999999900177894,0,2,52,125,0.0,1.2403689277143866,2.65342338238828,0.0,1,stuck 3 s,1.0,1
stuck,3.0,mad,1034,9.049999999999994,1.4999999900177894,0,0,40,139,0.0,0.5923464153221395,1.8011485780339909,0.0,1,stuck 3 s,1.0,1
stuck,3.0,mad,1035,13.100000000000051,0.3000005728736853,0,9,60,183,0.0,1.2230273230479614,1.4136368715650183,0.0,1,stuck 3 s,0.0,0
stuck,3.0,mad,1036,13.500000000000057,0.3000001507090587,0,7,60,193,0.0,1.227628666057929,1.2781782538280602,0.003703703703703704,1,stuck 3 s,0.0,0
stuck,3.0,mad,1037,13.100000000000051,0.3000005728736853,0,14,60,178,0.0,1.2727267858494216,1.4324523618800984,0.0,1,stuck 3 s,0.0,0
stuck,3.0,mad,1038,12.900000000000048,0.3000011169111525,0,10,60,178,0.0,1.247884662194977,1.485900814723651,0.0,1,stuck 3 s,0.0,0
stuck,3.0,mad,1039,9.049999999999994,1.4999999900177894,0,2,49,128,0.0,1.078321959674485,2.47319956443377,0.0,1,stuck 3 s,1.0,1
stuck,3.0,kf,1000,13.300000000000054,0.30000029383201743,51,8,9,188,0.0,1.2112244406315789,0.1698353724007867,0.2669172932330827,1,stuck 3 s,0.0,0
stuck,3.0,kf,1001,13.70000000000006,0.3000000773000178,51,9,9,195,0.0,1.1682560530571944,0.07700318170370615,0.26277372262773724,1,stuck 3 s,0.0,0
stuck,3.0,kf,1002,13.500000000000057,0.3000001507090587,51,9,9,191,0.0,1.3532576283593616,0.11032894864122426,0.26666666666666666,1,stuck 3 s,0.0,0
stuck,3.0,kf,1003,14.300000000000068,0.3000000104303835,51,9,9,207,0.0,1.2679985832557985,0.031986805493692164,0.2517482517482518,1,stuck 3 s,0.0,0
stuck,3.0,kf,1004,14.300000000000068,0.3000000104303835,51,9,9,207,0.0,1.1447372336722326,0.01772986954166069,0.2517482517482518,1,stuck 3 s,0.0,0
stuck,3.0,kf,1005,14.300000000000068,0.3000000104303835,51,9,9,207,0.0,1.170859287262015,0.017241384731536684,0.2517482517482518,1,stuck 3 s,0.0,0
stuck,3.0,kf,1006,13.70000000000006,0.3000000773000178,51,9,9,195,0.0,1.1980459254476075,0.062140605124551794,0.26277372262773724,1,stuck 3 s,0.0,0
stuck,3.0,kf,1007,14.300000000000068,0.3000000104303835,51,9,9,207,0.0,1.1945107722390127,0.016750467039970674,0.2517482517482518,1,stuck 3 s,0.0,0
stuck,3.0,kf,1008,14.100000000000065,0.3000000203357434,51,9,9,203,0.0,1.1563091224024293,0.01931131863999963,0.2553191489361702,1,stuck 3 s,0.0,0
stuck,3.0,kf,1009,14.300000000000068,0.3000000104303835,51,8,9,208,0.0,1.2109118016881044,0.01623156947882084,0.24825174825174826,1,stuck 3 s,0.0,0
stuck,3.0,kf,1010,14.300000000000068,0.3000000104303835,51,9,9,207,0.0,1.2074352942661657,0.01801012717585486,0.25524475524475526,1,stuck 3 s,0.0,0
stuck,3.0,kf,1011,13.500000000000057,0.3000001507090587,51,9,9,191,0.0,1.2030181426385307,0.09296698518151235,0.26666666666666666,1,stuck 3 s,0.0,0
stuck,3.0,kf,1012,13.300000000000054,0.30000029383201743,51,9,9,187,0.0,1.24801000459126,0.10069082499747521,0.2706766917293233,1,stuck 3 s,0.0,0
stuck,3.0,kf,1013,13.500000000000057,0.3000001507090587,51,9,9,191,0.0,0.799337245528124,0.1329043329967522,0.26666666666666666,1,stuck 3 s,0.0,0
stuck,3.0,kf,1014,13.70000000000006,0.3000000773000178,51,9,9,195,0.0,1.2348898637312293,0.09111728959965758,0.26277372262773724,1,stuck 3 s,0.0,0
stuck,3.0,kf,1015,13.100000000000051,0.3000005728736853,51,11,9,181,0.0,1.2487678107608329,0.16445457493731094,0.2824427480916031,1,stuck 3 s,0.0,0
stuck,3.0,kf,1016,14.100000000000065,0.3000000203357434,51,9,9,203,0.0,1.242303692596497,0.0708251962302427,0.2553191489361702,1,stuck 3 s,0.0,0
stuck,3.0,kf,1017,13.300000000000054,0.30000029383201743,51,9,9,187,0.0,0.5815648318149339,0.1748395793265448,0.2744360902255639,1,stuck 3 s,0.0,0
stuck,3.0,kf,1018,13.500000000000057,0.3000001507090587,51,9,9,191,0.0,1.1502922569877723,0.1479861444671526,0.27037037037037037,1,stuck 3 s,0.0,0
stuck,3.0,kf,1019,14.100000000000065,0.3000000203357434,51,9,9,203,0.0,1.1599040714360374,0.016635367660800385,0.2553191489361702,1,stuck 3 s,0.0,0
stuck,3.0,kf,1020,13.100000000000051,0.3000005728736853,51,9,9,183,0.0,1.195330702642333,0.19001389357034676,0.2748091603053435,1,stuck 3 s,0.0,0
stuck,3.0,kf,1021,13.300000000000054,0.30000029383201743,51,9,9,187,0.0,1.2306984656867206,0.13790312190282844,0.2744360902255639,1,stuck 3 s,0.0,0
stuck,3.0,kf,1022,14.100000000000065,0.3000000203357434,51,9,9,203,0.0,1.1140758972623617,0.01791788630174019,0.2553191489361702,1,stuck 3 s,0.0,0
stuck,3.0,kf,1023,13.300000000000054,0.30000029383201743,51,9,9,187,0.0,1.2673492306252738,0.12562121643599042,0.2706766917293233,1,stuck 3 s,0.0,0
stuck,3.0,kf,1024,13.300000000000054,0.30000029383201743,51,8,9,188,0.0,1.235246310861799,0.11037757999415568,0.2669172932330827,1,stuck 3 s,0.0,0
stuck,3.0,kf,1025,12.900000000000048,0.3000011169111525,51,9,9,179,0.0,0.8587479473155809,0.29344840944189804,0.27906976744186046,1,stuck 3 s,0.0,0
stuck,3.0,kf,1026,14.300000000000068,0.3000000104303835,51,9,9,207,0.0,1.1838201467693215,0.04732352306326098,0.2517482517482518,1,stuck 3 s,0.0,0
stuck,3.0,kf,1027,14.300000000000068,0.3000000104303835,51,9,9,207,0.0,1.1689133821229678,0.01477315241958103,0.2517482517482518,1,stuck 3 s,0.0,0
stuck,3.0,kf,1028,13.100000000000051,0.3000005728736853,51,9,9,183,0.0,0.8390811688011668,0.2711434837740722,0.2748091603053435,1,stuck 3 s,0.0,0
stuck,3.0,kf,1029,13.100000000000051,0.3000005728736853,51,9,9,183,0.0,0.7834858661966275,0.24455073753363324,0.2748091603053435,1,stuck 3 s,0.0,0
stuck,3.0,kf,1030,14.500000000000071,0.3000000053498363,51,9,9,211,0.0,1.1823200926077115,0.031751670823226,0.2482758620689655,1,stuck 3 s,0.0,0
stuck,3.0,kf,1031,13.70000000000006,0.3000000773000178,51,9,9,195,0.0,1.0084039336521966,0.09079925113560863,0.26277372262773724,1,stuck 3 s,0.0,0
stuck,3.0,kf,1032,13.300000000000054,0.30000029383201743,51,9,9,187,0.0,0.6441619038268603,0.18364707401297373,0.2706766917293233,1,stuck 3 s,0.0,0
stuck,3.0,kf,1033,13.100000000000051,0.3000005728736853,51,9,9,183,0.0,0.7905875771322443,0.2708893034461312,0.2748091603053435,1,stuck 3 s,0.0,0
stuck,3.0,kf,1034,13.100000000000051,0.3000005728736853,51,9,9,183,0.0,0.44135983011096,0.20902301984121469,0.2748091603053435,1,stuck 3 s,0.0,0
stuck,3.0,kf,1035,14.300000000000068,0.3000000104303835,51,9,9,207,0.0,1.1417908743007217,0.020667793547867196,0.2517482517482518,1,stuck 3 s,0.0,0
stuck,3.0,kf,1036,14.500000000000071,0.3000000053498363,51,9,9,211,0.0,1.1505996114253432,0.032704396396977496,0.2482758620689655,1,stuck 3 s,0.0,0
stuck,3.0,kf,1037,13.300000000000054,0.30000029383201743,51,9,9,187,0.0,1.2651138233925519,0.12624964834973385,0.2744360902255639,1,stuck 3 s,0.0,0
stuck,3.0,kf,1038,13.100000000000051,0.3000005728736853,51,8,9,184,0.0,1.22867682070252,0.13213429357096218,0.27099236641221375,1,stuck 3 s,0.0,0
stuck,3.0,kf,1039,13.100000000000051,0.3000005728736853,52,9,8,183,0.0,0.7286566523764155,0.258544339440952,0.2786259541984733,1,stuck 3 s,0.0,0
stuck,3.0,kf_fallback,1000,16.900000000000105,0.30000001482043764,51,0,9,268,0.0,0.26134821412545245,0.020087771408549743,0.1863905325443787,1,stuck 3 s,0.0,0
stuck,3.0,kf_fallback,1001,17.700000000000117,0.30000000272776517,51,9,9,275,0.0,0.30513778641754696,0.016514117596599535,0.2033898305084746,1,stuck 3 s,0.0,0
stuck,3.0,kf_fallback,1002,17.30000000000011,0.30000001027949463,51,7,9,269,0.0,0.3168747843557134,0.018693992621438203,0.2023121387283237,1,stuck 3 s,0.0,0
stuck,3.0,kf_fallback,1003,17.30000000000011,0.3000000135967743,51,9,9,267,0.0,0.3051907701739075,0.014921007940413919,0.20809248554913296,1,stuck 3 s,0.0,0
stuck,3.0,kf_fallback,1004,17.100000000000108,0.30000002033107037,51,7,9,265,0.0,0.2511412377187929,0.017126444253379683,0.2046783625730994,1,stuck 3 s,0.0,0
stuck,3.0,kf_fallback,1005,17.100000000000108,0.30000001778464974,51,6,9,266,0.0,0.26052829105995684,0.018505810129295516,0.20175438596491227,1,stuck 3 s,0.0,0
stuck,3.0,kf_fallback,1006,17.100000000000108,0.30000001352228156,51,4,9,268,0.0,0.2555917149787432,0.016646611722176265,0.195906432748538,1,stuck 3 s,0.0,0
stuck,3.0,kf_fallback,1007,17.30000000000011,0.3000000136163723,51,9,9,267,0.0,0.2713740608408515,0.01568001842454832,0.20809248554913296,1,stuck 3 s,0.0,0
stuck,3.0,kf_fallback,1008,17.30000000000011,0.3000000136030074,51,9,9,267,0.0,0.24598171668128166,0.017170861530231358,0.20809248554913296,1,stuck 3 s,0.0,0
stuck,3.0,kf_fallback,1009,16.900000000000105,0.300000015564208,51,0,9,268,0.0,0.28592385955016586,0.01531391938723843,0.1863905325443787,1,stuck 3 s,0.0,0
stuck,3.0,kf_fallback,1010,17.100000000000108,0.30000001191345155,51,3,9,269,0.0,0.276094573083656,0.017929725496287505,0.19298245614035087,1,stuck 3 s,0.0,0
stuck,3.0,kf_fallback,1011,16.900000000000105,0.3000000155103115,51,0,9,268,0.0,0.25196003010942997,0.019059602760042718,0.1863905325443787,1,stuck 3 s,0.0,0
stuck,3.0,kf_fallback,1012,17.100000000000108,0.3000000135459739,51,4,9,268,0.0,0.26506418853199043,0.017692996994207545,0.195906432748538,1,stuck 3 s,0.0,0
stuck,3.0,kf_fallback,1013,17.100000000000108,0.30000000000090965,51,9,9,263,0.0,0.27050303474791704,0.08814641584667914,0.21052631578947367,1,stuck 3 s,0.0,0
stuck,3.0,kf_fallback,1014,17.30000000000011,0.30000001017296796,51,7,9,269,0.0,0.2697601866201453,0.017188646672157172,0.2023121387283237,1,stuck 3 s,0.0,0
stuck,3.0,kf_fallback,1015,16.900000000000105,0.30000001543753807,51,0,9,268,0.0,0.26277163582468854,0.02044407971463269,0.1863905325443787,1,stuck 3 s,0.0,0
stuck,3.0,kf_fallback,1016,16.900000000000105,0.30000002318901753,51,3,9,265,0.0,0.2944251584474807,0.016039908944540455,0.19822485207100593,1,stuck 3 s,0.0,0
stuck,3.0,kf_fallback,1017,15.10000000000008,0.30000000072187355,51,9,9,223,0.0,0.30946901218959694,0.15392654647446083,0.23841059602649006,1,stuck 3 s,0.0,0
stuck,3.0,kf_fallback,1018,17.100000000000108,0.3000000080083476,51,1,9,271,0.0,0.2721452947497821,0.01636275798056337,0.1871345029239766,1,stuck 3 s,0.0,0
stuck,3.0,kf_fallback,1019,17.30000000000011,0.30000001358863315,51,9,9,267,0.0,0.24974301834584128,0.017292838094597463,0.20809248554913296,1,stuck 3 s,0.0,0
stuck,3.0,kf_fallback,1020,17.100000000000108,0.3000000081481282,51,1,9,271,0.0,0.2642298285341935,0.01680332278810175,0.1871345029239766,1,stuck 3 s,0.0,0
stuck,3.0,kf_fallback,1021,16.900000000000105,0.3000000154186772,51,0,9,268,0.0,0.25569675602380865,0.015458399566767608,0.1863905325443787,1,stuck 3 s,0.0,0
stuck,3.0,kf_fallback,1022,16.900000000000105,0.3000000177901994,51,1,9,267,0.0,0.23197081688961615,0.017486520051979943,0.1893491124260355,1,stuck 3 s,0.0,0
stuck,3.0,kf_fallback,1023,16.900000000000105,0.30000001545404137,51,0,9,268,0.0,0.27498467736143667,0.0174521715217601,0.1863905325443787,1,stuck 3 s,0.0,0
stuck,3.0,kf_fallback,1024,16.900000000000105,0.30000001548111704,51,0,9,268,0.0,0.26125304607207395,0.015669200966644627,0.1863905325443787,1,stuck 3 s,0.0,0
stuck,3.0,kf_fallback,1025,16.700000000000102,0.30000000000345767,51,0,9,264,0.0,0.27591105770698704,0.206893519798389,0.18862275449101795,1,stuck 3 s,0.0,0
stuck,3.0,kf_fallback,1026,16.900000000000105,0.3000000155517494,51,0,9,268,0.0,0.2741630580856055,0.01725416339923029,0.1893491124260355,1,stuck 3 s,0.0,0
stuck,3.0,kf_fallback,1027,17.30000000000011,0.30000001042680324,51,7,9,269,0.0,0.2576670785742866,0.01665117883669591,0.2023121387283237,1,stuck 3 s,0.0,0
stuck,3.0,kf_fallback,1028,16.700000000000102,0.30000000000345767,51,0,9,264,0.0,0.28710500659124977,0.19516161452434663,0.18862275449101795,1,stuck 3 s,0.0,0
stuck,3.0,kf_fallback,1029,16.5000000000001,0.30000000000674126,51,2,9,258,0.0,0.2742141645205142,0.1820157571647322,0.19696969696969696,1,stuck 3 s,0.0,0
stuck,3.0,kf_fallback,1030,17.30000000000011,0.30000001358367095,51,9,9,267,0.0,0.27044802817218444,0.017217325604695122,0.20809248554913296,1,stuck 3 s,0.0,0
stuck,3.0,kf_fallback,1031,18.100000000000122,0.3000000002873204,51,9,9,283,0.0,0.2819485175146361,0.015320060497315678,0.19889502762430938,1,stuck 3 s,0.0,0
stuck,3.0,kf_fallback,1032,15.700000000000088,0.300000000097405,51,9,9,235,0.0,0.28893576828563977,0.15626809675428444,0.23248407643312102,1,stuck 3 s,0.0,0
stuck,3.0,kf_fallback,1033,16.5000000000001,0.30000000000674126,51,1,9,259,0.0,0.27904764089332895,0.2000734930973355,0.19696969696969696,1,stuck 3 s,0.0,0
stuck,3.0,kf_fallback,1034,14.100000000000065,0.3000000203357434,51,8,9,204,0.0,0.29841039003035014,0.19350661067189096,0.25177304964539005,1,stuck 3 s,0.0,0
stuck,3.0,kf_fallback,1035,17.30000000000011,0.3000000135222784,51,9,9,267,0.0,0.2485338542732832,0.01621294755196121,0.21098265895953758,1,stuck 3 s,0.0,0
stuck,3.0,kf_fallback,1036,17.30000000000011,0.30000001354597144,51,9,9,267,0.0,0.2569235919807739,0.015064223233871857,0.20809248554913296,1,stuck 3 s,0.0,0
stuck,3.0,kf_fallback,1037,17.100000000000108,0.30000000793392245,51,0,9,272,0.0,0.26982024991269266,0.017583349351206486,0.18421052631578946,1,stuck 3 s,0.0,0
stuck,3.0,kf_fallback,1038,16.900000000000105,0.3000000154684817,51,0,9,268,0.0,0.2530008862481496,0.017535258354506075,0.1863905325443787,1,stuck 3 s,0.0,0
stuck,3.0,kf_fallback,1039,16.100000000000094,0.3000000000256249,52,0,8,252,0.0,0.2747015256747618,0.1988527178906262,0.19875776397515527,1,stuck 3 s,0.0,0
stuck,99.0,raw,2000,9.049999999999994,1.4999999900177894,0,0,72,107,0.0,2.8834604659672287,4.128797434437669,0.0,2,stuck den het,1.0,1
stuck,99.0,raw,2001,9.049999999999994,1.4999999900177894,0,0,85,94,0.0,4.339072015502358,5.075216487148823,0.0,2,stuck den het,1.0,1
stuck,99.0,raw,2002,9.049999999999994,1.4999999900177894,0,0,47,132,0.0,0.9339960792271546,2.2911486112478885,0.0,2,stuck den het,1.0,1
stuck,99.0,raw,2003,9.049999999999994,1.4999999900177894,0,0,95,84,0.0,5.658045601590947,5.845657897847749,0.0,2,stuck den het,1.0,1
stuck,99.0,raw,2004,9.049999999999994,1.4999999900177894,0,0,67,112,0.0,2.256164845474917,3.6333021380753765,0.0,2,stuck den het,1.0,1
stuck,99.0,raw,2005,9.049999999999994,1.4999999900177894,0,0,61,118,0.0,1.8952787602321137,3.3213126757640965,0.0,2,stuck den het,1.0,1
stuck,99.0,raw,2006,9.049999999999994,1.4999999900177894,0,0,49,130,0.0,1.05257055676454,2.450375260861756,0.0,2,stuck den het,1.0,1
stuck,99.0,raw,2007,9.049999999999994,1.4999999900177894,0,0,58,121,0.0,1.5852993387922096,3.024709724506953,0.0,2,stuck den het,1.0,1
stuck,99.0,raw,2008,9.049999999999994,1.4999999900177894,0,0,47,132,0.0,0.9291315973491315,2.2803428147967817,0.0,2,stuck den het,1.0,1
stuck,99.0,raw,2009,9.049999999999994,1.4999999900177894,0,0,102,77,0.0,6.551531063713185,6.31203052429264,0.0,2,stuck den het,1.0,1
stuck,99.0,raw,2010,9.049999999999994,1.4999999900177894,0,0,99,80,0.0,6.323537266577874,6.203834261674429,0.0,2,stuck den het,1.0,1
stuck,99.0,raw,2011,9.049999999999994,1.4999999900177894,0,0,59,120,0.0,1.686946465510007,3.1324062132561887,0.0,2,stuck den het,1.0,1
stuck,99.0,raw,2012,9.049999999999994,1.4999999900177894,0,0,99,80,0.0,6.0327711256911405,6.045042106247146,0.0,2,stuck den het,1.0,1
stuck,99.0,raw,2013,9.049999999999994,1.4999999900177894,0,0,97,82,0.0,5.837307298684163,5.939794042834772,0.0,2,stuck den het,1.0,1
stuck,99.0,raw,2014,9.049999999999994,1.4999999900177894,0,0,45,134,0.0,0.8647742898301045,2.2039538763185567,0.0,2,stuck den het,1.0,1
stuck,99.0,raw,2015,9.049999999999994,1.4999999900177894,0,0,78,101,0.0,3.4345473605177568,4.50186174113544,0.0,2,stuck den het,1.0,1
stuck,99.0,raw,2016,9.049999999999994,1.4999999900177894,0,0,41,138,0.0,0.6682976331543958,1.913847743567306,0.0,2,stuck den het,1.0,1
stuck,99.0,raw,2017,9.049999999999994,1.4999999900177894,0,0,43,136,0.0,0.7338216705573658,2.012613305237575,0.0,2,stuck den het,1.0,1
stuck,99.0,raw,2018,9.049999999999994,1.4999999900177894,0,0,80,99,0.0,3.754808389078628,4.709681779677659,0.0,2,stuck den het,1.0,1
stuck,99.0,raw,2019,9.049999999999994,1.4999999900177894,0,0,107,72,0.0,7.3361382981824805,6.711415620563217,0.0,2,stuck den het,1.0,1
stuck,99.0,raw,2020,9.049999999999994,1.4999999900177894,0,0,81,98,0.0,3.9834711220915904,4.86227958868569,0.0,2,stuck den het,1.0,1
stuck,99.0,raw,2021,9.049999999999994,1.4999999900177894,0,0,58,121,0.0,1.6228551951382353,3.062734293618353,0.0,2,stuck den het,1.0,1
stuck,99.0,raw,2022,9.049999999999994,1.4999999900177894,0,0,99,80,0.0,6.194436571803892,6.113804814065684,0.0,2,stuck den het,1.0,1
stuck,99.0,raw,2023,9.049999999999994,1.4999999900177894,0,0,111,68,0.0,7.5650444720813415,6.825685608528924,0.0,2,stuck den het,1.0,1
stuck,99.0,raw,2024,9.049999999999994,1.4999999900177894,0,0,64,115,0.0,2.1305991513979556,3.527681651912053,0.0,2,stuck den het,1.0,1
stuck,99.0,raw,2025,9.049999999999994,1.4999999900177894,0,0,39,140,0.0,0.5709311645067154,1.755997232785596,0.0,2,stuck den het,1.0,1
stuck,99.0,raw,2026,9.049999999999994,1.4999999900177894,0,0,104,75,0.0,6.802868190379265,6.456803676598485,0.0,2,stuck den het,1.0,1
stuck,99.0,raw,2027,9.049999999999994,1.4999999900177894,0,0,118,61,0.0,8.908053317084955,7.493738046029553,0.0,2,stuck den het,1.0,1
stuck,99.0,raw,2028,9.049999999999994,1.4999999900177894,0,0,88,91,0.0,4.628324338088305,5.25847884724359,0.0,2,stuck den het,1.0,1
stuck,99.0,raw,2029,9.049999999999994,1.4999999900177894,0,0,55,124,0.0,1.4109439126353525,2.8459059522274606,0.0,2,stuck den het,1.0,1
stuck,99.0,raw,2030,9.049999999999994,1.4999999900177894,0,0,87,92,0.0,4.455087565979863,5.153451413993098,0.0,2,stuck den het,1.0,1
stuck,99.0,raw,2031,9.049999999999994,1.4999999900177894,0,0,88,91,0.0,4.667559401579161,5.276190930293154,0.0,2,stuck den het,1.0,1
stuck,99.0,raw,2032,9.049999999999994,1.4999999900177894,0,0,77,102,0.0,3.389505227170892,4.473929815507691,0.0,2,stuck den het,1.0,1
stuck,99.0,raw,2033,9.049999999999994,1.4999999900177894,0,0,112,67,0.0,7.882705498216023,7.000382149258217,0.0,2,stuck den het,1.0,1
stuck,99.0,raw,2034,9.049999999999994,1.4999999900177894,0,0,114,65,0.0,8.03220899015334,7.06763430773721,0.0,2,stuck den het,1.0,1
stuck,99.0,raw,2035,9.049999999999994,1.4999999900177894,0,0,105,74,0.0,6.886991535271993,6.478387706210287,0.0,2,stuck den het,1.0,1
stuck,99.0,raw,2036,9.049999999999994,1.4999999900177894,0,0,41,138,0.0,0.6600064013494183,1.9052382058045827,0.0,2,stuck den het,1.0,1
stuck,99.0,raw,2037,9.049999999999994,1.4999999900177894,0,0,47,132,0.0,0.8960872301690824,2.2420567666365745,0.0,2,stuck den het,1.0,1
stuck,99.0,raw,2038,9.049999999999994,1.4999999900177894,0,0,66,113,0.0,2.2792428486645435,3.656096694755001,0.0,2,stuck den het,1.0,1
stuck,99.0,raw,2039,9.049999999999994,1.4999999900177894,0,0,69,110,0.0,2.487108585711251,3.8294494658190197,0.0,2,stuck den het,1.0,1
stuck,99.0,median,2000,9.049999999999994,1.4999999900177894,0,0,72,107,0.0,2.8834604659672287,4.128797434437669,0.0,2,stuck den het,1.0,1
stuck,99.0,median,2001,9.049999999999994,1.4999999900177894,0,0,85,94,0.0,4.339072015502358,5.075216487148823,0.0,2,stuck den het,1.0,1
stuck,99.0,median,2002,9.049999999999994,1.4999999900177894,0,0,47,132,0.0,0.9339960792271546,2.2911486112478885,0.0,2,stuck den het,1.0,1
stuck,99.0,median,2003,9.049999999999994,1.4999999900177894,0,0,95,84,0.0,5.658045601590947,5.845657897847749,0.0,2,stuck den het,1.0,1
stuck,99.0,median,2004,9.049999999999994,1.4999999900177894,0,0,67,112,0.0,2.256164845474917,3.6333021380753765,0.0,2,stuck den het,1.0,1
stuck,99.0,median,2005,9.049999999999994,1.4999999900177894,0,0,61,118,0.0,1.8952787602321137,3.3213126757640965,0.0,2,stuck den het,1.0,1
stuck,99.0,median,2006,9.049999999999994,1.4999999900177894,0,0,49,130,0.0,1.05257055676454,2.450375260861756,0.0,2,stuck den het,1.0,1
stuck,99.0,median,2007,9.049999999999994,1.4999999900177894,0,0,58,121,0.0,1.5852993387922096,3.024709724506953,0.0,2,stuck den het,1.0,1
stuck,99.0,median,2008,9.049999999999994,1.4999999900177894,0,0,47,132,0.0,0.9291315973491315,2.2803428147967817,0.0,2,stuck den het,1.0,1
stuck,99.0,median,2009,9.049999999999994,1.4999999900177894,0,0,102,77,0.0,6.551531063713185,6.31203052429264,0.0,2,stuck den het,1.0,1
stuck,99.0,median,2010,9.049999999999994,1.4999999900177894,0,0,99,80,0.0,6.323537266577874,6.203834261674429,0.0,2,stuck den het,1.0,1
stuck,99.0,median,2011,9.049999999999994,1.4999999900177894,0,0,59,120,0.0,1.686946465510007,3.1324062132561887,0.0,2,stuck den het,1.0,1
stuck,99.0,median,2012,9.049999999999994,1.4999999900177894,0,0,99,80,0.0,6.0327711256911405,6.045042106247146,0.0,2,stuck den het,1.0,1
stuck,99.0,median,2013,9.049999999999994,1.4999999900177894,0,0,97,82,0.0,5.837307298684163,5.939794042834772,0.0,2,stuck den het,1.0,1
stuck,99.0,median,2014,9.049999999999994,1.4999999900177894,0,0,45,134,0.0,0.8647742898301045,2.2039538763185567,0.0,2,stuck den het,1.0,1
stuck,99.0,median,2015,9.049999999999994,1.4999999900177894,0,0,78,101,0.0,3.4345473605177568,4.50186174113544,0.0,2,stuck den het,1.0,1
stuck,99.0,median,2016,9.049999999999994,1.4999999900177894,0,0,41,138,0.0,0.6682976331543958,1.913847743567306,0.0,2,stuck den het,1.0,1
stuck,99.0,median,2017,9.049999999999994,1.4999999900177894,0,0,43,136,0.0,0.7338216705573658,2.012613305237575,0.0,2,stuck den het,1.0,1
stuck,99.0,median,2018,9.049999999999994,1.4999999900177894,0,0,80,99,0.0,3.754808389078628,4.709681779677659,0.0,2,stuck den het,1.0,1
stuck,99.0,median,2019,9.049999999999994,1.4999999900177894,0,0,107,72,0.0,7.3361382981824805,6.711415620563217,0.0,2,stuck den het,1.0,1
stuck,99.0,median,2020,9.049999999999994,1.4999999900177894,0,0,81,98,0.0,3.9834711220915904,4.86227958868569,0.0,2,stuck den het,1.0,1
stuck,99.0,median,2021,9.049999999999994,1.4999999900177894,0,0,58,121,0.0,1.6228551951382353,3.062734293618353,0.0,2,stuck den het,1.0,1
stuck,99.0,median,2022,9.049999999999994,1.4999999900177894,0,0,99,80,0.0,6.194436571803892,6.113804814065684,0.0,2,stuck den het,1.0,1
stuck,99.0,median,2023,9.049999999999994,1.4999999900177894,0,0,111,68,0.0,7.5650444720813415,6.825685608528924,0.0,2,stuck den het,1.0,1
stuck,99.0,median,2024,9.049999999999994,1.4999999900177894,0,0,64,115,0.0,2.1305991513979556,3.527681651912053,0.0,2,stuck den het,1.0,1
stuck,99.0,median,2025,9.049999999999994,1.4999999900177894,0,0,39,140,0.0,0.5709311645067154,1.7562288563516442,0.0,2,stuck den het,1.0,1
stuck,99.0,median,2026,9.049999999999994,1.4999999900177894,0,0,104,75,0.0,6.802868190379265,6.456803676598485,0.0,2,stuck den het,1.0,1
stuck,99.0,median,2027,9.049999999999994,1.4999999900177894,0,0,118,61,0.0,8.908053317084955,7.493738046029553,0.0,2,stuck den het,1.0,1
stuck,99.0,median,2028,9.049999999999994,1.4999999900177894,0,0,88,91,0.0,4.628324338088305,5.25847884724359,0.0,2,stuck den het,1.0,1
stuck,99.0,median,2029,9.049999999999994,1.4999999900177894,0,0,55,124,0.0,1.4109439126353525,2.8459059522274606,0.0,2,stuck den het,1.0,1
stuck,99.0,median,2030,9.049999999999994,1.4999999900177894,0,0,87,92,0.0,4.455087565979863,5.153451413993098,0.0,2,stuck den het,1.0,1
stuck,99.0,median,2031,9.049999999999994,1.4999999900177894,0,0,88,91,0.0,4.667559401579161,5.276190930293154,0.0,2,stuck den het,1.0,1
stuck,99.0,median,2032,9.049999999999994,1.4999999900177894,0,0,77,102,0.0,3.389505227170892,4.473929815507691,0.0,2,stuck den het,1.0,1
stuck,99.0,median,2033,9.049999999999994,1.4999999900177894,0,0,112,67,0.0,7.882705498216023,7.000382149258217,0.0,2,stuck den het,1.0,1
stuck,99.0,median,2034,9.049999999999994,1.4999999900177894,0,0,114,65,0.0,8.03220899015334,7.06763430773721,0.0,2,stuck den het,1.0,1
stuck,99.0,median,2035,9.049999999999994,1.4999999900177894,0,0,105,74,0.0,6.886991535271993,6.478387706210287,0.0,2,stuck den het,1.0,1
stuck,99.0,median,2036,9.049999999999994,1.4999999900177894,0,0,41,138,0.0,0.6600064013494183,1.9052382058045827,0.0,2,stuck den het,1.0,1
stuck,99.0,median,2037,9.049999999999994,1.4999999900177894,0,0,47,132,0.0,0.8960872301690824,2.2420567666365745,0.0,2,stuck den het,1.0,1
stuck,99.0,median,2038,9.049999999999994,1.4999999900177894,0,0,66,113,0.0,2.2792428486645435,3.656096694755001,0.0,2,stuck den het,1.0,1
stuck,99.0,median,2039,9.049999999999994,1.4999999900177894,0,0,69,110,0.0,2.487108585711251,3.8294494658190197,0.0,2,stuck den het,1.0,1
stuck,99.0,mad,2000,9.049999999999994,1.4999999900177894,0,5,72,102,0.0,2.8834604659672287,4.128797434437669,0.0,2,stuck den het,1.0,1
stuck,99.0,mad,2001,9.049999999999994,1.4999999900177894,0,2,85,92,0.0,4.339072015502358,5.075216487148823,0.0,2,stuck den het,1.0,1
stuck,99.0,mad,2002,9.049999999999994,1.4999999900177894,0,2,47,130,0.0,0.9339960792271546,2.2911486112478885,0.0,2,stuck den het,1.0,1
stuck,99.0,mad,2003,9.049999999999994,1.4999999900177894,0,3,95,81,0.0,5.658045601590947,5.845657897847749,0.0,2,stuck den het,1.0,1
stuck,99.0,mad,2004,9.049999999999994,1.4999999900177894,0,1,67,111,0.0,2.256164845474917,3.6333021380753765,0.0,2,stuck den het,1.0,1
stuck,99.0,mad,2005,9.049999999999994,1.4999999900177894,0,1,61,117,0.0,1.8952787602321137,3.3213126757640965,0.0,2,stuck den het,1.0,1
stuck,99.0,mad,2006,9.049999999999994,1.4999999900177894,0,3,49,127,0.0,1.05257055676454,2.450375260861756,0.0,2,stuck den het,1.0,1
stuck,99.0,mad,2007,9.049999999999994,1.4999999900177894,0,2,58,119,0.0,1.5852993387922096,3.024709724506953,0.0,2,stuck den het,1.0,1
stuck,99.0,mad,2008,9.049999999999994,1.4999999900177894,0,3,47,129,0.0,0.9291315973491315,2.2803428147967817,0.0,2,stuck den het,1.0,1
stuck,99.0,mad,2009,9.049999999999994,1.4999999900177894,0,2,102,75,0.0,6.551531063713185,6.31203052429264,0.0,2,stuck den het,1.0,1
stuck,99.0,mad,2010,9.049999999999994,1.4999999900177894,0,5,99,75,0.0,6.323537266577874,6.203834261674429,0.0,2,stuck den het,1.0,1
stuck,99.0,mad,2011,9.049999999999994,1.4999999900177894,0,2,59,118,0.0,1.686946465510007,3.1324062132561887,0.0,2,stuck den het,1.0,1
stuck,99.0,mad,2012,9.049999999999994,1.4999999900177894,0,2,99,78,0.0,6.0327711256911405,6.045042106247146,0.0,2,stuck den het,1.0,1
stuck,99.0,mad,2013,9.049999999999994,1.4999999900177894,0,0,97,82,0.0,5.837307298684163,5.939794042834772,0.0,2,stuck den het,1.0,1
stuck,99.0,mad,2014,9.049999999999994,1.4999999900177894,0,4,45,130,0.0,0.8647742898301045,2.2039538763185567,0.0,2,stuck den het,1.0,1
stuck,99.0,mad,2015,9.049999999999994,1.4999999900177894,0,0,78,101,0.0,3.4345473605177568,4.50186174113544,0.0,2,stuck den het,1.0,1
stuck,99.0,mad,2016,9.049999999999994,1.4999999900177894,0,0,41,138,0.0,0.6682976331543958,1.913847743567306,0.0,2,stuck den het,1.0,1
stuck,99.0,mad,2017,9.049999999999994,1.4999999900177894,0,3,43,133,0.0,0.7338216705573658,2.012613305237575,0.0,2,stuck den het,1.0,1
stuck,99.0,mad,2018,9.049999999999994,1.4999999900177894,0,6,80,93,0.0,3.754808389078628,4.709681779677659,0.0,2,stuck den het,1.0,1
stuck,99.0,mad,2019,9.049999999999994,1.4999999900177894,0,2,107,70,0.0,7.3361382981824805,6.711415620563217,0.0,2,stuck den het,1.0,1
stuck,99.0,mad,2020,9.049999999999994,1.4999999900177894,0,3,81,95,0.0,3.9834711220915904,4.86227958868569,0.0,2,stuck den het,1.0,1
stuck,99.0,mad,2021,9.049999999999994,1.4999999900177894,0,4,58,117,0.0,1.6228551951382353,3.062734293618353,0.0,2,stuck den het,1.0,1
stuck,99.0,mad,2022,9.049999999999994,1.4999999900177894,0,2,99,78,0.0,6.194436571803892,6.113804814065684,0.0,2,stuck den het,1.0,1
stuck,99.0,mad,2023,9.049999999999994,1.4999999900177894,0,1,111,67,0.0,7.5650444720813415,6.825685608528924,0.0,2,stuck den het,1.0,1
stuck,99.0,mad,2024,9.049999999999994,1.4999999900177894,0,1,64,114,0.0,2.1305991513979556,3.527681651912053,0.0,2,stuck den het,1.0,1
stuck,99.0,mad,2025,9.049999999999994,1.4999999900177894,0,5,39,135,0.0,0.5709311645067154,1.755997232785596,0.0,2,stuck den het,1.0,1
stuck,99.0,mad,2026,9.049999999999994,1.4999999900177894,0,7,104,68,0.0,6.802868190379265,6.456803676598485,0.0,2,stuck den het,1.0,1
stuck,99.0,mad,2027,9.049999999999994,1.4999999900177894,0,1,118,60,0.0,8.908053317084955,7.493738046029553,0.0,2,stuck den het,1.0,1
stuck,99.0,mad,2028,9.049999999999994,1.4999999900177894,0,4,88,87,0.0,4.628324338088305,5.25847884724359,0.0,2,stuck den het,1.0,1
stuck,99.0,mad,2029,9.049999999999994,1.4999999900177894,0,2,55,122,0.0,1.4109439126353525,2.8459059522274606,0.0,2,stuck den het,1.0,1
stuck,99.0,mad,2030,9.049999999999994,1.4999999900177894,0,3,87,89,0.0,4.455087565979863,5.153451413993098,0.0,2,stuck den het,1.0,1
stuck,99.0,mad,2031,9.049999999999994,1.4999999900177894,0,4,88,87,0.0,4.667559401579161,5.276190930293154,0.0,2,stuck den het,1.0,1
stuck,99.0,mad,2032,9.049999999999994,1.4999999900177894,0,1,77,101,0.0,3.389505227170892,4.473929815507691,0.0,2,stuck den het,1.0,1
stuck,99.0,mad,2033,9.049999999999994,1.4999999900177894,0,1,112,66,0.0,7.882705498216023,7.000382149258217,0.0,2,stuck den het,1.0,1
stuck,99.0,mad,2034,9.049999999999994,1.4999999900177894,0,1,114,64,0.0,8.03220899015334,7.06763430773721,0.0,2,stuck den het,1.0,1
stuck,99.0,mad,2035,9.049999999999994,1.4999999900177894,0,0,105,74,0.0,6.886991535271993,6.478387706210287,0.0,2,stuck den het,1.0,1
stuck,99.0,mad,2036,9.049999999999994,1.4999999900177894,0,1,41,137,0.0,0.6600064013494183,1.9052382058045827,0.0,2,stuck den het,1.0,1
stuck,99.0,mad,2037,9.049999999999994,1.4999999900177894,0,1,47,131,0.0,0.8960872301690824,2.2420567666365745,0.0,2,stuck den het,1.0,1
stuck,99.0,mad,2038,9.049999999999994,1.4999999900177894,0,3,66,110,0.0,2.2792428486645435,3.656096694755001,0.0,2,stuck den het,1.0,1
stuck,99.0,mad,2039,9.049999999999994,1.4999999900177894,0,3,69,107,0.0,2.487108585711251,3.8294494658190197,0.0,2,stuck den het,1.0,1
stuck,99.0,kf,2000,13.70000000000006,0.3000000773000178,148,0,9,107,0.0,4.7382626055893695,0.09096433479377583,0.5766423357664233,2,stuck den het,0.0,0
stuck,99.0,kf,2001,14.300000000000068,0.3000000104303835,173,0,9,94,0.0,6.463791854596617,0.2300324586913779,0.6398601398601399,2,stuck den het,0.0,0
stuck,99.0,kf,2002,13.300000000000054,0.30000029383201743,115,0,9,132,0.0,1.8652122690656399,0.19386628829590208,0.4699248120300752,2,stuck den het,0.0,0
stuck,99.0,kf,2003,13.900000000000063,0.30000003964786687,175,0,9,84,0.0,8.15037871370495,0.05683582724183239,0.6654676258992805,2,stuck den het,0.0,0
stuck,99.0,kf,2004,13.70000000000006,0.3000000773000178,143,0,9,112,0.0,3.86587140852811,0.09094683810153882,0.5583941605839416,2,stuck den het,0.0,0
stuck,99.0,kf,2005,13.70000000000006,0.3000000773000178,137,0,9,118,0.0,3.341052415218617,0.22794635864752613,0.5364963503649635,2,stuck den het,0.0,0
stuck,99.0,kf,2006,13.300000000000054,0.30000029383201743,117,0,9,130,0.0,2.0663169543753237,0.19004769249881492,0.4774436090225564,2,stuck den het,0.0,0
stuck,99.0,kf,2007,13.500000000000057,0.3000001507090587,130,0,9,121,0.0,2.9008416683417613,0.27016764793922643,0.5185185185185185,2,stuck den het,0.0,0
stuck,99.0,kf,2008,13.300000000000054,0.30000029383201743,115,0,9,132,0.0,1.8572447565425645,0.17077122501409947,0.4699248120300752,2,stuck den het,0.0,0
stuck,99.0,kf,2009,13.300000000000054,0.30000029383201743,170,0,9,77,0.0,9.349807339935227,0.2664919354755153,0.6766917293233082,2,stuck den het,0.0,0
stuck,99.0,kf,2010,14.100000000000065,0.3000000203357434,183,0,9,80,0.0,8.845273868724966,0.14631426979191542,0.6843971631205674,2,stuck den het,0.0,0
stuck,99.0,kf,2011,13.70000000000006,0.3000000773000178,135,0,9,120,0.0,3.0292725316737803,0.22772573177530359,0.5291970802919708,2,stuck den het,0.0,0
stuck,99.0,kf,2012,13.100000000000051,0.3000005728736853,163,0,9,80,0.0,8.79686122943898,0.3834929903643494,0.6603053435114504,2,stuck den het,0.0,0
stuck,99.0,kf,2013,13.300000000000054,0.30000029383201743,166,0,8,82,0.0,8.52368640964754,0.3187142510158462,0.6616541353383458,2,stuck den het,0.0,0
stuck,99.0,kf,2014,13.100000000000051,0.3000005728736853,109,0,9,134,0.0,1.7614542306237417,0.2572811759564135,0.4541984732824427,2,stuck den het,0.0,0
stuck,99.0,kf,2015,13.900000000000063,0.30000003964786687,158,0,9,101,0.0,5.428682166731657,0.10439044208720276,0.60431654676259,2,stuck den het,0.0,0
stuck,99.0,kf,2016,12.900000000000048,0.3000011169111525,101,0,9,138,0.0,1.4232311672920022,0.37510247292911886,0.43023255813953487,2,stuck den het,0.0,0
stuck,99.0,kf,2017,12.900000000000048,0.3000011169111525,103,0,9,136,0.0,1.5426721290565877,0.3656189277472994,0.437984496124031,2,stuck den het,0.0,0
stuck,99.0,kf,2018,13.100000000000051,0.3000005728736853,144,0,9,99,0.0,5.998130094413533,0.3388262595272787,0.5877862595419847,2,stuck den het,0.0,0
stuck,99.0,kf,2019,13.500000000000057,0.3000001507090587,179,0,9,72,0.0,10.174737097389876,0.2504724661551885,0.7,2,stuck den het,0.0,0
stuck,99.0,kf,2020,14.100000000000065,0.3000000203357434,165,0,9,98,0.0,6.079793978502533,0.17252807419139324,0.6205673758865248,2,stuck den het,0.0,0
stuck,99.0,kf,2021,13.100000000000051,0.3000005728736853,122,0,9,121,0.0,3.0038489889945232,0.406774887366553,0.5038167938931297,2,stuck den het,0.0,0
stuck,99.0,kf,2022,13.500000000000057,0.3000001507090587,171,0,9,80,0.0,8.887132853671389,0.2640999765427094,0.6703703703703704,2,stuck den het,0.0,0
stuck,99.0,kf,2023,14.300000000000068,0.3000000104303835,199,0,9,68,0.0,10.128847702233431,0.08957738102317088,0.7307692307692307,2,stuck den het,0.0,0
stuck,99.0,kf,2024,13.500000000000057,0.3000001507090587,136,0,9,115,0.0,3.715984511437027,0.13832465858224574,0.5407407407407407,2,stuck den het,0.0,0
stuck,99.0,kf,2025,13.100000000000051,0.3000005728736853,103,0,9,140,0.0,1.227514081337989,0.2535685092914336,0.4312977099236641,2,stuck den het,0.0,0
stuck,99.0,kf,2026,14.300000000000068,0.3000000104303835,192,0,9,75,0.0,9.303860613693866,0.14351645749390027,0.7062937062937062,2,stuck den het,0.0,0
stuck,99.0,kf,2027,14.700000000000074,0.3000000027439785,214,0,9,61,0.0,11.339179839900847,0.25998345619859425,0.7619047619047619,2,stuck den het,0.0,0
stuck,99.0,kf,2028,13.100000000000051,0.3000005728736853,152,0,9,91,0.0,7.106233300761495,0.4041453466109177,0.6183206106870229,2,stuck den het,0.0,0
stuck,99.0,kf,2029,13.300000000000054,0.30000029383201743,123,0,9,124,0.0,2.6504999737960135,0.2516481776801303,0.5,2,stuck den het,0.0,0
stuck,99.0,kf,2030,13.900000000000063,0.30000003964786687,167,0,9,92,0.0,6.71529536496278,0.06364078781154486,0.6366906474820144,2,stuck den het,0.0,0
stuck,99.0,kf,2031,13.500000000000057,0.3000001507090587,160,0,9,91,0.0,7.074633131874358,0.19732184441861686,0.6296296296296297,2,stuck den het,0.0,0
stuck,99.0,kf,2032,13.70000000000006,0.3000000773000178,153,0,9,102,0.0,5.4124275955348855,0.17085922341699475,0.5948905109489051,2,stuck den het,0.0,0
stuck,99.0,kf,2033,13.900000000000063,0.30000003964786687,192,0,9,67,0.0,10.62992436304171,0.061187498794341405,0.7266187050359713,2,stuck den het,0.0,0
stuck,99.0,kf,2034,14.300000000000068,0.3000000104303835,202,0,9,65,0.0,10.624204995783275,0.04639903130713579,0.7412587412587412,2,stuck den het,0.0,0
stuck,99.0,kf,2035,13.70000000000006,0.3000000773000178,181,0,9,74,0.0,9.611949085502069,0.14265558005957,0.6970802919708029,2,stuck den het,0.0,0
stuck,99.0,kf,2036,12.900000000000048,0.3000011169111525,101,0,9,138,0.0,1.4078567085535074,0.29431368558065396,0.43023255813953487,2,stuck den het,0.0,0
stuck,99.0,kf,2037,13.300000000000054,0.30000029383201743,115,0,9,132,0.0,1.7998128954589514,0.23209652339684297,0.4699248120300752,2,stuck den het,0.0,0
stuck,99.0,kf,2038,13.70000000000006,0.3000000773000178,143,0,8,113,0.0,3.898426721848711,0.0811717053598723,0.5583941605839416,2,stuck den het,0.0,0
stuck,99.0,kf,2039,13.70000000000006,0.3000000773000178,145,0,9,110,0.0,4.1927220387285615,0.10582064537596592,0.5656934306569343,2,stuck den het,0.0,0
stuck,99.0,kf_fallback,2000,20.500000000000156,0.30000000000000016,284,0,9,107,0.0,3.3742363716654946,0.06480980331018661,0.7170731707317073,2,stuck den het,0.0,0
stuck,99.0,kf_fallback,2001,23.100000000000193,0.30000000000000016,349,0,9,94,0.0,4.375118182648061,0.32646344005882594,0.7770562770562771,2,stuck den het,0.0,0
stuck,99.0,kf_fallback,2002,15.500000000000085,0.3000000001899072,159,0,9,132,0.0,1.6347154258072316,0.20539429092395486,0.5451612903225806,2,stuck den het,0.0,0
stuck,99.0,kf_fallback,2003,25.10000000000022,0.30000000000000016,399,0,9,84,0.0,5.202358019259049,0.1116868300751699,0.8147410358565738,2,stuck den het,0.0,0
stuck,99.0,kf_fallback,2004,19.500000000000142,0.30000000000000027,259,0,9,112,0.0,2.8576254129669842,0.04677907424339177,0.6897435897435897,2,stuck den het,0.0,0
stuck,99.0,kf_fallback,2005,18.300000000000125,0.3000000000000165,229,0,9,118,0.0,2.59137770276056,0.3014873349962642,0.6530054644808743,2,stuck den het,0.0,0
stuck,99.0,kf_fallback,2006,15.900000000000091,0.3000000000499599,169,0,9,130,0.0,1.7715580212583473,0.18565316562575318,0.5628930817610063,2,stuck den het,0.0,0
stuck,99.0,kf_fallback,2007,17.700000000000117,0.30000000000012267,214,0,9,121,0.0,2.2910819530153335,0.24025099411931947,0.632768361581921,2,stuck den het,0.0,0
stuck,99.0,kf_fallback,2008,15.500000000000085,0.3000000001899072,159,0,9,132,0.0,1.627589264832133,0.1672118686158732,0.5451612903225806,2,stuck den het,0.0,0
stuck,99.0,kf_fallback,2009,26.50000000000024,0.30000000000000016,434,0,9,77,0.0,5.741544107954046,0.22245673382391357,0.8377358490566038,2,stuck den het,0.0,0
stuck,99.0,kf_fallback,2010,25.900000000000233,0.30000000000000016,419,0,9,80,0.0,5.602950037168336,0.23831400269322564,0.8281853281853282,2,stuck den het,0.0,0
stuck,99.0,kf_fallback,2011,17.90000000000012,0.30000000000006294,219,0,9,120,0.0,2.392065542697548,0.2879557207058244,0.6396648044692738,2,stuck den het,0.0,0
stuck,99.0,kf_fallback,2012,25.900000000000233,0.30000000000000016,419,0,9,80,0.0,5.430010207487035,0.3973003907147231,0.8281853281853282,2,stuck den het,0.0,0
stuck,99.0,kf_fallback,2013,25.70000000000023,0.30000000000000016,414,0,8,82,0.0,5.310839929469344,0.3235421999684905,0.8249027237354085,2,stuck den het,0.0,0
stuck,99.0,kf_fallback,2014,15.10000000000008,0.30000000072187355,149,0,9,134,0.0,1.5660044430468998,0.22346520393412997,0.5264900662251656,2,stuck den het,0.0,0
stuck,99.0,kf_fallback,2015,21.700000000000173,0.30000000000000016,314,0,9,101,0.0,3.756673804756829,0.14375891578397595,0.7465437788018433,2,stuck den het,0.0,0
stuck,99.0,kf_fallback,2016,14.300000000000068,0.3000000104303835,129,0,9,138,0.0,1.3131924591504285,0.35765973754364705,0.486013986013986,2,stuck den het,0.0,0
stuck,99.0,kf_fallback,2017,14.700000000000074,0.3000000027439785,139,0,9,136,0.0,1.3898391070187144,0.3490487122571631,0.5068027210884354,2,stuck den het,0.0,0
stuck,99.0,kf_fallback,2018,22.10000000000018,0.30000000000000016,324,0,9,99,0.0,3.9898638723824735,0.32675224901774674,0.755656108597285,2,stuck den het,0.0,0
stuck,99.0,kf_fallback,2019,27.500000000000256,0.30000000000000016,459,0,9,72,0.0,6.205946190877303,0.2421976381294049,0.8527272727272728,2,stuck den het,0.0,0
stuck,99.0,kf_fallback,2020,22.300000000000182,0.30000000000000016,329,0,9,98,0.0,4.1570187625146495,0.26541190759583055,0.7600896860986547,2,stuck den het,0.0,0
stuck,99.0,kf_fallback,2021,17.700000000000117,0.30000000000012267,214,0,9,121,0.0,2.3366010379801514,0.3939098637961,0.632768361581921,2,stuck den het,0.0,0
stuck,99.0,kf_fallback,2022,25.900000000000233,0.30000000000000016,419,0,9,80,0.0,5.5261203309002465,0.2352193899494109,0.8281853281853282,2,stuck den het,0.0,0
stuck,99.0,kf_fallback,2023,28.300000000000267,0.30000000000000016,479,0,9,68,0.0,6.374292677010729,0.1540516041796419,0.8639575971731449,2,stuck den het,0.0,0
stuck,99.0,kf_fallback,2024,18.900000000000134,0.30000000000000215,244,0,9,115,0.0,2.7867383502138905,0.07691730517967142,0.671957671957672,2,stuck den het,0.0,0
stuck,99.0,kf_fallback,2025,13.900000000000063,0.30000003964786687,119,0,9,140,0.0,1.1703890157459902,0.24163234890800225,0.46402877697841727,2,stuck den het,0.0,0
stuck,99.0,kf_fallback,2026,26.900000000000247,0.30000000000000016,444,0,9,75,0.0,5.893668668846262,0.21605364592529386,0.8438661710037175,2,stuck den het,0.0,0
stuck,99.0,kf_fallback,2027,29.700000000000287,0.30000000000000016,514,0,9,61,0.0,7.150229145196766,0.34791908985606723,0.8821548821548821,2,stuck den het,0.0,0
stuck,99.0,kf_fallback,2028,23.700000000000202,0.30000000000000016,364,0,9,91,0.0,4.5551111497795205,0.3937251117335821,0.7890295358649789,2,stuck den het,0.0,0
stuck,99.0,kf_fallback,2029,17.100000000000108,0.30000000000090965,199,0,9,124,0.0,2.135907625103523,0.22070787548186838,0.6111111111111112,2,stuck den het,0.0,0
stuck,99.0,kf_fallback,2030,23.5000000000002,0.30000000000000016,359,0,9,92,0.0,4.439799338370912,0.02815410286630655,0.7851063829787234,2,stuck den het,0.0,0
stuck,99.0,kf_fallback,2031,23.700000000000202,0.30000000000000016,364,0,9,91,0.0,4.582932282533496,0.14866281588768215,0.7890295358649789,2,stuck den het,0.0,0
stuck,99.0,kf_fallback,2032,21.50000000000017,0.30000000000000016,309,0,9,102,0.0,3.7342451130316308,0.1402551217173233,0.7418604651162791,2,stuck den het,0.0,0
stuck,99.0,kf_fallback,2033,28.50000000000027,0.30000000000000016,484,0,9,67,0.0,6.548652186797265,0.02148413994848802,0.8666666666666667,2,stuck den het,0.0,0
stuck,99.0,kf_fallback,2034,28.900000000000276,0.30000000000000016,494,0,9,65,0.0,6.656826895506049,0.07143415310396689,0.8719723183391004,2,stuck den het,0.0,0
stuck,99.0,kf_fallback,2035,27.10000000000025,0.30000000000000016,449,0,9,74,0.0,5.947264322348919,0.0698216683397829,0.8468634686346863,2,stuck den het,0.0,0
stuck,99.0,kf_fallback,2036,14.300000000000068,0.3000000104303835,129,0,9,138,0.0,1.2986606266451424,0.27031428513076694,0.486013986013986,2,stuck den het,0.0,0
stuck,99.0,kf_fallback,2037,15.500000000000085,0.3000000001899072,159,0,9,132,0.0,1.5761969528735738,0.20688929115360213,0.5451612903225806,2,stuck den het,0.0,0
stuck,99.0,kf_fallback,2038,19.500000000000142,0.30000000000000027,259,0,8,113,0.0,2.8810603087074282,0.06990257740613653,0.6897435897435897,2,stuck den het,0.0,0
stuck,99.0,kf_fallback,2039,19.900000000000148,0.30000000000000016,269,0,9,110,0.0,3.052468358652863,0.1300836738138187,0.7010050251256281,2,stuck den het,0.0,0
bias,0.3,raw,0,13.500000000000057,0.3000001507090587,0,0,149,111,0.0,0.023184908611657715,0.29882206322328464,0.0,0,bias +0.3 m,0.0,0
bias,0.3,raw,1,13.500000000000057,0.3000001507090587,0,0,159,101,0.0,0.022906675823046965,0.29744251862247584,0.0,0,bias +0.3 m,0.0,0
bias,0.3,raw,2,13.500000000000057,0.3000001507090587,0,0,179,81,0.0,0.020478140074712905,0.29834262334907197,0.0,0,bias +0.3 m,0.0,0
bias,0.3,raw,3,13.300000000000054,0.30000029383201743,0,0,189,67,0.0,0.02016924108865967,0.3025423391797398,0.0,0,bias +0.3 m,0.0,0
bias,0.3,raw,4,13.300000000000054,0.30000029383201743,0,0,120,136,0.0,0.024908579179395682,0.3043660955202484,0.0,0,bias +0.3 m,0.0,0
bias,0.3,raw,5,13.500000000000057,0.3000001507090587,0,0,135,125,0.0,0.0264024361837305,0.30313173571210633,0.0,0,bias +0.3 m,0.0,0
bias,0.3,raw,6,13.300000000000054,0.30000029383201743,0,0,152,104,0.0,0.023428139317791953,0.3036564932388813,0.0,0,bias +0.3 m,0.0,0
bias,0.3,raw,7,13.500000000000057,0.3000001507090587,0,0,149,111,0.0,0.024220956608710556,0.2971058609357378,0.0,0,bias +0.3 m,0.0,0
bias,0.3,raw,8,13.300000000000054,0.30000029383201743,0,0,169,87,0.0,0.02163558655328569,0.30085584341768606,0.0,0,bias +0.3 m,0.0,0
bias,0.3,raw,9,13.500000000000057,0.3000001507090587,0,0,130,130,0.0,0.024698446146904505,0.30112112793620044,0.0,0,bias +0.3 m,0.0,0
bias,0.3,raw,10,13.500000000000057,0.3000001507090587,0,0,123,137,0.0,0.02492006966213504,0.2951231926644135,0.0,0,bias +0.3 m,0.0,0
bias,0.3,raw,11,13.300000000000054,0.30000029383201743,0,0,185,71,0.0,0.019934240163197312,0.30132636322514506,0.0,0,bias +0.3 m,0.0,0
bias,0.3,raw,12,13.300000000000054,0.30000029383201743,0,0,175,81,0.0,0.020393553803986362,0.3008494059172654,0.0,0,bias +0.3 m,0.0,0
bias,0.3,raw,13,13.300000000000054,0.30000029383201743,0,0,126,130,0.0,0.024396748095676157,0.3015336617645417,0.0,0,bias +0.3 m,0.0,0
bias,0.3,raw,14,13.500000000000057,0.3000001507090587,0,0,133,127,0.0,0.024670773852870993,0.30294792677457805,0.0,0,bias +0.3 m,0.0,0
bias,0.3,raw,15,13.300000000000054,0.30000029383201743,0,0,140,116,0.0,0.02308666311562112,0.29998540648000305,0.0,0,bias +0.3 m,0.0,0
bias,0.3,raw,16,13.500000000000057,0.3000001507090587,0,0,154,106,0.0,0.022791436527005153,0.3020561370476986,0.0,0,bias +0.3 m,0.0,0
bias,0.3,raw,17,13.500000000000057,0.3000001507090587,0,0,132,128,0.0,0.02558935829953451,0.2988653255197723,0.0,0,bias +0.3 m,0.0,0
bias,0.3,raw,18,13.300000000000054,0.30000029383201743,0,0,164,92,0.0,0.02199444471448501,0.2993547450931154,0.0,0,bias +0.3 m,0.0,0
bias,0.3,raw,19,13.500000000000057,0.3000001507090587,0,0,166,94,0.0,0.022058099641899503,0.3012745460241833,0.0,0,bias +0.3 m,0.0,0
bias,0.3,raw,20,13.300000000000054,0.30000029383201743,0,0,173,83,0.0,0.023204011426316513,0.2967470161413968,0.0,0,bias +0.3 m,0.0,0
bias,0.3,raw,21,13.500000000000057,0.3000001507090587,0,0,137,123,0.0,0.023445306439410847,0.2970652977735086,0.0,0,bias +0.3 m,0.0,0
bias,0.3,raw,22,13.500000000000057,0.3000001507090587,0,0,170,90,0.0,0.021553836735539702,0.3007938633650396,0.0,0,bias +0.3 m,0.0,0
bias,0.3,raw,23,13.500000000000057,0.3000001507090587,0,0,144,116,0.0,0.0260842215067432,0.30098843761935123,0.0,0,bias +0.3 m,0.0,0
bias,0.3,raw,24,13.500000000000057,0.3000001507090587,0,0,173,87,0.0,0.023568254405740837,0.2979313497010991,0.0,0,bias +0.3 m,0.0,0
bias,0.3,raw,25,13.500000000000057,0.3000001507090587,0,0,187,73,0.0,0.018742348620841624,0.3033453521733392,0.0,0,bias +0.3 m,0.0,0
bias,0.3,raw,26,13.300000000000054,0.30000029383201743,0,0,156,100,0.0,0.022931589132318856,0.30044324672013933,0.0,0,bias +0.3 m,0.0,0
bias,0.3,raw,27,13.300000000000054,0.30000029383201743,0,0,140,116,0.0,0.02459084721969523,0.3024325293240146,0.0,0,bias +0.3 m,0.0,0
bias,0.3,raw,28,13.500000000000057,0.3000001507090587,0,0,131,129,0.0,0.02431486675480563,0.30255717521399567,0.0,0,bias +0.3 m,0.0,0
bias,0.3,raw,29,13.500000000000057,0.3000001507090587,0,0,195,65,0.0,0.01851917500545781,0.30238834997563485,0.0,0,bias +0.3 m,0.0,0
bias,0.3,raw,30,13.300000000000054,0.30000029383201743,0,0,177,79,0.0,0.02099849724880161,0.30238498600895425,0.0,0,bias +0.3 m,0.0,0
bias,0.3,raw,31,13.300000000000054,0.30000029383201743,0,0,123,133,0.0,0.02490242606300716,0.30336697894892845,0.0,0,bias +0.3 m,0.0,0
bias,0.3,raw,32,13.300000000000054,0.30000029383201743,0,0,183,73,0.0,0.020097466140997725,0.3041890981469763,0.0,0,bias +0.3 m,0.0,0
bias,0.3,raw,33,13.500000000000057,0.3000001507090587,0,0,164,96,0.0,0.021857209138346236,0.3006955428142315,0.0,0,bias +0.3 m,0.0,0
bias,0.3,raw,34,13.300000000000054,0.30000029383201743,0,0,195,61,0.0,0.01721957813611899,0.29968632894525116,0.0,0,bias +0.3 m,0.0,0
bias,0.3,raw,35,13.500000000000057,0.3000001507090587,0,0,172,88,0.0,0.023031716166629204,0.3056378292853396,0.0,0,bias +0.3 m,0.0,0
bias,0.3,raw,36,13.300000000000054,0.30000029383201743,0,0,181,75,0.0,0.0198064835965089,0.30127637361682863,0.0,0,bias +0.3 m,0.0,0
bias,0.3,raw,37,13.300000000000054,0.30000029383201743,0,0,139,117,0.0,0.024833104310139232,0.3005510268643089,0.0,0,bias +0.3 m,0.0,0
bias,0.3,raw,38,13.500000000000057,0.3000001507090587,0,0,161,99,0.0,0.023173578275795054,0.29774195698462264,0.0,0,bias +0.3 m,0.0,0
bias,0.3,raw,39,13.300000000000054,0.30000029383201743,0,0,155,101,0.0,0.02244658517982102,0.2996837226880474,0.0,0,bias +0.3 m,0.0,0
bias,0.3,median,0,13.100000000000051,0.3000005728736853,0,0,141,111,0.0,0.02339367008135576,0.3504309647328068,0.0,0,bias +0.3 m,0.0,0
bias,0.3,median,1,13.100000000000051,0.3000005728736853,0,0,151,101,0.0,0.023226479793481858,0.3501997158575274,0.0,0,bias +0.3 m,0.0,0
bias,0.3,median,2,13.100000000000051,0.3000005728736853,0,0,171,81,0.0,0.02093143599282154,0.3507561894007995,0.0,0,bias +0.3 m,0.0,0
bias,0.3,median,3,12.900000000000048,0.3000011169111525,0,0,181,67,0.0,0.020569646519670762,0.3558791178386325,0.0,0,bias +0.3 m,0.0,0
bias,0.3,median,4,12.900000000000048,0.3000011169111525,0,0,112,136,0.0,0.024846715925380847,0.3578675416338975,0.0,0,bias +0.3 m,0.0,0
bias,0.3,median,5,13.100000000000051,0.3000005728736853,0,0,127,125,0.0,0.026529477181259174,0.3551413333336938,0.0,0,bias +0.3 m,0.0,0
bias,0.3,median,6,12.900000000000048,0.3000011169111525,0,0,144,104,0.0,0.023683822157653536,0.3578192154593663,0.0,0,bias +0.3 m,0.0,0
bias,0.3,median,7,13.100000000000051,0.3000005728736853,0,0,141,111,0.0,0.024444058071572215,0.3491051738934166,0.0,0,bias +0.3 m,0.0,0
bias,0.3,median,8,12.900000000000048,0.3000011169111525,0,0,161,87,0.0,0.0219989012844972,0.3549998803461189,0.0,0,bias +0.3 m,0.0,0
bias,0.3,median,9,13.100000000000051,0.3000005728736853,0,0,122,130,0.0,0.02463542651634625,0.35281767295248806,0.0,0,bias +0.3 m,0.0,0
bias,0.3,median,10,13.100000000000051,0.3000005728736853,0,0,115,137,0.0,0.024892061557341562,0.3470519011899193,0.0,0,bias +0.3 m,0.0,0
bias,0.3,median,11,12.900000000000048,0.3000011169111525,0,0,177,71,0.0,0.020321962816257633,0.3544467393876156,0.0,0,bias +0.3 m,0.0,0
bias,0.3,median,12,12.900000000000048,0.3000011169111525,0,0,167,81,0.0,0.02072121492922825,0.3542363715266228,0.0,0,bias +0.3 m,0.0,0
bias,0.3,median,13,12.900000000000048,0.3000011169111525,0,0,118,130,0.0,0.024480543193712977,0.35684811788708437,0.0,0,bias +0.3 m,0.0,0
bias,0.3,median,14,13.100000000000051,0.3000005728736853,0,0,125,127,0.0,0.02480824134754475,0.3555832613746676,0.0,0,bias +0.3 m,0.0,0
bias,0.3,median,15,12.900000000000048,0.3000011169111525,0,0,132,116,0.0,0.023213577007298477,0.35459504465848024,0.0,0,bias +0.3 m,0.0,0
bias,0.3,median,16,13.100000000000051,0.3000005728736853,0,0,146,106,0.0,0.023084983975614263,0.35359811359776455,0.0,0,bias +0.3 m,0.0,0
bias,0.3,median,17,13.100000000000051,0.3000005728736853,0,0,124,128,0.0,0.02573795883626488,0.3525915571446552,0.0,0,bias +0.3 m,0.0,0
bias,0.3,median,18,12.900000000000048,0.3000011169111525,0,0,156,92,0.0,0.0223795323802269,0.3532721377815277,0.0,0,bias +0.3 m,0.0,0
bias,0.3,median,19,13.100000000000051,0.3000005728736853,0,0,158,94,0.0,0.022421742877327924,0.35440037902898003,0.0,0,bias +0.3 m,0.0,0
bias,0.3,median,20,12.900000000000048,0.3000011169111525,0,0,165,83,0.0,0.023666794533125226,0.3507201416360214,0.0,0,bias +0.3 m,0.0,0
bias,0.3,median,21,13.100000000000051,0.3000005728736853,0,0,129,123,0.0,0.023499520559989606,0.34953435267692734,0.0,0,bias +0.3 m,0.0,0
bias,0.3,median,22,13.100000000000051,0.3000005728736853,0,0,162,90,0.0,0.021856027543042486,0.35319080013705256,0.0,0,bias +0.3 m,0.0,0
bias,0.3,median,23,13.100000000000051,0.3000005728736853,0,0,136,116,0.0,0.02634848279865424,0.35456247536031416,0.0,0,bias +0.3 m,0.0,0
bias,0.3,median,24,13.100000000000051,0.3000005728736853,0,0,165,87,0.0,0.023916063316092327,0.3494102003583899,0.0,0,bias +0.3 m,0.0,0
bias,0.3,median,25,13.100000000000051,0.3000005728736853,0,0,179,73,0.0,0.019079075517583064,0.3549814721622694,0.0,0,bias +0.3 m,0.0,0
bias,0.3,median,26,12.900000000000048,0.3000011169111525,0,0,148,100,0.0,0.023253987398388045,0.353551788289732,0.0,0,bias +0.3 m,0.0,0
bias,0.3,median,27,12.900000000000048,0.3000011169111525,0,0,132,116,0.0,0.024683427797164047,0.35648264926322226,0.0,0,bias +0.3 m,0.0,0
bias,0.3,median,28,13.100000000000051,0.3000005728736853,0,0,123,129,0.0,0.024342408027903502,0.3539917301522908,0.0,0,bias +0.3 m,0.0,0
bias,0.3,median,29,13.100000000000051,0.3000005728736853,0,0,187,65,0.0,0.018923629256936136,0.3542009302876133,0.0,0,bias +0.3 m,0.0,0
bias,0.3,median,30,12.900000000000048,0.3000011169111525,0,0,169,79,0.0,0.021332257916486557,0.35608118487226303,0.0,0,bias +0.3 m,0.0,0
bias,0.3,median,31,12.900000000000048,0.3000011169111525,0,0,115,133,0.0,0.024930287558180268,0.3582684201426691,0.0,0,bias +0.3 m,0.0,0
bias,0.3,median,32,12.900000000000048,0.3000011169111525,0,0,175,73,0.0,0.02054201056057791,0.3597471698060426,0.0,0,bias +0.3 m,0.0,0
bias,0.3,median,33,13.100000000000051,0.3000005728736853,0,0,156,96,0.0,0.022091633275555817,0.3533062105290532,0.0,0,bias +0.3 m,0.0,0
bias,0.3,median,34,12.900000000000048,0.3000011169111525,0,0,187,61,0.0,0.017582976578537815,0.3540344234801309,0.0,0,bias +0.3 m,0.0,0
bias,0.3,median,35,13.100000000000051,0.3000005728736853,0,0,164,88,0.0,0.02340744190378686,0.3578008051279744,0.0,0,bias +0.3 m,0.0,0
bias,0.3,median,36,12.900000000000048,0.3000011169111525,0,0,173,75,0.0,0.020172964209393466,0.35527094831705236,0.0,0,bias +0.3 m,0.0,0
bias,0.3,median,37,12.900000000000048,0.3000011169111525,0,0,131,117,0.0,0.025040902380577323,0.3565366801088005,0.0,0,bias +0.3 m,0.0,0
bias,0.3,median,38,13.100000000000051,0.3000005728736853,0,0,153,99,0.0,0.02350377205648635,0.3509544314044444,0.0,0,bias +0.3 m,0.0,0
bias,0.3,median,39,12.900000000000048,0.3000011169111525,0,0,147,101,0.0,0.022722562215172448,0.35260197829135753,0.0,0,bias +0.3 m,0.0,0
bias,0.3,mad,0,13.500000000000057,0.3000001507090587,0,2,149,109,0.0,0.023184908611657715,0.29882206322328464,0.0,0,bias +0.3 m,0.0,0
bias,0.3,mad,1,13.500000000000057,0.3000001507090587,0,5,159,96,0.0,0.022906675823046965,0.29744251862247584,0.0,0,bias +0.3 m,0.0,0
bias,0.3,mad,2,13.500000000000057,0.3000001507090587,1,2,178,79,0.0,0.020478140074712905,0.2994420117237831,0.0,0,bias +0.3 m,0.0,0
bias,0.3,mad,3,13.300000000000054,0.30000029383201743,5,4,184,63,0.0,0.02016924108865967,0.3025423391797398,0.0,0,bias +0.3 m,0.0,0
bias,0.3,mad,4,13.300000000000054,0.30000029383201743,0,4,120,132,0.0,0.024908579179395682,0.3043660955202484,0.0,0,bias +0.3 m,0.0,0
bias,0.3,mad,5,13.500000000000057,0.3000001507090587,1,0,134,125,0.0,0.0264024361837305,0.3045253030530085,0.0,0,bias +0.3 m,0.0,0
bias,0.3,mad,6,13.300000000000054,0.30000029383201743,0,1,152,103,0.0,0.023428139317791953,0.3036564932388813,0.0,0,bias +0.3 m,0.0,0
bias,0.3,mad,7,13.500000000000057,0.3000001507090587,0,3,149,108,0.0,0.024220956608710556,0.2971058609357378,0.0,0,bias +0.3 m,0.0,0
bias,0.3,mad,8,13.300000000000054,0.30000029383201743,1,6,168,81,0.0,0.02163558655328569,0.30208932019709916,0.0,0,bias +0.3 m,0.0,0
bias,0.3,mad,9,13.500000000000057,0.3000001507090587,0,2,130,128,0.0,0.024698446146904505,0.30112112793620044,0.0,0,bias +0.3 m,0.0,0
bias,0.3,mad,10,13.500000000000057,0.3000001507090587,1,3,122,134,0.0,0.02492006966213504,0.2963935426788641,0.0,0,bias +0.3 m,0.0,0
bias,0.3,mad,11,13.300000000000054,0.30000029383201743,0,1,185,70,0.0,0.019934240163197312,0.30132636322514506,0.0,0,bias +0.3 m,0.0,0
bias,0.3,mad,12,13.300000000000054,0.30000029383201743,0,6,175,75,0.0,0.020393553803986362,0.302176221424681,0.0,0,bias +0.3 m,0.0,0
bias,0.3,mad,13,13.300000000000054,0.30000029383201743,0,3,126,127,0.0,0.024396748095676157,0.3015336617645417,0.0,0,bias +0.3 m,0.0,0
bias,0.3,mad,14,13.500000000000057,0.3000001507090587,0,3,133,124,0.0,0.024670773852870993,0.30294792677457805,0.0,0,bias +0.3 m,0.0,0
bias,0.3,mad,15,13.300000000000054,0.30000029383201743,2,2,138,114,0.0,0.02308666311562112,0.30221805227759213,0.0,0,bias +0.3 m,0.0,0
bias,0.3,mad,16,13.500000000000057,0.3000001507090587,1,6,153,100,0.0,0.022791436527005153,0.3031911327973374,0.0,0,bias +0.3 m,0.0,0
bias,0.3,mad,17,13.500000000000057,0.3000001507090587,0,4,132,124,0.0,0.02558935829953451,0.2988653255197723,0.0,0,bias +0.3 m,0.0,0
bias,0.3,mad,18,13.300000000000054,0.30000029383201743,0,9,164,83,0.0,0.02199444471448501,0.2993547450931154,0.022556390977443608,0,bias +0.3 m,0.0,0
bias,0.3,mad,19,13.500000000000057,0.3000001507090587,1,1,165,93,0.0,0.022058099641899503,0.3025126125864718,0.0,0,bias +0.3 m,0.0,0
bias,0.3,mad,20,13.300000000000054,0.30000029383201743,0,1,173,82,0.0,0.023204011426316513,0.2967470161413968,0.0,0,bias +0.3 m,0.0,0
bias,0.3,mad,21,13.500000000000057,0.3000001507090587,0,2,137,121,0.0,0.023445306439410847,0.2970652977735086,0.0,0,bias +0.3 m,0.0,0
bias,0.3,mad,22,13.500000000000057,0.3000001507090587,1,4,169,86,0.0,0.021553836735539702,0.3007938633650396,0.0,0,bias +0.3 m,0.0,0
bias,0.3,mad,23,13.500000000000057,0.3000001507090587,0,3,144,113,0.0,0.0260842215067432,0.30098843761935123,0.0,0,bias +0.3 m,0.0,0
bias,0.3,mad,24,13.500000000000057,0.3000001507090587,0,3,173,84,0.0,0.023568254405740837,0.2979313497010991,0.0,0,bias +0.3 m,0.0,0
bias,0.3,mad,25,13.500000000000057,0.3000001507090587,1,2,186,71,0.0,0.018742348620841624,0.3033453521733392,0.0,0,bias +0.3 m,0.0,0
bias,0.3,mad,26,13.300000000000054,0.30000029383201743,0,1,156,99,0.0,0.022931589132318856,0.30044324672013933,0.0,0,bias +0.3 m,0.0,0
bias,0.3,mad,27,13.300000000000054,0.30000029383201743,0,4,140,112,0.0,0.02459084721969523,0.3024325293240146,0.0,0,bias +0.3 m,0.0,0
bias,0.3,mad,28,13.500000000000057,0.3000001507090587,0,4,131,125,0.0,0.02431486675480563,0.30255717521399567,0.0,0,bias +0.3 m,0.0,0
bias,0.3,mad,29,13.500000000000057,0.3000001507090587,0,3,195,62,0.0,0.01851917500545781,0.30238834997563485,0.0,0,bias +0.3 m,0.0,0
bias,0.3,mad,30,13.300000000000054,0.30000029383201743,0,7,177,72,0.0,0.02099849724880161,0.30238498600895425,0.0,0,bias +0.3 m,0.0,0
bias,0.3,mad,31,13.300000000000054,0.30000029383201743,0,1,123,132,0.0,0.02490242606300716,0.30336697894892845,0.0,0,bias +0.3 m,0.0,0
bias,0.3,mad,32,13.300000000000054,0.30000029383201743,0,1,183,72,0.0,0.020097466140997725,0.3041890981469763,0.0,0,bias +0.3 m,0.0,0
bias,0.3,mad,33,13.500000000000057,0.3000001507090587,0,2,164,94,0.0,0.021857209138346236,0.3006955428142315,0.0,0,bias +0.3 m,0.0,0
bias,0.3,mad,34,13.300000000000054,0.30000029383201743,0,2,195,59,0.0,0.01721957813611899,0.29968632894525116,0.0,0,bias +0.3 m,0.0,0
bias,0.3,mad,35,13.500000000000057,0.3000001507090587,1,3,171,85,0.0,0.023031716166629204,0.30730506528213386,0.0,0,bias +0.3 m,0.0,0
bias,0.3,mad,36,13.300000000000054,0.30000029383201743,0,1,181,74,0.0,0.0198064835965089,0.30127637361682863,0.0,0,bias +0.3 m,0.0,0
bias,0.3,mad,37,13.300000000000054,0.30000029383201743,0,2,139,115,0.0,0.024833104310139232,0.3005510268643089,0.0,0,bias +0.3 m,0.0,0
bias,0.3,mad,38,13.500000000000057,0.3000001507090587,0,0,161,99,0.0,0.023173578275795054,0.29774195698462264,0.0,0,bias +0.3 m,0.0,0
bias,0.3,mad,39,13.300000000000054,0.30000029383201743,0,2,155,99,0.0,0.02244658517982102,0.2996837226880474,0.0,0,bias +0.3 m,0.0,0
bias,0.3,kf,0,13.500000000000057,0.3000001507090587,0,0,149,111,0.0,0.023184908611657715,0.2979518652431682,0.0,0,bias +0.3 m,0.0,0
bias,0.3,kf,1,13.500000000000057,0.3000001507090587,0,0,159,101,0.0,0.022906675823046965,0.2967160316062496,0.0,0,bias +0.3 m,0.0,0
bias,0.3,kf,2,13.500000000000057,0.3000001507090587,0,0,179,81,0.0,0.020478140074712905,0.2972242054434577,0.0,0,bias +0.3 m,0.0,0
bias,0.3,kf,3,13.300000000000054,0.30000029383201743,0,0,189,67,0.0,0.02016924108865967,0.30171406845794857,0.0,0,bias +0.3 m,0.0,0
bias,0.3,kf,4,13.300000000000054,0.30000029383201743,0,0,120,136,0.0,0.024908579179395682,0.30339309712517415,0.0,0,bias +0.3 m,0.0,0
bias,0.3,kf,5,13.500000000000057,0.3000001507090587,2,0,133,125,0.0,0.0264024361837305,0.30223613268459265,0.0,0,bias +0.3 m,0.0,0
bias,0.3,kf,6,13.300000000000054,0.30000029383201743,0,0,152,104,0.0,0.023428139317791953,0.3033216481375913,0.0,0,bias +0.3 m,0.0,0
bias,0.3,kf,7,13.500000000000057,0.3000001507090587,0,0,149,111,0.0,0.024220956608710556,0.29627668203009283,0.0,0,bias +0.3 m,0.0,0
bias,0.3,kf,8,13.300000000000054,0.30000029383201743,0,0,169,87,0.0,0.02163558655328569,0.29983351238529493,0.0,0,bias +0.3 m,0.0,0
bias,0.3,kf,9,13.500000000000057,0.3000001507090587,0,0,130,130,0.0,0.024698446146904505,0.30072651266519995,0.0,0,bias +0.3 m,0.0,0
bias,0.3,kf,10,13.500000000000057,0.3000001507090587,0,0,123,137,0.0,0.02492006966213504,0.29420240056149943,0.0,0,bias +0.3 m,0.0,0
bias,0.3,kf,11,13.300000000000054,0.30000029383201743,0,0,185,71,0.0,0.019934240163197312,0.3006993789352071,0.0,0,bias +0.3 m,0.0,0
bias,0.3,kf,12,13.300000000000054,0.30000029383201743,0,0,175,81,0.0,0.020393553803986362,0.3000496495969741,0.0,0,bias +0.3 m,0.0,0
bias,0.3,kf,13,13.300000000000054,0.30000029383201743,4,0,122,130,0.0,0.024396748095676157,0.30082698881894937,0.0,0,bias +0.3 m,0.0,0
bias,0.3,kf,14,13.500000000000057,0.3000001507090587,0,0,133,127,0.0,0.024670773852870993,0.30227703780503223,0.0,0,bias +0.3 m,0.0,0
bias,0.3,kf,15,13.300000000000054,0.30000029383201743,0,0,140,116,0.0,0.02308666311562112,0.29949244352861576,0.0,0,bias +0.3 m,0.0,0
bias,0.3,kf,16,13.500000000000057,0.3000001507090587,0,0,154,106,0.0,0.022791436527005153,0.30106574224826277,0.0,0,bias +0.3 m,0.0,0
bias,0.3,kf,17,13.500000000000057,0.3000001507090587,0,0,132,128,0.0,0.02558935829953451,0.2982746447532318,0.0,0,bias +0.3 m,0.0,0
bias,0.3,kf,18,13.500000000000057,0.3000001507090587,0,0,168,92,0.0,0.021824372858610223,0.2985061590876929,0.0,0,bias +0.3 m,0.0,0
bias,0.3,kf,19,13.500000000000057,0.3000001507090587,0,0,166,94,0.0,0.022058099641899503,0.3008983976491065,0.0,0,bias +0.3 m,0.0,0
bias,0.3,kf,20,13.500000000000057,0.3000001507090587,0,0,177,83,0.0,0.02306445782356291,0.2964292069296741,0.0,0,bias +0.3 m,0.0,0
bias,0.3,kf,21,13.500000000000057,0.3000001507090587,2,0,135,123,0.0,0.023445306439410847,0.296562789481132,0.0,0,bias +0.3 m,0.0,0
bias,0.3,kf,22,13.300000000000054,0.30000029383201743,1,0,165,90,0.0,0.021719535502319642,0.29978754714122924,0.0,0,bias +0.3 m,0.0,0
bias,0.3,kf,23,13.500000000000057,0.3000001507090587,0,0,144,116,0.0,0.0260842215067432,0.2997685618989376,0.0,0,bias +0.3 m,0.0,0
bias,0.3,kf,24,13.500000000000057,0.3000001507090587,0,0,173,87,0.0,0.023568254405740837,0.29691763131294036,0.0,0,bias +0.3 m,0.0,0
bias,0.3,kf,25,13.300000000000054,0.30000029383201743,1,0,182,73,0.0,0.018929524590173226,0.30279584624582667,0.0,0,bias +0.3 m,0.0,0
bias,0.3,kf,26,13.300000000000054,0.30000029383201743,1,0,155,100,0.0,0.022931589132318856,0.29954988765083473,0.0,0,bias +0.3 m,0.0,0
bias,0.3,kf,27,13.500000000000057,0.3000001507090587,0,0,144,116,0.0,0.024443210050360552,0.301610470659841,0.0,0,bias +0.3 m,0.0,0
bias,0.3,kf,28,13.500000000000057,0.3000001507090587,0,0,131,129,0.0,0.02431486675480563,0.30212960872491884,0.0,0,bias +0.3 m,0.0,0
bias,0.3,kf,29,13.500000000000057,0.3000001507090587,0,0,195,65,0.0,0.01851917500545781,0.30129737600275924,0.0,0,bias +0.3 m,0.0,0
bias,0.3,kf,30,13.300000000000054,0.30000029383201743,0,0,177,79,0.0,0.02099849724880161,0.301495029773215,0.0,0,bias +0.3 m,0.0,0
bias,0.3,kf,31,13.300000000000054,0.30000029383201743,1,0,122,133,0.0,0.02490242606300716,0.30271982293144906,0.0,0,bias +0.3 m,0.0,0
bias,0.3,kf,32,13.300000000000054,0.30000029383201743,0,0,183,73,0.0,0.020097466140997725,0.3036536470050686,0.0,0,bias +0.3 m,0.0,0
bias,0.3,kf,33,13.500000000000057,0.3000001507090587,2,0,162,96,0.0,0.021857209138346236,0.29992203197017314,0.0,0,bias +0.3 m,0.0,0
bias,0.3,kf,34,13.300000000000054,0.30000029383201743,0,0,195,61,0.0,0.01721957813611899,0.29870491661107046,0.0,0,bias +0.3 m,0.0,0
bias,0.3,kf,35,13.500000000000057,0.3000001507090587,0,0,172,88,0.0,0.023031716166629204,0.3048504266007515,0.0,0,bias +0.3 m,0.0,0
bias,0.3,kf,36,13.300000000000054,0.30000029383201743,0,0,181,75,0.0,0.0198064835965089,0.30046255625894847,0.0,0,bias +0.3 m,0.0,0
bias,0.3,kf,37,13.300000000000054,0.30000029383201743,0,0,139,117,0.0,0.024833104310139232,0.3002437867509335,0.0,0,bias +0.3 m,0.0,0
bias,0.3,kf,38,13.300000000000054,0.30000029383201743,4,0,153,99,0.0,0.023369242017120716,0.29764848164079294,0.0,0,bias +0.3 m,0.0,0
bias,0.3,kf,39,13.300000000000054,0.30000029383201743,0,0,155,101,0.0,0.02244658517982102,0.29890940497415364,0.0,0,bias +0.3 m,0.0,0
bias,0.3,kf_fallback,0,13.500000000000057,0.3000001507090587,0,0,149,111,0.0,0.023184908611657715,0.2979518652431682,0.0,0,bias +0.3 m,0.0,0
bias,0.3,kf_fallback,1,13.500000000000057,0.3000001507090587,0,0,159,101,0.0,0.022906675823046965,0.2967160316062496,0.0,0,bias +0.3 m,0.0,0
bias,0.3,kf_fallback,2,13.500000000000057,0.3000001507090587,0,0,179,81,0.0,0.020478140074712905,0.2972242054434577,0.0,0,bias +0.3 m,0.0,0
bias,0.3,kf_fallback,3,13.300000000000054,0.30000029383201743,0,0,189,67,0.0,0.02016924108865967,0.30171406845794857,0.0,0,bias +0.3 m,0.0,0
bias,0.3,kf_fallback,4,13.300000000000054,0.30000029383201743,0,0,120,136,0.0,0.024908579179395682,0.30339309712517415,0.0,0,bias +0.3 m,0.0,0
bias,0.3,kf_fallback,5,14.300000000000068,0.3000000822144751,2,0,149,125,0.0,0.026068211173080797,0.3015350389203345,0.0,0,bias +0.3 m,0.0,0
bias,0.3,kf_fallback,6,13.300000000000054,0.30000029383201743,0,0,152,104,0.0,0.023428139317791953,0.3033216481375913,0.0,0,bias +0.3 m,0.0,0
bias,0.3,kf_fallback,7,13.500000000000057,0.3000001507090587,0,0,149,111,0.0,0.024220956608710556,0.29627668203009283,0.0,0,bias +0.3 m,0.0,0
bias,0.3,kf_fallback,8,13.300000000000054,0.30000029383201743,0,0,169,87,0.0,0.02163558655328569,0.29983351238529493,0.0,0,bias +0.3 m,0.0,0
bias,0.3,kf_fallback,9,13.500000000000057,0.3000001507090587,0,0,130,130,0.0,0.024698446146904505,0.30072651266519995,0.0,0,bias +0.3 m,0.0,0
bias,0.3,kf_fallback,10,13.500000000000057,0.3000001507090587,0,0,123,137,0.0,0.02492006966213504,0.29420240056149943,0.0,0,bias +0.3 m,0.0,0
bias,0.3,kf_fallback,11,13.300000000000054,0.30000029383201743,0,0,185,71,0.0,0.019934240163197312,0.3006993789352071,0.0,0,bias +0.3 m,0.0,0
bias,0.3,kf_fallback,12,13.300000000000054,0.30000029383201743,0,0,175,81,0.0,0.020393553803986362,0.3000496495969741,0.0,0,bias +0.3 m,0.0,0
bias,0.3,kf_fallback,13,14.200000000000067,0.3000001299153522,4,0,140,130,0.0,0.02408280561496485,0.2993006787385904,0.0,0,bias +0.3 m,0.0,0
bias,0.3,kf_fallback,14,13.500000000000057,0.3000001507090587,0,0,133,127,0.0,0.024670773852870993,0.30227703780503223,0.0,0,bias +0.3 m,0.0,0
bias,0.3,kf_fallback,15,13.300000000000054,0.30000029383201743,0,0,140,116,0.0,0.02308666311562112,0.29949244352861576,0.0,0,bias +0.3 m,0.0,0
bias,0.3,kf_fallback,16,13.500000000000057,0.3000001507090587,0,0,154,106,0.0,0.022791436527005153,0.30106574224826277,0.0,0,bias +0.3 m,0.0,0
bias,0.3,kf_fallback,17,13.500000000000057,0.3000001507090587,0,0,132,128,0.0,0.02558935829953451,0.2982746447532318,0.0,0,bias +0.3 m,0.0,0
bias,0.3,kf_fallback,18,13.500000000000057,0.3000001507090587,0,0,168,92,0.0,0.021824372858610223,0.2985061590876929,0.0,0,bias +0.3 m,0.0,0
bias,0.3,kf_fallback,19,13.500000000000057,0.3000001507090587,0,0,166,94,0.0,0.022058099641899503,0.3008983976491065,0.0,0,bias +0.3 m,0.0,0
bias,0.3,kf_fallback,20,13.500000000000057,0.3000001507090587,0,0,177,83,0.0,0.02306445782356291,0.2964292069296741,0.0,0,bias +0.3 m,0.0,0
bias,0.3,kf_fallback,21,14.100000000000065,0.3000001642344955,2,0,147,123,0.0,0.023174876248426644,0.2965897784245259,0.0,0,bias +0.3 m,0.0,0
bias,0.3,kf_fallback,22,13.300000000000054,0.30000029383201743,1,0,165,90,0.0,0.021719535502319642,0.29978754714122924,0.0,0,bias +0.3 m,0.0,0
bias,0.3,kf_fallback,23,13.500000000000057,0.3000001507090587,0,0,144,116,0.0,0.0260842215067432,0.2997685618989376,0.0,0,bias +0.3 m,0.0,0
bias,0.3,kf_fallback,24,13.500000000000057,0.3000001507090587,0,0,173,87,0.0,0.023568254405740837,0.29691763131294036,0.0,0,bias +0.3 m,0.0,0
bias,0.3,kf_fallback,25,13.300000000000054,0.30000029383201743,1,0,182,73,0.0,0.018929524590173226,0.30279584624582667,0.0,0,bias +0.3 m,0.0,0
bias,0.3,kf_fallback,26,13.300000000000054,0.30000029383201743,1,0,155,100,0.0,0.022931589132318856,0.29954988765083473,0.0,0,bias +0.3 m,0.0,0
bias,0.3,kf_fallback,27,13.500000000000057,0.3000001507090587,0,0,144,116,0.0,0.024443210050360552,0.301610470659841,0.0,0,bias +0.3 m,0.0,0
bias,0.3,kf_fallback,28,13.500000000000057,0.3000001507090587,0,0,131,129,0.0,0.02431486675480563,0.30212960872491884,0.0,0,bias +0.3 m,0.0,0
bias,0.3,kf_fallback,29,13.500000000000057,0.3000001507090587,0,0,195,65,0.0,0.01851917500545781,0.30129737600275924,0.0,0,bias +0.3 m,0.0,0
bias,0.3,kf_fallback,30,13.300000000000054,0.30000029383201743,0,0,177,79,0.0,0.02099849724880161,0.301495029773215,0.0,0,bias +0.3 m,0.0,0
bias,0.3,kf_fallback,31,13.300000000000054,0.30000029383201743,1,0,122,133,0.0,0.02490242606300716,0.30271982293144906,0.0,0,bias +0.3 m,0.0,0
bias,0.3,kf_fallback,32,13.300000000000054,0.30000029383201743,0,0,183,73,0.0,0.020097466140997725,0.3036536470050686,0.0,0,bias +0.3 m,0.0,0
bias,0.3,kf_fallback,33,14.100000000000065,0.30000017202144286,2,0,174,96,0.0,0.02151499108203702,0.3011825436569114,0.0,0,bias +0.3 m,0.0,0
bias,0.3,kf_fallback,34,13.300000000000054,0.30000029383201743,0,0,195,61,0.0,0.01721957813611899,0.29870491661107046,0.0,0,bias +0.3 m,0.0,0
bias,0.3,kf_fallback,35,13.500000000000057,0.3000001507090587,0,0,172,88,0.0,0.023031716166629204,0.3048504266007515,0.0,0,bias +0.3 m,0.0,0
bias,0.3,kf_fallback,36,13.300000000000054,0.30000029383201743,0,0,181,75,0.0,0.0198064835965089,0.30046255625894847,0.0,0,bias +0.3 m,0.0,0
bias,0.3,kf_fallback,37,13.300000000000054,0.30000029383201743,0,0,139,117,0.0,0.024833104310139232,0.3002437867509335,0.0,0,bias +0.3 m,0.0,0
bias,0.3,kf_fallback,38,14.000000000000064,0.3000002932669839,4,0,167,99,0.0,0.022828236032202857,0.29597427751283556,0.0,0,bias +0.3 m,0.0,0
bias,0.3,kf_fallback,39,13.300000000000054,0.30000029383201743,0,0,155,101,0.0,0.02244658517982102,0.29890940497415364,0.0,0,bias +0.3 m,0.0,0
bias,0.8,raw,1000,12.100000000000037,0.30001613829396373,0,0,130,102,0.0,0.15629233019153396,0.8025185939305709,0.0,1,bias +0.8 m,0.0,0
bias,0.8,raw,1001,12.100000000000037,0.30001613829396373,0,0,122,110,0.0,0.15719999075480393,0.8000431732287765,0.0,1,bias +0.8 m,0.0,0
bias,0.8,raw,1002,12.100000000000037,0.30001613829396373,0,0,141,91,0.0,0.15418615622074677,0.7995492601327594,0.0,1,bias +0.8 m,0.0,0
bias,0.8,raw,1003,11.900000000000034,0.3000314642487334,0,0,152,76,0.0,0.14176238160823665,0.797690008203301,0.0,1,bias +0.8 m,0.0,0
bias,0.8,raw,1004,11.900000000000034,0.3000314642487334,0,0,167,61,0.0,0.12117934338729439,0.7974372234719835,0.0,1,bias +0.8 m,0.0,0
bias,0.8,raw,1005,12.100000000000037,0.30001613829396373,0,0,165,67,0.0,0.12911654287515037,0.7983457500939346,0.0,1,bias +0.8 m,0.0,0
bias,0.8,raw,1006,12.100000000000037,0.30001613829396373,0,0,145,87,0.0,0.14788940456539293,0.7979692342051414,0.0,1,bias +0.8 m,0.0,0
bias,0.8,raw,1007,12.100000000000037,0.30001613829396373,0,0,166,66,0.0,0.12770457588372866,0.8013499130275138,0.0,1,bias +0.8 m,0.0,0
bias,0.8,raw,1008,12.100000000000037,0.30001613829396373,0,0,158,74,0.0,0.14713584014954217,0.7951311546362378,0.0,1,bias +0.8 m,0.0,0
bias,0.8,raw,1009,12.100000000000037,0.30001613829396373,0,0,167,65,0.0,0.1306512379256655,0.7975308737679717,0.0,1,bias +0.8 m,0.0,0
bias,0.8,raw,1010,12.100000000000037,0.30001613829396373,0,0,164,68,0.0,0.13498086886334432,0.8018337037865806,0.0,1,bias +0.8 m,0.0,0
bias,0.8,raw,1011,11.900000000000034,0.3000314642487334,0,0,145,83,0.0,0.1440847636926567,0.7961975489778512,0.0,1,bias +0.8 m,0.0,0
bias,0.8,raw,1012,11.900000000000034,0.3000314642487334,0,0,143,85,0.0,0.15682194893989343,0.8031040443218886,0.0,1,bias +0.8 m,0.0,0
bias,0.8,raw,1013,12.100000000000037,0.30001613829396373,0,0,108,124,0.0,0.16178151089464854,0.8003143825764945,0.0,1,bias +0.8 m,0.0,0
bias,0.8,raw,1014,12.100000000000037,0.30001613829396373,0,0,137,95,0.0,0.15178760002920558,0.8000792451115378,0.0,1,bias +0.8 m,0.0,0
bias,0.8,raw,1015,12.100000000000037,0.30001613829396373,0,0,143,89,0.0,0.15067789939799364,0.8034615379423738,0.0,1,bias +0.8 m,0.0,0
bias,0.8,raw,1016,12.100000000000037,0.30001613829396373,0,0,153,79,0.0,0.1378497913162855,0.8000421613025032,0.0,1,bias +0.8 m,0.0,0
bias,0.8,raw,1017,11.900000000000034,0.3000314642487334,0,0,94,134,0.0,0.1588226614181074,0.8022263405362783,0.0,1,bias +0.8 m,0.0,0
bias,0.8,raw,1018,12.30000000000004,0.3000082774749663,0,0,128,108,0.0,0.1594346699431716,0.7963674595528492,0.0,1,bias +0.8 m,0.0,0
bias,0.8,raw,1019,12.100000000000037,0.30001613829396373,0,0,154,78,0.0,0.1391872590891363,0.8018371333346124,0.0,1,bias +0.8 m,0.0,0
bias,0.8,raw,1020,12.100000000000037,0.30001613829396373,0,0,125,107,0.0,0.16197425689058143,0.7999567145568878,0.0,1,bias +0.8 m,0.0,0
bias,0.8,raw,1021,12.100000000000037,0.30001613829396373,0,0,142,90,0.0,0.15194680693156914,0.8015859319027339,0.0,1,bias +0.8 m,0.0,0
bias,0.8,raw,1022,12.100000000000037,0.30001613829396373,0,0,171,61,0.0,0.12631771481954795,0.8025975428769064,0.0,1,bias +0.8 m,0.0,0
bias,0.8,raw,1023,12.100000000000037,0.30001613829396373,0,0,144,88,0.0,0.15306004784779745,0.8032578693780413,0.0,1,bias +0.8 m,0.0,0
bias,0.8,raw,1024,12.100000000000037,0.30001613829396373,0,0,146,86,0.0,0.14716433577057367,0.7928920309942677,0.0,1,bias +0.8 m,0.0,0
bias,0.8,raw,1025,12.100000000000037,0.30001613829396373,0,0,106,126,0.0,0.16563657736871998,0.8022186259699099,0.0,1,bias +0.8 m,0.0,0
bias,0.8,raw,1026,12.100000000000037,0.30001613829396373,0,0,158,74,0.0,0.138136544298276,0.798895155210656,0.0,1,bias +0.8 m,0.0,0
bias,0.8,raw,1027,12.100000000000037,0.30001613829396373,0,0,169,63,0.0,0.12453532321082582,0.7974859861705431,0.0,1,bias +0.8 m,0.0,0
bias,0.8,raw,1028,12.100000000000037,0.30001613829396373,0,0,106,126,0.0,0.16510508883420635,0.8009844677655782,0.0,1,bias +0.8 m,0.0,0
bias,0.8,raw,1029,12.100000000000037,0.30001613829396373,0,0,105,127,0.0,0.16069590509316387,0.8024460565427634,0.0,1,bias +0.8 m,0.0,0
bias,0.8,raw,1030,12.100000000000037,0.30001613829396373,0,0,153,79,0.0,0.14037426987923227,0.7978420325403696,0.0,1,bias +0.8 m,0.0,0
bias,0.8,raw,1031,12.100000000000037,0.30001613829396373,0,0,116,116,0.0,0.1636276725331327,0.7984792698396239,0.0,1,bias +0.8 m,0.0,0
bias,0.8,raw,1032,12.100000000000037,0.30001613829396373,0,0,101,131,0.0,0.16404721265955366,0.8011585746468197,0.0,1,bias +0.8 m,0.0,0
bias,0.8,raw,1033,12.100000000000037,0.30001613829396373,0,0,105,127,0.0,0.1642579900023464,0.7988781202118488,0.0,1,bias +0.8 m,0.0,0
bias,0.8,raw,1034,11.900000000000034,0.3000314642487334,0,0,89,139,0.0,0.15301728161821662,0.7983582396074964,0.0,1,bias +0.8 m,0.0,0
bias,0.8,raw,1035,12.100000000000037,0.30001613829396373,0,0,146,86,0.0,0.1490529286996093,0.800897541739913,0.0,1,bias +0.8 m,0.0,0
bias,0.8,raw,1036,12.100000000000037,0.30001613829396373,0,0,148,84,0.0,0.14427028306661466,0.7989296711062169,0.0,1,bias +0.8 m,0.0,0
bias,0.8,raw,1037,12.100000000000037,0.30001613829396373,0,0,146,86,0.0,0.143651130632138,0.7994964039234571,0.0,1,bias +0.8 m,0.0,0
bias,0.8,raw,1038,12.100000000000037,0.30001613829396373,0,0,145,87,0.0,0.147305292314541,0.7993947366536265,0.0,1,bias +0.8 m,0.0,0
bias,0.8,raw,1039,12.100000000000037,0.30001613829396373,0,0,102,130,0.0,0.1596296277503152,0.7951114266700294,0.0,1,bias +0.8 m,0.0,0
bias,0.8,median,1000,11.700000000000031,0.3000613447089147,2,0,120,102,0.0,0.15755299947687548,0.8691743363874826,0.0,1,bias +0.8 m,0.0,0
bias,0.8,median,1001,11.700000000000031,0.3000613447089147,2,0,112,110,0.0,0.15803128988818274,0.867032174015293,0.0,1,bias +0.8 m,0.0,0
bias,0.8,median,1002,11.700000000000031,0.3000613447089147,1,0,132,91,0.0,0.1557622876969423,0.8651844070466396,0.0,1,bias +0.8 m,0.0,0
bias,0.8,median,1003,11.500000000000028,0.30011960156222006,1,0,143,76,0.0,0.14424410581761787,0.8665914844551316,0.0,1,bias +0.8 m,0.0,0
bias,0.8,median,1004,11.500000000000028,0.30011960156222006,2,0,157,61,0.0,0.1237639593642195,0.8664865112769072,0.0,1,bias +0.8 m,0.0,0
bias,0.8,median,1005,11.700000000000031,0.3000613447089147,1,0,156,67,0.0,0.13176804520467666,0.8655367093795395,0.0,1,bias +0.8 m,0.0,0
bias,0.8,median,1006,11.700000000000031,0.3000613447089147,2,0,135,87,0.0,0.14994128967199058,0.8639875543104185,0.0,1,bias +0.8 m,0.0,0
bias,0.8,median,1007,11.700000000000031,0.3000613447089147,1,0,157,66,0.0,0.13037401001504625,0.8680919314801109,0.0,1,bias +0.8 m,0.0,0
bias,0.8,median,1008,11.700000000000031,0.3000613447089147,2,0,148,74,0.0,0.14997087037884196,0.8618480265025759,0.0,1,bias +0.8 m,0.0,0
bias,0.8,median,1009,11.700000000000031,0.3000613447089147,2,0,157,65,0.0,0.13336209945665495,0.8630171535478556,0.0,1,bias +0.8 m,0.0,0
bias,0.8,median,1010,11.700000000000031,0.3000613447089147,1,0,155,68,0.0,0.1377040176366996,0.8701707767409316,0.0,1,bias +0.8 m,0.0,0
bias,0.8,median,1011,11.500000000000028,0.30011960156222006,2,0,135,83,0.0,0.14626809862785292,0.8662444161487032,0.0,1,bias +0.8 m,0.0,0
bias,0.8,median,1012,11.500000000000028,0.30011960156222006,2,0,133,85,0.0,0.15916935622687886,0.8718799113308027,0.0,1,bias +0.8 m,0.0,0
bias,0.8,median,1013,11.700000000000031,0.3000613447089147,1,0,99,124,0.0,0.16162585448416142,0.8675361726744355,0.0,1,bias +0.8 m,0.0,0
bias,0.8,median,1014,11.700000000000031,0.3000613447089147,1,0,128,95,0.0,0.15323812664998038,0.8655668443019707,0.0,1,bias +0.8 m,0.0,0
bias,0.8,median,1015,11.700000000000031,0.3000613447089147,2,0,133,89,0.0,0.15273969998469303,0.8689902011002276,0.0,1,bias +0.8 m,0.0,0
bias,0.8,median,1016,11.700000000000031,0.3000613447089147,2,0,143,79,0.0,0.14020200516060777,0.867540142443052,0.0,1,bias +0.8 m,0.0,0
bias,0.8,median,1017,11.500000000000028,0.30011960156222006,1,0,85,134,0.0,0.15733083983772442,0.8731941050854484,0.0,1,bias +0.8 m,0.0,0
bias,0.8,median,1018,11.900000000000034,0.3000314642487334,2,0,118,108,0.0,0.16054083793527443,0.8590048111351392,0.0,1,bias +0.8 m,0.0,0
bias,0.8,median,1019,11.700000000000031,0.3000613447089147,1,0,145,78,0.0,0.14163596464362394,0.8690802786439341,0.0,1,bias +0.8 m,0.0,0
bias,0.8,median,1020,11.700000000000031,0.3000613447089147,0,0,117,107,0.0,0.16295659311977168,0.8660440489978961,0.0,1,bias +0.8 m,0.0,0
bias,0.8,median,1021,11.700000000000031,0.3000613447089147,1,0,133,90,0.0,0.154142384017904,0.869037571866753,0.0,1,bias +0.8 m,0.0,0
bias,0.8,median,1022,11.700000000000031,0.3000613447089147,2,0,161,61,0.0,0.12908243294296917,0.8697418162772342,0.0,1,bias +0.8 m,0.0,0
bias,0.8,median,1023,11.700000000000031,0.3000613447089147,1,0,135,88,0.0,0.15539078449671048,0.870055361342977,0.0,1,bias +0.8 m,0.0,0
bias,0.8,median,1024,11.700000000000031,0.3000613447089147,0,0,138,86,0.0,0.14947736706923795,0.8598430297529568,0.0,1,bias +0.8 m,0.0,0
bias,0.8,median,1025,11.700000000000031,0.3000613447089147,1,0,97,126,0.0,0.1647364919131322,0.8697969832730145,0.0,1,bias +0.8 m,0.0,0
bias,0.8,median,1026,11.700000000000031,0.3000613447089147,2,0,148,74,0.0,0.14066092455306278,0.8659224839841612,0.0,1,bias +0.8 m,0.0,0
bias,0.8,median,1027,11.700000000000031,0.3000613447089147,2,0,159,63,0.0,0.12730926758772584,0.8653061127900765,0.0,1,bias +0.8 m,0.0,0
bias,0.8,median,1028,11.700000000000031,0.3000613447089147,1,0,97,126,0.0,0.16477678485364125,0.8684010673586191,0.0,1,bias +0.8 m,0.0,0
bias,0.8,median,1029,11.700000000000031,0.3000613447089147,1,0,96,127,0.0,0.16006487339662923,0.8697796223985006,0.0,1,bias +0.8 m,0.0,0
bias,0.8,median,1030,11.700000000000031,0.3000613447089147,2,0,143,79,0.0,0.1426949754901944,0.8634172004895206,0.0,1,bias +0.8 m,0.0,0
bias,0.8,median,1031,11.700000000000031,0.3000613447089147,2,0,106,116,0.0,0.16402960325540386,0.8640161336279322,0.0,1,bias +0.8 m,0.0,0
bias,0.8,median,1032,11.700000000000031,0.3000613447089147,2,0,91,131,0.0,0.16319056190180206,0.8691258795866501,0.0,1,bias +0.8 m,0.0,0
bias,0.8,median,1033,11.700000000000031,0.3000613447089147,2,0,95,127,0.0,0.16331838162453927,0.8648762691321948,0.0,1,bias +0.8 m,0.0,0
bias,0.8,median,1034,11.500000000000028,0.30011960156222006,1,0,80,139,0.0,0.1512404209467629,0.8672738842131071,0.0,1,bias +0.8 m,0.0,0
bias,0.8,median,1035,11.700000000000031,0.3000613447089147,0,0,138,86,0.0,0.1513786111457343,0.8675184486438586,0.0,1,bias +0.8 m,0.0,0
bias,0.8,median,1036,11.700000000000031,0.3000613447089147,2,0,138,84,0.0,0.14676671185233509,0.8669134666906976,0.0,1,bias +0.8 m,0.0,0
bias,0.8,median,1037,11.700000000000031,0.3000613447089147,2,0,136,86,0.0,0.14567144052804817,0.8658046354685298,0.0,1,bias +0.8 m,0.0,0
bias,0.8,median,1038,11.700000000000031,0.3000613447089147,1,0,136,87,0.0,0.14944833845594696,0.8683176026264422,0.0,1,bias +0.8 m,0.0,0
bias,0.8,median,1039,11.700000000000031,0.3000613447089147,2,0,92,130,0.0,0.15890699825630022,0.8624825364974043,0.0,1,bias +0.8 m,0.0,0
bias,0.8,mad,1000,12.100000000000037,0.30001613829396373,0,5,130,97,0.0,0.15629233019153396,0.8025185939305709,0.0,1,bias +0.8 m,0.0,0
bias,0.8,mad,1001,12.100000000000037,0.30001613829396373,0,1,122,109,0.0,0.15719999075480393,0.8000431732287765,0.0,1,bias +0.8 m,0.0,0
bias,0.8,mad,1002,12.100000000000037,0.30001613829396373,0,2,141,89,0.0,0.15418615622074677,0.7995492601327594,0.0,1,bias +0.8 m,0.0,0
bias,0.8,mad,1003,11.900000000000034,0.3000314642487334,0,4,152,72,0.0,0.14176238160823665,0.797690008203301,0.0,1,bias +0.8 m,0.0,0
bias,0.8,mad,1004,11.900000000000034,0.3000314642487334,0,3,167,58,0.0,0.12117934338729439,0.7974372234719835,0.0,1,bias +0.8 m,0.0,0
bias,0.8,mad,1005,12.100000000000037,0.30001613829396373,0,3,165,64,0.0,0.12911654287515037,0.7983457500939346,0.0,1,bias +0.8 m,0.0,0
bias,0.8,mad,1006,12.100000000000037,0.30001613829396373,0,5,145,82,0.0,0.14788940456539293,0.7979692342051414,0.0,1,bias +0.8 m,0.0,0
bias,0.8,mad,1007,12.100000000000037,0.30001613829396373,0,2,166,64,0.0,0.12770457588372866,0.8013499130275138,0.0,1,bias +0.8 m,0.0,0
bias,0.8,mad,1008,12.100000000000037,0.30001613829396373,0,5,158,69,0.0,0.14713584014954217,0.7951311546362378,0.0,1,bias +0.8 m,0.0,0
bias,0.8,mad,1009,12.100000000000037,0.30001613829396373,0,0,167,65,0.0,0.1306512379256655,0.7975308737679717,0.0,1,bias +0.8 m,0.0,0
bias,0.8,mad,1010,12.100000000000037,0.30001613829396373,0,5,164,63,0.0,0.13498086886334432,0.8018337037865806,0.0,1,bias +0.8 m,0.0,0
bias,0.8,mad,1011,11.900000000000034,0.3000314642487334,0,2,145,81,0.0,0.1440847636926567,0.7961975489778512,0.0,1,bias +0.8 m,0.0,0
bias,0.8,mad,1012,11.900000000000034,0.3000314642487334,0,6,143,79,0.0,0.15682194893989343,0.8031040443218886,0.0,1,bias +0.8 m,0.0,0
bias,0.8,mad,1013,12.100000000000037,0.30001613829396373,0,5,108,119,0.0,0.16178151089464854,0.8003143825764945,0.0,1,bias +0.8 m,0.0,0
bias,0.8,mad,1014,12.100000000000037,0.30001613829396373,1,0,136,95,0.0,0.15178760002920558,0.8014456117981239,0.0,1,bias +0.8 m,0.0,0
bias,0.8,mad,1015,12.100000000000037,0.30001613829396373,0,5,143,84,0.0,0.15067789939799364,0.8034615379423738,0.0,1,bias +0.8 m,0.0,0
bias,0.8,mad,1016,12.100000000000037,0.30001613829396373,0,3,153,76,0.0,0.1378497913162855,0.8000421613025032,0.0,1,bias +0.8 m,0.0,0
bias,0.8,mad,1017,11.900000000000034,0.3000314642487334,0,3,94,131,0.0,0.1588226614181074,0.8022263405362783,0.0,1,bias +0.8 m,0.0,0
bias,0.8,mad,1018,12.30000000000004,0.3000082774749663,0,4,128,104,0.0,0.1594346699431716,0.7963674595528492,0.0,1,bias +0.8 m,0.0,0
bias,0.8,mad,1019,12.100000000000037,0.30001613829396373,0,6,154,72,0.0,0.1391872590891363,0.8018371333346124,0.0,1,bias +0.8 m,0.0,0
bias,0.8,mad,1020,12.100000000000037,0.30001613829396373,0,0,125,107,0.0,0.16197425689058143,0.7999567145568878,0.0,1,bias +0.8 m,0.0,0
bias,0.8,mad,1021,12.100000000000037,0.30001613829396373,0,2,142,88,0.0,0.15194680693156914,0.8015859319027339,0.0,1,bias +0.8 m,0.0,0
bias,0.8,mad,1022,12.100000000000037,0.30001613829396373,0,2,171,59,0.0,0.12631771481954795,0.8025975428769064,0.0,1,bias +0.8 m,0.0,0
bias,0.8,mad,1023,12.100000000000037,0.30001613829396373,0,3,144,85,0.0,0.15306004784779745,0.8032578693780413,0.0,1,bias +0.8 m,0.0,0
bias,0.8,mad,1024,12.100000000000037,0.30001613829396373,0,0,146,86,0.0,0.14716433577057367,0.7928920309942677,0.0,1,bias +0.8 m,0.0,0
bias,0.8,mad,1025,12.100000000000037,0.30001613829396373,0,7,106,119,0.0,0.16563657736871998,0.8022186259699099,0.0,1,bias +0.8 m,0.0,0
bias,0.8,mad,1026,12.100000000000037,0.30001613829396373,0,8,158,66,0.0,0.138136544298276,0.798895155210656,0.0,1,bias +0.8 m,0.0,0
bias,0.8,mad,1027,12.100000000000037,0.30001613829396373,0,6,169,57,0.0,0.12453532321082582,0.7974859861705431,0.0,1,bias +0.8 m,0.0,0
bias,0.8,mad,1028,12.100000000000037,0.30001613829396373,0,4,106,122,0.0,0.16510508883420635,0.8009844677655782,0.0,1,bias +0.8 m,0.0,0
bias,0.8,mad,1029,12.100000000000037,0.30001613829396373,0,2,105,125,0.0,0.16069590509316387,0.8024460565427634,0.0,1,bias +0.8 m,0.0,0
bias,0.8,mad,1030,12.100000000000037,0.30001613829396373,2,1,151,78,0.0,0.14037426987923227,0.7999801378226356,0.0,1,bias +0.8 m,0.0,0
bias,0.8,mad,1031,12.100000000000037,0.30001613829396373,0,4,116,112,0.0,0.1636276725331327,0.7984792698396239,0.0,1,bias +0.8 m,0.0,0
bias,0.8,mad,1032,12.100000000000037,0.30001613829396373,0,4,101,127,0.0,0.16404721265955366,0.8011585746468197,0.0,1,bias +0.8 m,0.0,0
bias,0.8,mad,1033,12.100000000000037,0.30001613829396373,0,2,105,125,0.0,0.1642579900023464,0.7988781202118488,0.0,1,bias +0.8 m,0.0,0
bias,0.8,mad,1034,11.900000000000034,0.3000314642487334,2,0,87,139,0.0,0.15301728161821662,0.8009649844968111,0.0,1,bias +0.8 m,0.0,0
bias,0.8,mad,1035,12.100000000000037,0.30001613829396373,0,2,146,84,0.0,0.1490529286996093,0.800897541739913,0.0,1,bias +0.8 m,0.0,0
bias,0.8,mad,1036,12.100000000000037,0.30001613829396373,0,0,148,84,0.0,0.14427028306661466,0.7989296711062169,0.0,1,bias +0.8 m,0.0,0
bias,0.8,mad,1037,12.100000000000037,0.30001613829396373,0,7,146,79,0.0,0.143651130632138,0.7994964039234571,0.0,1,bias +0.8 m,0.0,0
bias,0.8,mad,1038,12.100000000000037,0.30001613829396373,0,3,145,84,0.0,0.147305292314541,0.7993947366536265,0.0,1,bias +0.8 m,0.0,0
bias,0.8,mad,1039,12.100000000000037,0.30001613829396373,0,2,102,128,0.0,0.1596296277503152,0.7951114266700294,0.0,1,bias +0.8 m,0.0,0
bias,0.8,kf,1000,12.100000000000037,0.30001613829396373,41,0,89,102,0.0,0.15629233019153396,0.7923569219391543,0.19008264462809918,1,bias +0.8 m,0.0,0
bias,0.8,kf,1001,14.500000000000071,0.3000000053498363,167,0,3,110,0.0,0.1490129499624692,0.3122172324138769,0.593103448275862,1,bias +0.8 m,0.0,0
bias,0.8,kf,1002,12.30000000000004,0.3000090536552351,59,0,86,91,0.0,0.15317750728601714,0.7631778269964296,0.2601626016260163,1,bias +0.8 m,0.0,0
bias,0.8,kf,1003,12.100000000000037,0.30001613829396373,70,0,86,76,0.0,0.14053559200205895,0.7765627290312215,0.30991735537190085,1,bias +0.8 m,0.0,0
bias,0.8,kf,1004,11.900000000000034,0.3000314642487334,83,0,84,61,0.0,0.12117934338729439,0.7842045560208218,0.3697478991596639,1,bias +0.8 m,0.0,0
bias,0.8,kf,1005,12.30000000000004,0.3000112829525986,83,0,86,67,0.0,0.12793626844200454,0.7637443983896024,0.35772357723577236,1,bias +0.8 m,0.0,0
bias,0.8,kf,1006,14.100000000000065,0.3000000203357434,80,0,105,87,0.0,0.13756455692398317,0.7193653481476181,0.30141843971631205,1,bias +0.8 m,0.0,0
bias,0.8,kf,1007,13.500000000000057,0.3000011379904374,100,0,94,66,0.0,0.11891264674204179,0.7194025693105682,0.3888888888888889,1,bias +0.8 m,0.0,0
bias,0.8,kf,1008,14.900000000000077,0.3000000014074109,180,0,34,74,0.0,0.12933465118565296,0.4758893470759864,0.6308724832214765,1,bias +0.8 m,0.0,0
bias,0.8,kf,1009,12.100000000000037,0.30001613829396373,41,0,126,65,0.0,0.1306512379256655,0.7972587052165409,0.19008264462809918,1,bias +0.8 m,0.0,0
bias,0.8,kf,1010,12.100000000000037,0.30001613829396373,46,0,118,68,0.0,0.13498086886334432,0.8018698053671978,0.21074380165289255,1,bias +0.8 m,0.0,0
bias,0.8,kf,1011,12.100000000000037,0.30001613829396373,31,0,118,83,0.0,0.14293120423690725,0.7960743257046254,0.1487603305785124,1,bias +0.8 m,0.0,0
bias,0.8,kf,1012,11.900000000000034,0.3000314642487334,40,0,103,85,0.0,0.15682194893989343,0.8027094231519779,0.18907563025210083,1,bias +0.8 m,0.0,0
bias,0.8,kf,1013,14.300000000000068,0.3000000104303835,95,0,57,124,0.0,0.15874043365406926,0.5470567129981395,0.34965034965034963,1,bias +0.8 m,0.0,0
bias,0.8,kf,1014,13.300000000000054,0.30000134922718025,70,0,91,95,0.0,0.14625831156416463,0.7196972899055691,0.2819548872180451,1,bias +0.8 m,0.0,0
bias,0.8,kf,1015,12.100000000000037,0.30001613829396373,34,0,109,89,0.0,0.15067789939799364,0.802707313957372,0.16115702479338842,1,bias +0.8 m,0.0,0
bias,0.8,kf,1016,12.100000000000037,0.30001613829396373,37,0,116,79,0.0,0.1378497913162855,0.7997372783671562,0.17355371900826447,1,bias +0.8 m,0.0,0
bias,0.8,kf,1017,14.300000000000068,0.3000000104303835,142,0,0,134,0.0,0.16052914040677568,0.2028393633226867,0.506993006993007,1,bias +0.8 m,0.0,0
bias,0.8,kf,1018,13.900000000000063,0.30000003964786687,60,0,100,108,0.0,0.1538921927715019,0.7147092706282654,0.23381294964028776,1,bias +0.8 m,0.0,0
bias,0.8,kf,1019,14.500000000000071,0.3000000053498363,154,0,48,78,0.0,0.12525975470972142,0.5214261959005398,0.5482758620689655,1,bias +0.8 m,0.0,0
bias,0.8,kf,1020,12.100000000000037,0.30001613829396373,31,0,94,107,0.0,0.16197425689058143,0.7992085832239978,0.1487603305785124,1,bias +0.8 m,0.0,0
bias,0.8,kf,1021,12.100000000000037,0.30001613829396373,43,0,99,90,0.0,0.15194680693156914,0.8011083772203326,0.19834710743801653,1,bias +0.8 m,0.0,0
bias,0.8,kf,1022,12.100000000000037,0.30001613829396373,40,0,131,61,0.0,0.12631771481954795,0.8018971509993481,0.1859504132231405,1,bias +0.8 m,0.0,0
bias,0.8,kf,1023,12.100000000000037,0.30001613829396373,51,0,93,88,0.0,0.15306004784779745,0.8026986623945277,0.23140495867768596,1,bias +0.8 m,0.0,0
bias,0.8,kf,1024,12.100000000000037,0.30001613829396373,34,0,112,86,0.0,0.14716433577057367,0.7929931322394568,0.16115702479338842,1,bias +0.8 m,0.0,0
bias,0.8,kf,1025,13.100000000000051,0.30000168093743357,36,0,90,126,0.0,0.16516563723588298,0.7286459779230903,0.15648854961832062,1,bias +0.8 m,0.0,0
bias,0.8,kf,1026,12.100000000000037,0.30001613829396373,36,0,122,74,0.0,0.138136544298276,0.7983774691088098,0.16942148760330578,1,bias +0.8 m,0.0,0
bias,0.8,kf,1027,12.100000000000037,0.30001613829396373,69,0,100,63,0.0,0.12453532321082582,0.7977622031246417,0.30578512396694213,1,bias +0.8 m,0.0,0
bias,0.8,kf,1028,13.900000000000063,0.3000001165310071,42,0,100,126,0.0,0.1634541041305796,0.7198193868828081,0.16906474820143885,1,bias +0.8 m,0.0,0
bias,0.8,kf,1029,14.100000000000065,0.3000000203357434,51,0,94,127,0.0,0.1588744383666925,0.6881664027346266,0.19858156028368795,1,bias +0.8 m,0.0,0
bias,0.8,kf,1030,14.900000000000077,0.3000000014074109,209,0,0,79,0.0,0.12483492852190398,0.32255528245557535,0.7114093959731543,1,bias +0.8 m,0.0,0
bias,0.8,kf,1031,14.500000000000071,0.3000000053498363,164,0,0,116,0.0,0.1573153016251002,0.22323106666995196,0.5758620689655173,1,bias +0.8 m,0.0,0
bias,0.8,kf,1032,14.300000000000068,0.3000000104303835,109,0,36,131,0.0,0.16328901879966354,0.45184597094129303,0.3986013986013986,1,bias +0.8 m,0.0,0
bias,0.8,kf,1033,14.100000000000065,0.3000000203357434,45,0,100,127,0.0,0.16352745501069543,0.7082579553987414,0.1773049645390071,1,bias +0.8 m,0.0,0
bias,0.8,kf,1034,14.300000000000068,0.3000000104303835,92,0,45,139,0.0,0.15769121553023677,0.4935575788363333,0.33916083916083917,1,bias +0.8 m,0.0,0
bias,0.8,kf,1035,14.700000000000074,0.3000000027439785,175,0,23,86,0.0,0.1349326615683148,0.43095035064762205,0.6122448979591837,1,bias +0.8 m,0.0,0
bias,0.8,kf,1036,14.900000000000077,0.3000000014074109,194,0,10,84,0.0,0.12867932044246086,0.40992118407969336,0.6677852348993288,1,bias +0.8 m,0.0,0
bias,0.8,kf,1037,12.100000000000037,0.30001613829396373,31,0,115,86,0.0,0.143651130632138,0.7989285634721341,0.1487603305785124,1,bias +0.8 m,0.0,0
bias,0.8,kf,1038,12.100000000000037,0.30001613829396373,34,0,111,87,0.0,0.147305292314541,0.7993133594751054,0.16115702479338842,1,bias +0.8 m,0.0,0
bias,0.8,kf,1039,13.900000000000063,0.30000003964786687,41,0,97,130,0.0,0.15996553543658468,0.7058946653710205,0.16546762589928057,1,bias +0.8 m,0.0,0
bias,0.8,kf_fallback,1000,14.300000000000068,0.3000183823792495,41,0,133,102,0.0,0.14741553398569143,0.8012041912545347,0.16083916083916083,1,bias +0.8 m,0.0,0
bias,0.8,kf_fallback,1001,19.30000000000014,0.30000403120004043,157,0,109,110,0.0,0.12883603408141034,0.6980683887561054,0.41968911917098445,1,bias +0.8 m,0.0,0
bias,0.8,kf_fallback,1002,14.900000000000077,0.3000161198309301,55,0,142,91,0.0,0.1395934246894919,0.8007513174848405,0.20134228187919462,1,bias +0.8 m,0.0,0
bias,0.8,kf_fallback,1003,15.300000000000082,0.30001235339170934,63,0,157,76,0.0,0.1224828972072645,0.8022395565674622,0.2222222222222222,1,bias +0.8 m,0.0,0
bias,0.8,kf_fallback,1004,15.700000000000088,0.30001613772324953,75,0,168,61,0.0,0.10077761122279837,0.8039151290873926,0.25477707006369427,1,bias +0.8 m,0.0,0
bias,0.8,kf_fallback,1005,14.700000000000074,0.30002107773568787,52,0,165,67,0.0,0.1142747675080011,0.8015555733979721,0.19387755102040816,1,bias +0.8 m,0.0,0
bias,0.8,kf_fallback,1006,15.500000000000085,0.30001612213793416,70,0,143,87,0.0,0.13060599718233126,0.7988252821497482,0.24193548387096775,1,bias +0.8 m,0.0,0
bias,0.8,kf_fallback,1007,16.5000000000001,0.3000184415874284,96,0,158,66,0.0,0.10355130841548858,0.7990207829563846,0.30606060606060603,1,bias +0.8 m,0.0,0
bias,0.8,kf_fallback,1008,19.800000000000146,0.30000120491097426,253,0,59,74,0.0,0.1058579430186242,0.38058229754252654,0.6590909090909091,1,bias +0.8 m,0.0,0
bias,0.8,kf_fallback,1009,14.100000000000065,0.3000161379610342,35,0,172,65,0.0,0.11817522340514001,0.7971320911239167,0.14184397163120568,1,bias +0.8 m,0.0,0
bias,0.8,kf_fallback,1010,14.300000000000068,0.30001235544472876,38,0,170,68,0.0,0.1216611405109084,0.8008316056145234,0.15034965034965034,1,bias +0.8 m,0.0,0
bias,0.8,kf_fallback,1011,13.900000000000063,0.300018440056251,31,0,154,83,0.0,0.1333126266765222,0.7957714794059373,0.12949640287769784,1,bias +0.8 m,0.0,0
bias,0.8,kf_fallback,1012,14.300000000000068,0.3000161327480788,40,0,151,85,0.0,0.14203342747345754,0.8035086556958,0.15734265734265734,1,bias +0.8 m,0.0,0
bias,0.8,kf_fallback,1013,17.100000000000108,0.3000012900865929,95,0,113,124,0.0,0.1495880149226956,0.6787269817661522,0.29239766081871343,1,bias +0.8 m,0.0,0
bias,0.8,kf_fallback,1014,15.300000000000082,0.30002746102422295,69,0,132,95,0.0,0.1365425633696504,0.7999778071695448,0.24183006535947713,1,bias +0.8 m,0.0,0
bias,0.8,kf_fallback,1015,14.100000000000065,0.3000141137682088,34,0,149,89,0.0,0.13998769332673458,0.8023281457219646,0.13829787234042554,1,bias +0.8 m,0.0,0
bias,0.8,kf_fallback,1016,13.900000000000063,0.3000161363937361,30,0,159,79,0.0,0.12749259965504176,0.7969046028910785,0.12589928057553956,1,bias +0.8 m,0.0,0
bias,0.8,kf_fallback,1017,16.5000000000001,0.3000000000071061,179,0,7,134,0.0,0.15513341763823313,0.319450276904737,0.5575757575757576,1,bias +0.8 m,0.0,0
bias,0.8,kf_fallback,1018,14.700000000000074,0.30001398417289576,49,0,127,108,0.0,0.15032738015894304,0.7960545542157651,0.1836734693877551,1,bias +0.8 m,0.0,0
bias,0.8,kf_fallback,1019,18.100000000000122,0.30002104258627604,137,0,137,78,0.0,0.10816606595288832,0.7994605081260779,0.39226519337016574,1,bias +0.8 m,0.0,0
bias,0.8,kf_fallback,1020,13.900000000000063,0.30001835227990203,31,0,130,107,0.0,0.15508633541745837,0.7982466982342445,0.12949640287769784,1,bias +0.8 m,0.0,0
bias,0.8,kf_fallback,1021,14.100000000000065,0.3000275150749548,39,0,143,90,0.0,0.14141914342051964,0.8018092990459432,0.15602836879432624,1,bias +0.8 m,0.0,0
bias,0.8,kf_fallback,1022,14.300000000000068,0.30001613807174343,40,0,175,61,0.0,0.11285180808124563,0.8009955066744575,0.15734265734265734,1,bias +0.8 m,0.0,0
bias,0.8,kf_fallback,1023,14.500000000000071,0.30001612882786544,45,0,147,88,0.0,0.1402704809304419,0.8025799283754859,0.1724137931034483,1,bias +0.8 m,0.0,0
bias,0.8,kf_fallback,1024,14.100000000000065,0.30001411615847917,34,0,152,86,0.0,0.1360666660658913,0.7970763149553359,0.13829787234042554,1,bias +0.8 m,0.0,0
bias,0.8,kf_fallback,1025,14.100000000000065,0.3000171204465781,36,0,110,126,0.0,0.16333667196132695,0.7985034031664756,0.1453900709219858,1,bias +0.8 m,0.0,0
bias,0.8,kf_fallback,1026,13.900000000000063,0.30002107731611694,32,0,162,74,0.0,0.12756554062749026,0.8009408699066328,0.13309352517985612,1,bias +0.8 m,0.0,0
bias,0.8,kf_fallback,1027,15.10000000000008,0.3000123554992788,58,0,171,63,0.0,0.10711491559725102,0.7954979469205582,0.20860927152317882,1,bias +0.8 m,0.0,0
bias,0.8,kf_fallback,1028,14.500000000000071,0.3000097976041669,42,0,112,126,0.0,0.16171714075921698,0.7820778350435451,0.16206896551724137,1,bias +0.8 m,0.0,0
bias,0.8,kf_fallback,1029,14.700000000000074,0.3000123909939431,49,0,108,127,0.0,0.1573606394020629,0.7477125202866821,0.1836734693877551,1,bias +0.8 m,0.0,0
bias,0.8,kf_fallback,1030,27.500000000000256,0.30000000000000016,436,0,25,79,0.0,0.07965964573532908,0.4569846272776408,0.8109090909090909,1,bias +0.8 m,0.0,0
bias,0.8,kf_fallback,1031,20.00000000000015,0.3000000264692533,156,0,118,116,0.0,0.1356806324260715,0.6610797342070444,0.4025,1,bias +0.8 m,0.0,0
bias,0.8,kf_fallback,1032,17.100000000000108,0.30000000000095883,101,0,100,131,0.0,0.15533212521597126,0.6011419011673124,0.30994152046783624,1,bias +0.8 m,0.0,0
bias,0.8,kf_fallback,1033,14.500000000000071,0.30001440852213557,45,0,108,127,0.0,0.16256611883110839,0.759906553583029,0.1724137931034483,1,bias +0.8 m,0.0,0
bias,0.8,kf_fallback,1034,15.500000000000085,0.3000000002001832,92,0,69,139,0.0,0.1562620217713799,0.548135651854503,0.31290322580645163,1,bias +0.8 m,0.0,0
bias,0.8,kf_fallback,1035,19.30000000000014,0.30002382298069147,168,0,122,86,0.0,0.11319316004945533,0.7957293268666505,0.4481865284974093,1,bias +0.8 m,0.0,0
bias,0.8,kf_fallback,1036,20.10000000000015,0.30001217712256656,187,0,121,84,0.0,0.10532767046108632,0.7967758988632371,0.46766169154228854,1,bias +0.8 m,0.0,0
bias,0.8,kf_fallback,1037,13.900000000000063,0.3000184382275211,31,0,151,86,0.0,0.13386773500101098,0.8017014733125873,0.12949640287769784,1,bias +0.8 m,0.0,0
bias,0.8,kf_fallback,1038,14.100000000000065,0.30001411546544215,34,0,151,87,0.0,0.13703574183459183,0.7965797143430327,0.13829787234042554,1,bias +0.8 m,0.0,0
bias,0.8,kf_fallback,1039,14.500000000000071,0.3000079467803192,41,0,109,130,0.0,0.15893757319349117,0.7332500878923668,0.15862068965517243,1,bias +0.8 m,0.0,0
bias,1.5,raw,2000,10.300000000000011,0.30656893993049206,0,0,90,107,0.0,0.5554341034146326,1.4972876082171858,0.0,2,bias +1.5 m,0.0,0
bias,1.5,raw,2001,10.100000000000009,0.312807224673872,0,0,99,94,0.0,0.5687400744501081,1.4975855415286017,0.0,2,bias +1.5 m,0.0,0
bias,1.5,raw,2002,10.100000000000009,0.312807224673872,0,0,61,132,0.0,0.5103248305600897,1.4964962617417883,0.0,2,bias +1.5 m,0.0,0
bias,1.5,raw,2003,10.300000000000011,0.30656893993049206,0,0,113,84,0.0,0.5471901821654014,1.503140903187006,0.0,2,bias +1.5 m,0.0,0
bias,1.5,raw,2004,10.100000000000009,0.312807224673872,0,0,81,112,0.0,0.5564903067828485,1.5035858830900946,0.0,2,bias +1.5 m,0.0,0
bias,1.5,raw,2005,10.100000000000009,0.312807224673872,0,0,75,118,0.0,0.54985022674515,1.506491975464449,0.0,2,bias +1.5 m,0.0,0
bias,1.5,raw,2006,10.300000000000011,0.30656893993049206,0,0,67,130,0.0,0.5199096215888214,1.5040099154334825,0.0,2,bias +1.5 m,0.0,0
bias,1.5,raw,2007,10.100000000000009,0.312807224673872,0,0,72,121,0.0,0.5413979587162587,1.4987647645352178,0.0,2,bias +1.5 m,0.0,0
bias,1.5,raw,2008,10.300000000000011,0.30656893993049206,0,0,65,132,0.0,0.5175739650704367,1.495160182463709,0.0,2,bias +1.5 m,0.0,0
bias,1.5,raw,2009,10.300000000000011,0.30656893993049206,0,0,120,77,0.0,0.5324885610745262,1.5020482059959277,0.0,2,bias +1.5 m,0.0,0
bias,1.5,raw,2010,10.300000000000011,0.30656893993049206,0,0,117,80,0.0,0.5322270271332064,1.4998990562500694,0.0,2,bias +1.5 m,0.0,0
bias,1.5,raw,2011,10.100000000000009,0.312807224673872,0,0,73,120,0.0,0.5387728708159518,1.5030984844194386,0.0,2,bias +1.5 m,0.0,0
bias,1.5,raw,2012,10.300000000000011,0.30656893993049206,0,0,117,80,0.0,0.5358830238097037,1.4999939442789154,0.0,2,bias +1.5 m,0.0,0
bias,1.5,raw,2013,10.300000000000011,0.30656893993049206,0,0,115,82,0.0,0.5361397833260632,1.500335567810633,0.0,2,bias +1.5 m,0.0,0
bias,1.5,raw,2014,10.100000000000009,0.312807224673872,0,0,59,134,0.0,0.5031164980722981,1.50232968467168,0.0,2,bias +1.5 m,0.0,0
bias,1.5,raw,2015,10.100000000000009,0.312807224673872,0,0,92,101,0.0,0.566937293598065,1.4952922270812214,0.0,2,bias +1.5 m,0.0,0
bias,1.5,raw,2016,10.300000000000011,0.30656893993049206,0,0,59,138,0.0,0.4979085867362601,1.4973070996494555,0.0,2,bias +1.5 m,0.0,0
bias,1.5,raw,2017,10.300000000000011,0.30656893993049206,0,0,61,136,0.0,0.5092802067653694,1.503221375531728,0.0,2,bias +1.5 m,0.0,0
bias,1.5,raw,2018,10.100000000000009,0.312807224673872,0,0,94,99,0.0,0.5688930283082339,1.4992430753373596,0.0,2,bias +1.5 m,0.0,0
bias,1.5,raw,2019,10.100000000000009,0.312807224673872,0,0,121,72,0.0,0.5247840536544984,1.5027942737112225,0.0,2,bias +1.5 m,0.0,0
bias,1.5,raw,2020,10.100000000000009,0.312807224673872,0,0,95,98,0.0,0.5656082210413117,1.4968100583554447,0.0,2,bias +1.5 m,0.0,0
bias,1.5,raw,2021,10.300000000000011,0.30656893993049206,0,0,76,121,0.0,0.5462477648218566,1.5011287611384643,0.0,2,bias +1.5 m,0.0,0
bias,1.5,raw,2022,10.300000000000011,0.30656893993049206,0,0,117,80,0.0,0.5499784703403234,1.4998586235687166,0.0,2,bias +1.5 m,0.0,0
bias,1.5,raw,2023,10.100000000000009,0.312807224673872,0,0,125,68,0.0,0.511647166064355,1.5019888455121795,0.0,2,bias +1.5 m,0.0,0
bias,1.5,raw,2024,10.100000000000009,0.312807224673872,0,0,78,115,0.0,0.5514282738631779,1.4993874426139089,0.0,2,bias +1.5 m,0.0,0
bias,1.5,raw,2025,10.300000000000011,0.30656893993049206,0,0,57,140,0.0,0.49202959871339697,1.4985868979840915,0.0,2,bias +1.5 m,0.0,0
bias,1.5,raw,2026,10.300000000000011,0.30656893993049206,0,0,122,75,0.0,0.517667453919858,1.5040259942874323,0.0,2,bias +1.5 m,0.0,0
bias,1.5,raw,2027,10.100000000000009,0.312807224673872,0,0,132,61,0.0,0.48900856963440226,1.5002549302699326,0.0,2,bias +1.5 m,0.0,0
bias,1.5,raw,2028,10.300000000000011,0.30656893993049206,0,0,106,91,0.0,0.5510546119364274,1.4956447762400733,0.0,2,bias +1.5 m,0.0,0
bias,1.5,raw,2029,10.100000000000009,0.312807224673872,0,0,69,124,0.0,0.5374239442809509,1.5031672943895444,0.0,2,bias +1.5 m,0.0,0
bias,1.5,raw,2030,10.100000000000009,0.312807224673872,0,0,101,92,0.0,0.5548705348256077,1.493444182713637,0.0,2,bias +1.5 m,0.0,0
bias,1.5,raw,2031,10.300000000000011,0.30656893993049206,0,0,106,91,0.0,0.5597478116017741,1.4986641567633603,0.0,2,bias +1.5 m,0.0,0
bias,1.5,raw,2032,10.100000000000009,0.312807224673872,0,0,91,102,0.0,0.5696948236461119,1.5052095496468418,0.0,2,bias +1.5 m,0.0,0
bias,1.5,raw,2033,10.100000000000009,0.312807224673872,0,0,126,67,0.0,0.49389985162847794,1.4969107431669657,0.0,2,bias +1.5 m,0.0,0
bias,1.5,raw,2034,10.100000000000009,0.312807224673872,0,0,128,65,0.0,0.4936072629025178,1.495879156628148,0.0,2,bias +1.5 m,0.0,0
bias,1.5,raw,2035,10.100000000000009,0.312807224673872,0,0,119,74,0.0,0.5343757229172282,1.4977813636660846,0.0,2,bias +1.5 m,0.0,0
bias,1.5,raw,2036,10.100000000000009,0.312807224673872,0,0,55,138,0.0,0.4882883618102332,1.504192971596744,0.0,2,bias +1.5 m,0.0,0
bias,1.5,raw,2037,10.300000000000011,0.30656893993049206,0,0,65,132,0.0,0.5163626915033033,1.4970452191310786,0.0,2,bias +1.5 m,0.0,0
bias,1.5,raw,2038,10.100000000000009,0.312807224673872,0,0,80,113,0.0,0.554376939307114,1.5014358125020195,0.0,2,bias +1.5 m,0.0,0
bias,1.5,raw,2039,10.300000000000011,0.30656893993049206,0,0,87,110,0.0,0.5511804484570616,1.4994734175846904,0.0,2,bias +1.5 m,0.0,0
bias,1.5,median,2000,9.950000000000006,0.32184856000569906,2,0,81,107,0.0,0.5530347279923037,1.6024369064406907,0.0,2,bias +1.5 m,0.0,0
bias,1.5,median,2001,9.750000000000004,0.34259734741255093,2,0,91,94,0.0,0.5711024537786639,1.6119242133159868,0.0,2,bias +1.5 m,0.0,0
bias,1.5,median,2002,9.750000000000004,0.34259734741255093,2,0,53,132,0.0,0.49268186019697163,1.610933273411434,0.0,2,bias +1.5 m,0.0,0
bias,1.5,median,2003,9.950000000000006,0.32184856000569906,2,0,104,84,0.0,0.5532869410287206,1.6104597720534137,0.0,2,bias +1.5 m,0.0,0
bias,1.5,median,2004,9.750000000000004,0.34259734741255093,2,0,73,112,0.0,0.5501036084107256,1.616885897874311,0.0,2,bias +1.5 m,0.0,0
bias,1.5,median,2005,9.750000000000004,0.34259734741255093,2,0,67,118,0.0,0.5410620815785957,1.6197918198077532,0.0,2,bias +1.5 m,0.0,0
bias,1.5,median,2006,9.950000000000006,0.32184856000569906,2,0,58,130,0.0,0.5060070091822485,1.6110932985746358,0.0,2,bias +1.5 m,0.0,0
bias,1.5,median,2007,9.750000000000004,0.34259734741255093,2,0,64,121,0.0,0.5303719117639923,1.611337774976171,0.0,2,bias +1.5 m,0.0,0
bias,1.5,median,2008,9.950000000000006,0.32184856000569906,2,0,56,132,0.0,0.5023117770376155,1.6003331646913974,0.0,2,bias +1.5 m,0.0,0
bias,1.5,median,2009,9.950000000000006,0.32184856000569906,2,0,111,77,0.0,0.53983498397184,1.6092759598361062,0.0,2,bias +1.5 m,0.0,0
bias,1.5,median,2010,9.950000000000006,0.32184856000569906,2,0,108,80,0.0,0.5386794340403512,1.6058405291245759,0.0,2,bias +1.5 m,0.0,0
bias,1.5,median,2011,9.750000000000004,0.34259734741255093,2,0,65,120,0.0,0.5281590097693055,1.613577764115546,0.0,2,bias +1.5 m,0.0,0
bias,1.5,median,2012,9.950000000000006,0.32184856000569906,2,0,108,80,0.0,0.5419828494939523,1.604908213230313,0.0,2,bias +1.5 m,0.0,0
bias,1.5,median,2013,9.950000000000006,0.32184856000569906,2,0,106,82,0.0,0.541921478489569,1.6072295475009213,0.0,2,bias +1.5 m,0.0,0
bias,1.5,median,2014,9.750000000000004,0.34259734741255093,2,0,51,134,0.0,0.48439502706111326,1.615621531466422,0.0,2,bias +1.5 m,0.0,0
bias,1.5,median,2015,9.750000000000004,0.34259734741255093,2,0,84,101,0.0,0.5667993521458553,1.61007050637919,0.0,2,bias +1.5 m,0.0,0
bias,1.5,median,2016,9.950000000000006,0.32184856000569906,2,0,50,138,0.0,0.4783823730514352,1.6001034650049617,0.0,2,bias +1.5 m,0.0,0
bias,1.5,median,2017,9.950000000000006,0.32184856000569906,2,0,52,136,0.0,0.490636787899842,1.6092973128748305,0.0,2,bias +1.5 m,0.0,0
bias,1.5,median,2018,9.750000000000004,0.34259734741255093,2,0,86,99,0.0,0.5689716144196789,1.6124217551659528,0.0,2,bias +1.5 m,0.0,0
bias,1.5,median,2019,9.750000000000004,0.34259734741255093,2,0,113,72,0.0,0.5324223090267278,1.6138728689970605,0.0,2,bias +1.5 m,0.0,0
bias,1.5,median,2020,9.750000000000004,0.34259734741255093,2,0,87,98,0.0,0.5662566658055966,1.6112673356548521,0.0,2,bias +1.5 m,0.0,0
bias,1.5,median,2021,9.950000000000006,0.32184856000569906,2,0,67,121,0.0,0.5375379454092077,1.6080916751933856,0.0,2,bias +1.5 m,0.0,0
bias,1.5,median,2022,9.950000000000006,0.32184856000569906,2,0,108,80,0.0,0.5565377877920836,1.6050795408402836,0.0,2,bias +1.5 m,0.0,0
bias,1.5,median,2023,9.750000000000004,0.34259734741255093,2,0,117,68,0.0,0.5205078459477231,1.6160321164906566,0.0,2,bias +1.5 m,0.0,0
bias,1.5,median,2024,9.750000000000004,0.34259734741255093,2,0,70,115,0.0,0.5451396162191855,1.6174017706736983,0.0,2,bias +1.5 m,0.0,0
bias,1.5,median,2025,9.950000000000006,0.32184856000569906,2,0,48,140,0.0,0.4706375573552431,1.5850388031153213,0.0,2,bias +1.5 m,0.0,0
bias,1.5,median,2026,9.950000000000006,0.32184856000569906,2,0,113,75,0.0,0.5249975086870525,1.6090752164829651,0.0,2,bias +1.5 m,0.0,0
bias,1.5,median,2027,9.750000000000004,0.34259734741255093,2,0,124,61,0.0,0.4985387184110046,1.6113377120818788,0.0,2,bias +1.5 m,0.0,0
bias,1.5,median,2028,9.950000000000006,0.32184856000569906,2,0,97,91,0.0,0.5540644889383624,1.6019973128185743,0.0,2,bias +1.5 m,0.0,0
bias,1.5,median,2029,9.750000000000004,0.34259734741255093,2,0,61,124,0.0,0.5248625276813271,1.6158241879916166,0.0,2,bias +1.5 m,0.0,0
bias,1.5,median,2030,9.750000000000004,0.34259734741255093,2,0,93,92,0.0,0.5572160061566321,1.606017476208542,0.0,2,bias +1.5 m,0.0,0
bias,1.5,median,2031,9.950000000000006,0.32184856000569906,2,0,97,91,0.0,0.5627641361858239,1.6033609105195354,0.0,2,bias +1.5 m,0.0,0
bias,1.5,median,2032,9.750000000000004,0.34259734741255093,2,0,83,102,0.0,0.5681868843008142,1.6171757665872923,0.0,2,bias +1.5 m,0.0,0
bias,1.5,median,2033,9.750000000000004,0.34259734741255093,2,0,118,67,0.0,0.502316520130113,1.6116195228514751,0.0,2,bias +1.5 m,0.0,0
bias,1.5,median,2034,9.750000000000004,0.34259734741255093,2,0,120,65,0.0,0.5028437771872736,1.6110475815454082,0.0,2,bias +1.5 m,0.0,0
bias,1.5,median,2035,9.750000000000004,0.34259734741255093,2,0,111,74,0.0,0.5420642861084597,1.6098835855906701,0.0,2,bias +1.5 m,0.0,0
bias,1.5,median,2036,9.750000000000004,0.34259734741255093,2,0,47,138,0.0,0.4666439321795741,1.6164120744674622,0.0,2,bias +1.5 m,0.0,0
bias,1.5,median,2037,9.950000000000006,0.32184856000569906,2,0,56,132,0.0,0.5007521738765522,1.60351521427221,0.0,2,bias +1.5 m,0.0,0
bias,1.5,median,2038,9.750000000000004,0.34259734741255093,2,0,72,113,0.0,0.5484740291093902,1.617184413206592,0.0,2,bias +1.5 m,0.0,0
bias,1.5,median,2039,9.950000000000006,0.32184856000569906,2,0,78,110,0.0,0.5477264918314662,1.6062602742400314,0.0,2,bias +1.5 m,0.0,0
bias,1.5,mad,2000,10.300000000000011,0.30656893993049206,0,5,90,102,0.0,0.5554341034146326,1.4972876082171858,0.0,2,bias +1.5 m,0.0,0
bias,1.5,mad,2001,10.100000000000009,0.312807224673872,0,2,99,92,0.0,0.5687400744501081,1.4975855415286017,0.0,2,bias +1.5 m,0.0,0
bias,1.5,mad,2002,10.100000000000009,0.312807224673872,0,2,61,130,0.0,0.5103248305600897,1.4964962617417883,0.0,2,bias +1.5 m,0.0,0
bias,1.5,mad,2003,10.300000000000011,0.30656893993049206,0,3,113,81,0.0,0.5471901821654014,1.503140903187006,0.0,2,bias +1.5 m,0.0,0
bias,1.5,mad,2004,10.100000000000009,0.312807224673872,0,1,81,111,0.0,0.5564903067828485,1.5035858830900946,0.0,2,bias +1.5 m,0.0,0
bias,1.5,mad,2005,10.100000000000009,0.312807224673872,0,1,75,117,0.0,0.54985022674515,1.506491975464449,0.0,2,bias +1.5 m,0.0,0
bias,1.5,mad,2006,10.300000000000011,0.30656893993049206,0,3,67,127,0.0,0.5199096215888214,1.5040099154334825,0.0,2,bias +1.5 m,0.0,0
bias,1.5,mad,2007,10.100000000000009,0.312807224673872,0,2,72,119,0.0,0.5413979587162587,1.4987647645352178,0.0,2,bias +1.5 m,0.0,0
bias,1.5,mad,2008,10.300000000000011,0.30656893993049206,0,3,65,129,0.0,0.5175739650704367,1.495160182463709,0.0,2,bias +1.5 m,0.0,0
bias,1.5,mad,2009,10.300000000000011,0.30656893993049206,0,2,120,75,0.0,0.5324885610745262,1.5020482059959277,0.0,2,bias +1.5 m,0.0,0
bias,1.5,mad,2010,10.300000000000011,0.30656893993049206,0,5,117,75,0.0,0.5322270271332064,1.4998990562500694,0.0,2,bias +1.5 m,0.0,0
bias,1.5,mad,2011,10.100000000000009,0.312807224673872,0,2,73,118,0.0,0.5387728708159518,1.5030984844194386,0.0,2,bias +1.5 m,0.0,0
bias,1.5,mad,2012,10.300000000000011,0.30656893993049206,0,2,117,78,0.0,0.5358830238097037,1.4999939442789154,0.0,2,bias +1.5 m,0.0,0
bias,1.5,mad,2013,10.300000000000011,0.30656893993049206,0,0,115,82,0.0,0.5361397833260632,1.500335567810633,0.0,2,bias +1.5 m,0.0,0
bias,1.5,mad,2014,10.100000000000009,0.312807224673872,0,4,59,130,0.0,0.5031164980722981,1.50232968467168,0.0,2,bias +1.5 m,0.0,0
bias,1.5,mad,2015,10.100000000000009,0.312807224673872,0,0,92,101,0.0,0.566937293598065,1.4952922270812214,0.0,2,bias +1.5 m,0.0,0
bias,1.5,mad,2016,10.300000000000011,0.30656893993049206,0,0,59,138,0.0,0.4979085867362601,1.4973070996494555,0.0,2,bias +1.5 m,0.0,0
bias,1.5,mad,2017,10.300000000000011,0.30656893993049206,0,3,61,133,0.0,0.5092802067653694,1.503221375531728,0.0,2,bias +1.5 m,0.0,0
bias,1.5,mad,2018,10.100000000000009,0.312807224673872,0,6,94,93,0.0,0.5688930283082339,1.4992430753373596,0.0,2,bias +1.5 m,0.0,0
bias,1.5,mad,2019,10.100000000000009,0.312807224673872,0,2,121,70,0.0,0.5247840536544984,1.5027942737112225,0.0,2,bias +1.5 m,0.0,0
bias,1.5,mad,2020,10.100000000000009,0.312807224673872,0,3,95,95,0.0,0.5656082210413117,1.4968100583554447,0.0,2,bias +1.5 m,0.0,0
bias,1.5,mad,2021,10.300000000000011,0.30656893993049206,0,4,76,117,0.0,0.5462477648218566,1.5011287611384643,0.0,2,bias +1.5 m,0.0,0
bias,1.5,mad,2022,10.300000000000011,0.30656893993049206,0,2,117,78,0.0,0.5499784703403234,1.4998586235687166,0.0,2,bias +1.5 m,0.0,0
bias,1.5,mad,2023,10.100000000000009,0.312807224673872,0,1,125,67,0.0,0.511647166064355,1.5019888455121795,0.0,2,bias +1.5 m,0.0,0
bias,1.5,mad,2024,10.100000000000009,0.312807224673872,0,1,78,114,0.0,0.5514282738631779,1.4993874426139089,0.0,2,bias +1.5 m,0.0,0
bias,1.5,mad,2025,10.300000000000011,0.30656893993049206,0,5,57,135,0.0,0.49202959871339697,1.4985868979840915,0.0,2,bias +1.5 m,0.0,0
bias,1.5,mad,2026,10.300000000000011,0.30656893993049206,0,7,122,68,0.0,0.517667453919858,1.5040259942874323,0.0,2,bias +1.5 m,0.0,0
bias,1.5,mad,2027,10.100000000000009,0.312807224673872,0,1,132,60,0.0,0.48900856963440226,1.5002549302699326,0.0,2,bias +1.5 m,0.0,0
bias,1.5,mad,2028,10.300000000000011,0.30656893993049206,0,4,106,87,0.0,0.5510546119364274,1.4956447762400733,0.0,2,bias +1.5 m,0.0,0
bias,1.5,mad,2029,10.100000000000009,0.312807224673872,0,2,69,122,0.0,0.5374239442809509,1.5031672943895444,0.0,2,bias +1.5 m,0.0,0
bias,1.5,mad,2030,10.100000000000009,0.312807224673872,0,3,101,89,0.0,0.5548705348256077,1.493444182713637,0.0,2,bias +1.5 m,0.0,0
bias,1.5,mad,2031,10.300000000000011,0.30656893993049206,0,4,106,87,0.0,0.5597478116017741,1.4986641567633603,0.0,2,bias +1.5 m,0.0,0
bias,1.5,mad,2032,10.100000000000009,0.312807224673872,0,1,91,101,0.0,0.5696948236461119,1.5052095496468418,0.0,2,bias +1.5 m,0.0,0
bias,1.5,mad,2033,10.100000000000009,0.312807224673872,0,1,126,66,0.0,0.49389985162847794,1.4969107431669657,0.0,2,bias +1.5 m,0.0,0
bias,1.5,mad,2034,10.100000000000009,0.312807224673872,0,1,128,64,0.0,0.4936072629025178,1.495879156628148,0.0,2,bias +1.5 m,0.0,0
bias,1.5,mad,2035,10.100000000000009,0.312807224673872,0,0,119,74,0.0,0.5343757229172282,1.4977813636660846,0.0,2,bias +1.5 m,0.0,0
bias,1.5,mad,2036,10.100000000000009,0.312807224673872,0,1,55,137,0.0,0.4882883618102332,1.504192971596744,0.0,2,bias +1.5 m,0.0,0
bias,1.5,mad,2037,10.300000000000011,0.30656893993049206,0,1,65,131,0.0,0.5163626915033033,1.4970452191310786,0.0,2,bias +1.5 m,0.0,0
bias,1.5,mad,2038,10.100000000000009,0.312807224673872,0,3,80,110,0.0,0.554376939307114,1.5014358125020195,0.0,2,bias +1.5 m,0.0,0
bias,1.5,mad,2039,10.300000000000011,0.30656893993049206,0,3,87,107,0.0,0.5511804484570616,1.4994734175846904,0.0,2,bias +1.5 m,0.0,0
bias,1.5,kf,2000,14.300000000000068,0.3000000104303835,169,0,0,107,0.0,0.5211862156806211,0.06378847487707605,0.6013986013986014,2,bias +1.5 m,0.0,0
bias,1.5,kf,2001,14.700000000000074,0.3000000027439785,190,0,0,94,0.0,0.4961963599113633,0.29207719707529617,0.6564625850340136,2,bias +1.5 m,0.0,0
bias,1.5,kf,2002,14.500000000000071,0.3000000053498363,148,0,0,132,0.0,0.5592640320626195,0.21985641641347312,0.5206896551724138,2,bias +1.5 m,0.0,0
bias,1.5,kf,2003,14.500000000000071,0.3000000053498363,196,0,0,84,0.0,0.46406732870832035,0.08879152619889283,0.6862068965517242,2,bias +1.5 m,0.0,0
bias,1.5,kf,2004,14.300000000000068,0.3000000104303835,164,0,0,112,0.0,0.536153088742804,0.0619957622921861,0.583916083916084,2,bias +1.5 m,0.0,0
bias,1.5,kf,2005,14.500000000000071,0.3000000053498363,162,0,0,118,0.0,0.5442819403954321,0.30845523329085944,0.5689655172413793,2,bias +1.5 m,0.0,0
bias,1.5,kf,2006,14.500000000000071,0.3000000053498363,150,0,0,130,0.0,0.5511587366339405,0.18261624858175574,0.5275862068965518,2,bias +1.5 m,0.0,0
bias,1.5,kf,2007,14.100000000000065,0.3000000203357434,151,0,0,121,0.0,0.5536220239153419,0.1753551493910383,0.5460992907801419,2,bias +1.5 m,0.0,0
bias,1.5,kf,2008,14.500000000000071,0.3000000053498363,148,0,0,132,0.0,0.5602887016654493,0.17768343795098288,0.5206896551724138,2,bias +1.5 m,0.0,0
bias,1.5,kf,2009,13.500000000000057,0.3000001507090587,183,0,0,77,0.0,0.4634701877952425,0.22756172528124874,0.6888888888888889,2,bias +1.5 m,0.0,0
bias,1.5,kf,2010,14.500000000000071,0.3000000053498363,200,0,0,80,0.0,0.4473699436231949,0.19712907659781814,0.7,2,bias +1.5 m,0.0,0
bias,1.5,kf,2011,14.500000000000071,0.3000000053498363,160,0,0,120,0.0,0.5407569264053689,0.30425766999628756,0.5620689655172414,2,bias +1.5 m,0.0,0
bias,1.5,kf,2012,13.300000000000054,0.30000029383201743,176,0,0,80,0.0,0.4734141034193418,0.33589133176326136,0.6729323308270677,2,bias +1.5 m,0.0,0
bias,1.5,kf,2013,13.500000000000057,0.3000001507090587,178,0,0,82,0.0,0.4744839591288073,0.27734836329776036,0.6703703703703704,2,bias +1.5 m,0.0,0
bias,1.5,kf,2014,14.300000000000068,0.3000000104303835,142,0,0,134,0.0,0.5605982581821114,0.024992694391350708,0.506993006993007,2,bias +1.5 m,0.0,0
bias,1.5,kf,2015,14.300000000000068,0.3000000104303835,175,0,0,101,0.0,0.5189131051561293,0.1245581036572708,0.6223776223776224,2,bias +1.5 m,0.0,0
bias,1.5,kf,2016,14.100000000000065,0.3000000203357434,134,0,0,138,0.0,0.5609421695514882,0.19648750043460222,0.4858156028368794,2,bias +1.5 m,0.0,0
bias,1.5,kf,2017,13.900000000000063,0.30000003964786687,132,0,0,136,0.0,0.5660191138550881,0.20286885259456028,0.4856115107913669,2,bias +1.5 m,0.0,0
bias,1.5,kf,2018,13.70000000000006,0.3000000773000178,165,0,0,99,0.0,0.5259808501001829,0.26447951204726,0.6131386861313869,2,bias +1.5 m,0.0,0
bias,1.5,kf,2019,13.70000000000006,0.3000000773000178,192,0,0,72,0.0,0.4430768196658648,0.2093753793621969,0.7116788321167883,2,bias +1.5 m,0.0,0
bias,1.5,kf,2020,14.700000000000074,0.3000000027439785,186,0,0,98,0.0,0.5026987961006817,0.24656300429004216,0.6428571428571429,2,bias +1.5 m,0.0,0
bias,1.5,kf,2021,13.900000000000063,0.30000003964786687,147,0,0,121,0.0,0.5550260653808345,0.29128944944493035,0.539568345323741,2,bias +1.5 m,0.0,0
bias,1.5,kf,2022,13.900000000000063,0.30000003964786687,188,0,0,80,0.0,0.4737456662614856,0.2123710294211828,0.6870503597122302,2,bias +1.5 m,0.0,0
bias,1.5,kf,2023,14.500000000000071,0.3000000053498363,212,0,0,68,0.0,0.41169520156447426,0.11191969213410033,0.7413793103448276,2,bias +1.5 m,0.0,0
bias,1.5,kf,2024,14.300000000000068,0.3000000104303835,161,0,0,115,0.0,0.5422964521481001,0.040878791795685765,0.5734265734265734,2,bias +1.5 m,0.0,0
bias,1.5,kf,2025,14.100000000000065,0.3000000203357434,132,0,0,140,0.0,0.5636959367603774,0.049165928179307976,0.4787234042553192,2,bias +1.5 m,0.0,0
bias,1.5,kf,2026,14.500000000000071,0.3000000053498363,205,0,0,75,0.0,0.4287510948072584,0.178874698463864,0.7172413793103448,2,bias +1.5 m,0.0,0
bias,1.5,kf,2027,14.900000000000077,0.3000000014074109,227,0,0,61,0.0,0.3775369186049618,0.295471409142817,0.7718120805369127,2,bias +1.5 m,0.0,0
bias,1.5,kf,2028,13.500000000000057,0.3000001507090587,169,0,0,91,0.0,0.5001603365565613,0.3529563714361397,0.6370370370370371,2,bias +1.5 m,0.0,0
bias,1.5,kf,2029,14.100000000000065,0.3000000203357434,148,0,0,124,0.0,0.5574963596521053,0.12897220280989907,0.5354609929078015,2,bias +1.5 m,0.0,0
bias,1.5,kf,2030,14.300000000000068,0.3000000104303835,184,0,0,92,0.0,0.4883439195336955,0.04502021913725548,0.6538461538461539,2,bias +1.5 m,0.0,0
bias,1.5,kf,2031,13.900000000000063,0.30000003964786687,177,0,0,91,0.0,0.4995865228733199,0.13285700709345433,0.6474820143884892,2,bias +1.5 m,0.0,0
bias,1.5,kf,2032,14.100000000000065,0.3000000203357434,170,0,0,102,0.0,0.5250743549804536,0.09002786583512826,0.6134751773049646,2,bias +1.5 m,0.0,0
bias,1.5,kf,2033,14.100000000000065,0.3000000203357434,205,0,0,67,0.0,0.4053830236950411,0.02753663872569212,0.7375886524822695,2,bias +1.5 m,0.0,0
bias,1.5,kf,2034,14.500000000000071,0.3000000053498363,215,0,0,65,0.0,0.39310758935721307,0.07526035255799256,0.7517241379310344,2,bias +1.5 m,0.0,0
bias,1.5,kf,2035,13.900000000000063,0.30000003964786687,194,0,0,74,0.0,0.4503073100121039,0.10266218466150388,0.7086330935251799,2,bias +1.5 m,0.0,0
bias,1.5,kf,2036,14.100000000000065,0.3000000203357434,134,0,0,138,0.0,0.5619286691338007,0.07518852209508024,0.4858156028368794,2,bias +1.5 m,0.0,0
bias,1.5,kf,2037,14.100000000000065,0.3000000203357434,140,0,0,132,0.0,0.5588114506819147,0.05962399719024852,0.5070921985815603,2,bias +1.5 m,0.0,0
bias,1.5,kf,2038,14.500000000000071,0.3000000053498363,167,0,0,113,0.0,0.5339787873861429,0.0786018908683043,0.5862068965517241,2,bias +1.5 m,0.0,0
bias,1.5,kf,2039,14.300000000000068,0.3000000104303835,166,0,0,110,0.0,0.5250856967065575,0.11568776143626545,0.5909090909090909,2,bias +1.5 m,0.0,0
bias,1.5,kf_fallback,2000,21.900000000000176,0.30000000000000016,321,0,0,107,0.0,0.4113308464039396,0.07754391569432116,0.7397260273972602,2,bias +1.5 m,0.0,0
bias,1.5,kf_fallback,2001,24.500000000000213,0.30000000000000016,386,0,0,94,0.0,0.3537062052655363,0.3311836142159216,0.7938775510204081,2,bias +1.5 m,0.0,0
bias,1.5,kf_fallback,2002,16.900000000000105,0.30000000000186944,196,0,0,132,0.0,0.5360133955104721,0.22879977536854332,0.5887573964497042,2,bias +1.5 m,0.0,0
bias,1.5,kf_fallback,2003,26.50000000000024,0.30000000000000016,436,0,0,84,0.0,0.30016913283224345,0.1133533644962556,0.8283018867924529,2,bias +1.5 m,0.0,0
bias,1.5,kf_fallback,2004,20.900000000000162,0.30000000000000016,296,0,0,112,0.0,0.4420336141617755,0.060034419519935114,0.715311004784689,2,bias +1.5 m,0.0,0
bias,1.5,kf_fallback,2005,19.700000000000145,0.30000000000000016,266,0,0,118,0.0,0.4730597961520064,0.36278930755595196,0.682741116751269,2,bias +1.5 m,0.0,0
bias,1.5,kf_fallback,2006,17.30000000000011,0.30000000000049176,206,0,0,130,0.0,0.522819031578438,0.1878609635388579,0.6040462427745664,2,bias +1.5 m,0.0,0
bias,1.5,kf_fallback,2007,19.100000000000136,0.3000000000000012,251,0,0,121,0.0,0.48978343762732884,0.20150329227136343,0.6649214659685864,2,bias +1.5 m,0.0,0
bias,1.5,kf_fallback,2008,16.900000000000105,0.30000000000186944,196,0,0,132,0.0,0.5390172118714589,0.17820839124167084,0.5887573964497042,2,bias +1.5 m,0.0,0
bias,1.5,kf_fallback,2009,27.90000000000026,0.30000000000000016,471,0,0,77,0.0,0.27225030685136486,0.22539949168739704,0.8494623655913979,2,bias +1.5 m,0.0,0
bias,1.5,kf_fallback,2010,27.300000000000253,0.30000000000000016,456,0,0,80,0.0,0.2810957284317296,0.23311137361032933,0.8406593406593407,2,bias +1.5 m,0.0,0
bias,1.5,kf_fallback,2011,19.30000000000014,0.3000000000000006,256,0,0,120,0.0,0.47839637973235605,0.3500049353943216,0.6709844559585493,2,bias +1.5 m,0.0,0
bias,1.5,kf_fallback,2012,27.300000000000253,0.30000000000000016,456,0,0,80,0.0,0.28182491809568067,0.4035626713348467,0.8406593406593407,2,bias +1.5 m,0.0,0
bias,1.5,kf_fallback,2013,26.900000000000247,0.30000000000000016,446,0,0,82,0.0,0.2921072444344106,0.32607801534171577,0.8345724907063197,2,bias +1.5 m,0.0,0
bias,1.5,kf_fallback,2014,16.5000000000001,0.3000000000071061,186,0,0,134,0.0,0.5428976969419316,0.030148665775064476,0.5727272727272728,2,bias +1.5 m,0.0,0
bias,1.5,kf_fallback,2015,23.100000000000193,0.30000000000000016,351,0,0,101,0.0,0.38824703912433467,0.1522200105851702,0.7662337662337663,2,bias +1.5 m,0.0,0
bias,1.5,kf_fallback,2016,15.700000000000088,0.3000000001026757,166,0,0,138,0.0,0.5527340467119634,0.20722912308342148,0.5382165605095541,2,bias +1.5 m,0.0,0
bias,1.5,kf_fallback,2017,16.100000000000094,0.3000000000270115,176,0,0,136,0.0,0.5519221336841246,0.21548171798995144,0.5559006211180124,2,bias +1.5 m,0.0,0
bias,1.5,kf_fallback,2018,23.5000000000002,0.30000000000000016,361,0,0,99,0.0,0.3797768581614998,0.322080025436915,0.774468085106383,2,bias +1.5 m,0.0,0
bias,1.5,kf_fallback,2019,28.900000000000276,0.30000000000000016,496,0,0,72,0.0,0.25072402976339453,0.23996511192522574,0.8633217993079585,2,bias +1.5 m,0.0,0
bias,1.5,kf_fallback,2020,23.700000000000202,0.30000000000000016,366,0,0,98,0.0,0.3710995802621277,0.28030668424416805,0.7784810126582279,2,bias +1.5 m,0.0,0
bias,1.5,kf_fallback,2021,19.100000000000136,0.3000000000000012,251,0,0,121,0.0,0.4895755044616956,0.35099237687149987,0.6649214659685864,2,bias +1.5 m,0.0,0
bias,1.5,kf_fallback,2022,27.300000000000253,0.30000000000000016,456,0,0,80,0.0,0.28921674617535814,0.23705711976067118,0.8406593406593407,2,bias +1.5 m,0.0,0
bias,1.5,kf_fallback,2023,29.700000000000287,0.30000000000000016,516,0,0,68,0.0,0.23303857887064386,0.15150270889657938,0.8737373737373737,2,bias +1.5 m,0.0,0
bias,1.5,kf_fallback,2024,20.300000000000153,0.30000000000000016,281,0,0,115,0.0,0.4575823675050819,0.07245608256713255,0.6995073891625616,2,bias +1.5 m,0.0,0
bias,1.5,kf_fallback,2025,15.300000000000082,0.30000000039029007,156,0,0,140,0.0,0.559878612299439,0.050577358683374256,0.5196078431372549,2,bias +1.5 m,0.0,0
bias,1.5,kf_fallback,2026,28.300000000000267,0.30000000000000016,481,0,0,75,0.0,0.25795802682385954,0.21825033190323462,0.8551236749116607,2,bias +1.5 m,0.0,0
bias,1.5,kf_fallback,2027,31.100000000000307,0.30000000000000016,551,0,0,61,0.0,0.2058347281199759,0.34963858010101195,0.8906752411575563,2,bias +1.5 m,0.0,0
bias,1.5,kf_fallback,2028,17.700000000000117,0.30745165119075224,188,0,66,91,0.0,0.4289744709004381,1.4334492156482597,0.5536723163841808,2,bias +1.5 m,0.0,0
bias,1.5,kf_fallback,2029,18.500000000000128,0.300000000000009,236,0,0,124,0.0,0.504467462950721,0.15076371368239339,0.6459459459459459,2,bias +1.5 m,0.0,0
bias,1.5,kf_fallback,2030,24.90000000000022,0.30000000000000016,396,0,0,92,0.0,0.3380684831340415,0.028895142569459253,0.8012048192771084,2,bias +1.5 m,0.0,0
bias,1.5,kf_fallback,2031,25.10000000000022,0.30000000000000016,401,0,0,91,0.0,0.337476993093556,0.14604714397828744,0.8047808764940239,2,bias +1.5 m,0.0,0
bias,1.5,kf_fallback,2032,22.90000000000019,0.30000000000000016,346,0,0,102,0.0,0.3933778978349908,0.13462826919581536,0.7620087336244541,2,bias +1.5 m,0.0,0
bias,1.5,kf_fallback,2033,29.90000000000029,0.30000000000000016,521,0,0,67,0.0,0.22368508443761934,0.029428950513261404,0.8762541806020067,2,bias +1.5 m,0.0,0
bias,1.5,kf_fallback,2034,30.300000000000296,0.30000000000000016,531,0,0,65,0.0,0.2175397837733019,0.07192622715915328,0.8811881188118812,2,bias +1.5 m,0.0,0
bias,1.5,kf_fallback,2035,28.50000000000027,0.30000000000000016,486,0,0,74,0.0,0.261185004628223,0.07293567948563498,0.8578947368421053,2,bias +1.5 m,0.0,0
bias,1.5,kf_fallback,2036,15.700000000000088,0.3000000001026757,166,0,0,138,0.0,0.5541331823977843,0.08361739496500271,0.5382165605095541,2,bias +1.5 m,0.0,0
bias,1.5,kf_fallback,2037,16.900000000000105,0.30000000000186944,196,0,0,132,0.0,0.5339443516118777,0.0783645324210226,0.5887573964497042,2,bias +1.5 m,0.0,0
bias,1.5,kf_fallback,2038,20.70000000000016,0.30000000000000016,291,0,0,113,0.0,0.4454241952739774,0.08707054567951206,0.7101449275362319,2,bias +1.5 m,0.0,0
bias,1.5,kf_fallback,2039,21.300000000000168,0.30000000000000016,306,0,0,110,0.0,0.42508488563787195,0.15018179630500886,0.7253521126760564,2,bias +1.5 m,0.0,0
terrain,0.5,raw,0,13.850000000000062,0.30000001556953715,0,0,0,267,0.0,0.002016990876369722,0.027626820710715115,0.0,0,step 0.5 m,0.0,0
terrain,0.5,raw,1,13.850000000000062,0.30000001556953715,0,0,0,267,0.0,0.0016660752089002224,0.024807724626207363,0.0,0,step 0.5 m,0.0,0
terrain,0.5,raw,2,13.850000000000062,0.30000001556953715,0,0,0,267,0.0,0.0020598166159371185,0.026338276275623906,0.0,0,step 0.5 m,0.0,0
terrain,0.5,raw,3,13.650000000000059,0.30000003035537004,0,0,0,263,0.0,0.002297486302598841,0.023801126343882373,0.0,0,step 0.5 m,0.0,0
terrain,0.5,raw,4,13.850000000000062,0.30000001556953715,0,0,0,267,0.0,0.0021830780824812833,0.025973103262374526,0.0,0,step 0.5 m,0.0,0
terrain,0.5,raw,5,13.850000000000062,0.30000001556953715,0,0,0,267,0.0,0.001860915793104218,0.027079952591427866,0.0,0,step 0.5 m,0.0,0
terrain,0.5,raw,6,13.850000000000062,0.30000001556953715,0,0,0,267,0.0,0.002092485660873781,0.026269803558540555,0.0,0,step 0.5 m,0.0,0
terrain,0.5,raw,7,13.850000000000062,0.30000001556953715,0,0,0,267,0.0,0.0017002770016233356,0.024341773168606435,0.0,0,step 0.5 m,0.0,0
terrain,0.5,raw,8,13.850000000000062,0.30000001556953715,0,0,0,267,0.0,0.0024071025721576593,0.02717354129698852,0.0,0,step 0.5 m,0.0,0
terrain,0.5,raw,9,13.850000000000062,0.30000001556953715,0,0,0,267,0.0,0.00216856677548234,0.025139851636446952,0.0,0,step 0.5 m,0.0,0
terrain,0.5,raw,10,13.850000000000062,0.30000001556953715,0,0,0,267,0.0,0.0016917856397884391,0.0264891608552364,0.0,0,step 0.5 m,0.0,0
terrain,0.5,raw,11,13.850000000000062,0.30000001556953715,0,0,0,267,0.0,0.0017553018708380808,0.02319323970341569,0.0,0,step 0.5 m,0.0,0
terrain,0.5,raw,12,13.850000000000062,0.30000001556953715,0,0,0,267,0.0,0.0018623942164580412,0.02496599835961678,0.0,0,step 0.5 m,0.0,0
terrain,0.5,raw,13,13.850000000000062,0.30000001556953715,0,0,0,267,0.0,0.002265437593240506,0.029340362297490426,0.0,0,step 0.5 m,0.0,0
terrain,0.5,raw,14,13.850000000000062,0.30000001556953715,0,0,0,267,0.0,0.0020913951083267523,0.025255520032345387,0.0,0,step 0.5 m,0.0,0
terrain,0.5,raw,15,13.850000000000062,0.30000001556953715,0,0,0,267,0.0,0.002215849966287318,0.02610850436037247,0.0,0,step 0.5 m,0.0,0
terrain,0.5,raw,16,13.850000000000062,0.30000001556953715,0,0,0,267,0.0,0.002162195482799293,0.025486242612947203,0.0,0,step 0.5 m,0.0,0
terrain,0.5,raw,17,13.850000000000062,0.30000001556953715,0,0,0,267,0.0,0.002358227734340679,0.0254784689286321,0.0,0,step 0.5 m,0.0,0
terrain,0.5,raw,18,13.850000000000062,0.30000001556953715,0,0,0,267,0.0,0.0020171752805539646,0.027265136150912014,0.0,0,step 0.5 m,0.0,0
terrain,0.5,raw,19,13.850000000000062,0.30000001556953715,0,0,0,267,0.0,0.0020673561725229,0.02148124834078955,0.0,0,step 0.5 m,0.0,0
terrain,0.5,raw,20,14.050000000000065,0.30000000798575277,0,0,0,271,0.0,0.002568139643818933,0.023909473638483277,0.0,0,step 0.5 m,0.0,0
terrain,0.5,raw,21,13.850000000000062,0.30000001556953715,0,0,0,267,0.0,0.001831681588399616,0.022297078337375383,0.0,0,step 0.5 m,0.0,0
terrain,0.5,raw,22,13.850000000000062,0.30000001556953715,0,0,0,267,0.0,0.0023617231777304996,0.023170243576447192,0.0,0,step 0.5 m,0.0,0
terrain,0.5,raw,23,13.850000000000062,0.30000001556953715,0,0,0,267,0.0,0.00249350176960117,0.026452489096242697,0.0,0,step 0.5 m,0.0,0
terrain,0.5,raw,24,13.850000000000062,0.30000001556953715,0,0,0,267,0.0,0.002281064253273038,0.0258379611248244,0.0,0,step 0.5 m,0.0,0
terrain,0.5,raw,25,13.850000000000062,0.30000001556953715,0,0,0,267,0.0,0.002048985755841825,0.026130016015035094,0.0,0,step 0.5 m,0.0,0
terrain,0.5,raw,26,13.850000000000062,0.30000001556953715,0,0,0,267,0.0,0.0025680097651230014,0.027868291863487157,0.0,0,step 0.5 m,0.0,0
terrain,0.5,raw,27,13.850000000000062,0.30000001556953715,0,0,0,267,0.0,0.0019908834937599805,0.027174326305706677,0.0,0,step 0.5 m,0.0,0
terrain,0.5,raw,28,13.850000000000062,0.30000001556953715,0,0,0,267,0.0,0.0020968407357479946,0.025458091406714598,0.0,0,step 0.5 m,0.0,0
terrain,0.5,raw,29,13.850000000000062,0.30000001556953715,0,0,0,267,0.0,0.002452184972001127,0.026658127386693105,0.0,0,step 0.5 m,0.0,0
terrain,0.5,raw,30,13.850000000000062,0.30000001556953715,0,0,0,267,0.0,0.002059358115786604,0.027199159373001904,0.0,0,step 0.5 m,0.0,0
terrain,0.5,raw,31,13.850000000000062,0.30000001556953715,0,0,0,267,0.0,0.0017518737264818397,0.024740705123760205,0.0,0,step 0.5 m,0.0,0
terrain,0.5,raw,32,13.850000000000062,0.30000001556953715,0,0,0,267,0.0,0.002022127013249162,0.026122078991894754,0.0,0,step 0.5 m,0.0,0
terrain,0.5,raw,33,13.850000000000062,0.30000001556953715,0,0,0,267,0.0,0.0018306370751226268,0.02657992788019301,0.0,0,step 0.5 m,0.0,0
terrain,0.5,raw,34,14.050000000000065,0.30000000798575277,0,0,0,271,0.0,0.0017164980370983657,0.026334530130760956,0.0,0,step 0.5 m,0.0,0
terrain,0.5,raw,35,13.850000000000062,0.30000001556953715,0,0,0,267,0.0,0.002293323469747594,0.02670206889046313,0.0,0,step 0.5 m,0.0,0
terrain,0.5,raw,36,13.850000000000062,0.30000001556953715,0,0,0,267,0.0,0.0016875892767467498,0.025069580667842786,0.0,0,step 0.5 m,0.0,0
terrain,0.5,raw,37,13.850000000000062,0.30000001556953715,0,0,0,267,0.0,0.002045542418979425,0.02499998322226243,0.0,0,step 0.5 m,0.0,0
terrain,0.5,raw,38,13.850000000000062,0.30000001556953715,0,0,0,267,0.0,0.0021390549538193742,0.02300598313501946,0.0,0,step 0.5 m,0.0,0
terrain,0.5,raw,39,13.850000000000062,0.30000001556953715,0,0,0,267,0.0,0.0017721140646344193,0.024953720496818352,0.0,0,step 0.5 m,0.0,0
terrain,0.5,median,0,13.450000000000056,0.3000000591827784,0,2,0,257,0.0,0.0020569937928693006,0.06544427720153453,0.0037174721189591076,0,step 0.5 m,0.0,0
terrain,0.5,median,1,13.450000000000056,0.3000000591827784,0,2,0,257,0.0,0.001690159192145901,0.06036672014727967,0.0037174721189591076,0,step 0.5 m,0.0,0
terrain,0.5,median,2,13.450000000000056,0.3000000591827784,0,2,0,257,0.0,0.0020921710908574347,0.06209487294718249,0.0037174721189591076,0,step 0.5 m,0.0,0
terrain,0.5,median,3,13.250000000000053,0.3000001153865415,0,2,0,253,0.0,0.002357639813567034,0.06717833928004213,0.0,0,step 0.5 m,0.0,0
terrain,0.5,median,4,13.450000000000056,0.3000000591827784,0,2,0,257,0.0,0.002213906733143217,0.09543214038147577,0.0,0,step 0.5 m,0.0,0
terrain,0.5,median,5,13.450000000000056,0.3000000591827784,0,2,0,257,0.0,0.0018916877683857261,0.06595155752528256,0.0,0,step 0.5 m,0.0,0
terrain,0.5,median,6,13.450000000000056,0.3000000591827784,0,2,0,257,0.0,0.0021331613745176215,0.06654443818481932,0.0,0,step 0.5 m,0.0,0
terrain,0.5,median,7,13.450000000000056,0.3000000591827784,0,2,0,257,0.0,0.0017327702540785729,0.06070290762782856,0.0,0,step 0.5 m,0.0,0
terrain,0.5,median,8,13.450000000000056,0.3000000591827784,0,2,0,257,0.0,0.0024587336812635276,0.06434562443988258,0.0,0,step 0.5 m,0.0,0
terrain,0.5,median,9,13.450000000000056,0.3000000591827784,0,2,0,257,0.0,0.002209142041175933,0.06556711199785151,0.0,0,step 0.5 m,0.0,0
terrain,0.5,median,10,13.450000000000056,0.3000000591827784,0,2,0,257,0.0,0.0017232825234999145,0.09568846426630125,0.0,0,step 0.5 m,0.0,0
terrain,0.5,median,11,13.450000000000056,0.3000000591827784,0,2,0,257,0.0,0.0017870996230137277,0.06446694728772027,0.0,0,step 0.5 m,0.0,0
terrain,0.5,median,12,13.450000000000056,0.3000000591827784,0,2,0,257,0.0,0.0018778834587190305,0.06072395541769552,0.0,0,step 0.5 m,0.0,0
terrain,0.5,median,13,13.450000000000056,0.3000000591827784,0,2,0,257,0.0,0.002280053325830253,0.06694030682897849,0.0,0,step 0.5 m,0.0,0
terrain,0.5,median,14,13.450000000000056,0.3000000591827784,0,2,0,257,0.0,0.0021352441544329353,0.06347529062273677,0.0,0,step 0.5 m,0.0,0
terrain,0.5,median,15,13.450000000000056,0.3000000591827784,0,2,0,257,0.0,0.002265629107310514,0.06407126351979424,0.0,0,step 0.5 m,0.0,0
terrain,0.5,median,16,13.450000000000056,0.3000000591827784,0,2,0,257,0.0,0.0022002879906212933,0.05966157004517192,0.0,0,step 0.5 m,0.0,0
terrain,0.5,median,17,13.450000000000056,0.3000000591827784,0,2,0,257,0.0,0.0024260042317280866,0.06522007305758647,0.0037174721189591076,0,step 0.5 m,0.0,0
terrain,0.5,median,18,13.450000000000056,0.3000000591827784,0,2,0,257,0.0,0.0020692824172332557,0.05962634096619422,0.0,0,step 0.5 m,0.0,0
terrain,0.5,median,19,13.450000000000056,0.3000000591827784,0,2,0,257,0.0,0.0020989242191585167,0.06140416842501166,0.0,0,step 0.5 m,0.0,0
terrain,0.5,median,20,13.650000000000059,0.30000003035537004,0,2,0,261,0.0,0.0026072620287531808,0.05688230761631502,0.0,0,step 0.5 m,0.0,0
terrain,0.5,median,21,13.450000000000056,0.3000000591827784,0,2,0,257,0.0,0.0018560283258049956,0.057157136378632775,0.0,0,step 0.5 m,0.0,0
terrain,0.5,median,22,13.450000000000056,0.3000000591827784,0,2,0,257,0.0,0.0024067107625235598,0.06544121744025885,0.0,0,step 0.5 m,0.0,0
terrain,0.5,median,23,13.450000000000056,0.3000000591827784,0,2,0,257,0.0,0.0025621456012727057,0.06963981033466793,0.007434944237918215,0,step 0.5 m,0.0,0
terrain,0.5,median,24,13.450000000000056,0.3000000591827784,0,2,0,257,0.0,0.002322038729476164,0.05974237865274219,0.0,0,step 0.5 m,0.0,0
terrain,0.5,median,25,13.450000000000056,0.3000000591827784,0,1,0,258,0.0,0.002080669723655578,0.0664955136261717,0.0,0,step 0.5 m,0.0,0
terrain,0.5,median,26,13.450000000000056,0.3000000591827784,0,2,0,257,0.0,0.0026289167205196607,0.06240618666331016,0.0,0,step 0.5 m,0.0,0
terrain,0.5,median,27,13.450000000000056,0.3000000591827784,0,2,0,257,0.0,0.002024040295986662,0.06832021805508788,0.0037174721189591076,0,step 0.5 m,0.0,0
terrain,0.5,median,28,13.450000000000056,0.3000000591827784,0,2,0,257,0.0,0.002119940428498349,0.05978144791837125,0.0,0,step 0.5 m,0.0,0
terrain,0.5,median,29,13.450000000000056,0.3000000591827784,0,2,0,257,0.0,0.0024836118094152767,0.06246234757488472,0.0,0,step 0.5 m,0.0,0
terrain,0.5,median,30,13.450000000000056,0.3000000591827784,0,1,0,258,0.0,0.002090012649836922,0.06127236767152899,0.0,0,step 0.5 m,0.0,0
terrain,0.5,median,31,13.450000000000056,0.3000000591827784,0,2,0,257,0.0,0.0017808873026338686,0.08405757823398097,0.0,0,step 0.5 m,0.0,0
terrain,0.5,median,32,13.450000000000056,0.3000000591827784,0,2,0,257,0.0,0.002049569911009521,0.06783305436653315,0.0,0,step 0.5 m,0.0,0
terrain,0.5,median,33,13.450000000000056,0.3000000591827784,0,2,0,257,0.0,0.0018578787928005419,0.06614735354259003,0.0037174721189591076,0,step 0.5 m,0.0,0
terrain,0.5,median,34,13.650000000000059,0.30000003035537004,0,2,0,261,0.0,0.0017369664372916377,0.06187140078819936,0.0,0,step 0.5 m,0.0,0
terrain,0.5,median,35,13.450000000000056,0.3000000591827784,0,2,0,257,0.0,0.0023450837831581876,0.06573400981414758,0.0,0,step 0.5 m,0.0,0
terrain,0.5,median,36,13.450000000000056,0.3000000591827784,0,2,0,257,0.0,0.0017056007374817547,0.06411332891714691,0.0,0,step 0.5 m,0.0,0
terrain,0.5,median,37,13.450000000000056,0.3000000591827784,0,2,0,257,0.0,0.0020890091974081902,0.06528407789273809,0.0,0,step 0.5 m,0.0,0
terrain,0.5,median,38,13.450000000000056,0.3000000591827784,0,2,0,257,0.0,0.002194617608628713,0.0635208485454793,0.0,0,step 0.5 m,0.0,0
terrain,0.5,median,39,13.450000000000056,0.3000000591827784,0,2,0,257,0.0,0.001801034926545677,0.059992990029704915,0.0,0,step 0.5 m,0.0,0
terrain,0.5,mad,0,13.850000000000062,0.30000001556953715,0,2,0,265,0.0,0.002016990876369722,0.03175195782338503,0.0,0,step 0.5 m,0.0,0
terrain,0.5,mad,1,13.850000000000062,0.30000001556953715,0,6,0,261,0.0,0.0016660752089002224,0.03164334806939037,0.0,0,step 0.5 m,0.0,0
terrain,0.5,mad,2,13.850000000000062,0.30000001556953715,0,3,0,264,0.0,0.0020598166159371185,0.030324617576688535,0.0036101083032490976,0,step 0.5 m,0.0,0
terrain,0.5,mad,3,13.650000000000059,0.30000003035537004,0,4,0,259,0.0,0.002297486302598841,0.027926443930079883,0.0,0,step 0.5 m,0.0,0
terrain,0.5,mad,4,13.850000000000062,0.30000001556953715,0,4,0,263,0.0,0.0021830780824812833,0.028906454751973846,0.0036101083032490976,0,step 0.5 m,0.0,0
terrain,0.5,mad,5,13.850000000000062,0.30000001556953715,0,2,0,265,0.0,0.001860915793104218,0.03324117939224453,0.0,0,step 0.5 m,0.0,0
terrain,0.5,mad,6,13.850000000000062,0.30000001556953715,0,3,0,264,0.0,0.002092485660873781,0.029584645088690537,0.0,0,step 0.5 m,0.0,0
terrain,0.5,mad,7,13.850000000000062,0.30000001556953715,0,3,0,264,0.0,0.0017002770016233356,0.02830398520775774,0.0,0,step 0.5 m,0.0,0
terrain,0.5,mad,8,13.850000000000062,0.30000001556953715,0,9,0,258,0.0,0.0024071025721576593,0.034465835821743285,0.0,0,step 0.5 m,0.0,0
terrain,0.5,mad,9,13.850000000000062,0.30000001556953715,0,3,0,264,0.0,0.00216856677548234,0.030419224647864753,0.0,0,step 0.5 m,0.0,0
terrain,0.5,mad,10,13.850000000000062,0.30000001556953715,0,4,0,263,0.0,0.0016917856397884391,0.031805619502245815,0.0,0,step 0.5 m,0.0,0
terrain,0.5,mad,11,13.850000000000062,0.30000001556953715,0,2,0,265,0.0,0.0017553018708380808,0.02954804903053905,0.0,0,step 0.5 m,0.0,0
terrain,0.5,mad,12,13.850000000000062,0.30000001556953715,0,8,0,259,0.0,0.0018623942164580412,0.031621105328549504,0.007220216606498195,0,step 0.5 m,0.0,0
terrain,0.5,mad,13,13.850000000000062,0.30000001556953715,0,4,0,263,0.0,0.002265437593240506,0.034076385351830205,0.0036101083032490976,0,step 0.5 m,0.0,0
terrain,0.5,mad,14,13.850000000000062,0.30000001556953715,0,3,0,264,0.0,0.0020913951083267523,0.028608120833134788,0.0,0,step 0.5 m,0.0,0
terrain,0.5,mad,15,13.850000000000062,0.30000001556953715,0,6,0,261,0.0,0.002215849966287318,0.03162075724578678,0.0,0,step 0.5 m,0.0,0
terrain,0.5,mad,16,13.850000000000062,0.30000001556953715,0,8,0,259,0.0,0.002162195482799293,0.033978201620124854,0.0,0,step 0.5 m,0.0,0
terrain,0.5,mad,17,13.850000000000062,0.30000001556953715,0,4,0,263,0.0,0.002358227734340679,0.028660193056211706,0.0,0,step 0.5 m,0.0,0
terrain,0.5,mad,18,13.850000000000062,0.30000001556953715,0,9,0,258,0.0,0.0020171752805539646,0.029973070048318912,0.021660649819494584,0,step 0.5 m,0.0,0
terrain,0.5,mad,19,13.850000000000062,0.30000001556953715,0,4,0,263,0.0,0.0020673561725229,0.0293025330386453,0.0036101083032490976,0,step 0.5 m,0.0,0
terrain,0.5,mad,20,14.050000000000065,0.30000000798575277,0,4,0,267,0.0,0.002568139643818933,0.028518077545454934,0.0035587188612099642,0,step 0.5 m,0.0,0
terrain,0.5,mad,21,13.850000000000062,0.30000001556953715,0,2,0,265,0.0,0.001831681588399616,0.027731517982119893,0.0,0,step 0.5 m,0.0,0
terrain,0.5,mad,22,13.850000000000062,0.30000001556953715,0,4,0,263,0.0,0.0023617231777304996,0.032693391174387076,0.0036101083032490976,0,step 0.5 m,0.0,0
terrain,0.5,mad,23,13.850000000000062,0.30000001556953715,0,3,0,264,0.0,0.00249350176960117,0.03110456315695855,0.0,0,step 0.5 m,0.0,0
terrain,0.5,mad,24,13.850000000000062,0.30000001556953715,0,5,0,262,0.0,0.002281064253273038,0.03152400237133467,0.0,0,step 0.5 m,0.0,0
terrain,0.5,mad,25,13.850000000000062,0.30000001556953715,0,2,0,265,0.0,0.002048985755841825,0.029375311795453978,0.0,0,step 0.5 m,0.0,0
terrain,0.5,mad,26,13.850000000000062,0.30000001556953715,0,2,0,265,0.0,0.0025680097651230014,0.030395662513548125,0.0,0,step 0.5 m,0.0,0
terrain,0.5,mad,27,13.850000000000062,0.30000001556953715,0,4,0,263,0.0,0.0019908834937599805,0.029585159169805607,0.0,0,step 0.5 m,0.0,0
terrain,0.5,mad,28,13.850000000000062,0.30000001556953715,0,4,0,263,0.0,0.0020968407357479946,0.02995644750667395,0.0036101083032490976,0,step 0.5 m,0.0,0
terrain,0.5,mad,29,13.850000000000062,0.30000001556953715,0,3,0,264,0.0,0.002452184972001127,0.031019644759759248,0.0036101083032490976,0,step 0.5 m,0.0,0
terrain,0.5,mad,30,13.850000000000062,0.30000001556953715,0,7,0,260,0.0,0.002059358115786604,0.03358155589101932,0.0,0,step 0.5 m,0.0,0
terrain,0.5,mad,31,13.850000000000062,0.30000001556953715,0,2,0,265,0.0,0.0017518737264818397,0.0304575432477502,0.0,0,step 0.5 m,0.0,0
terrain,0.5,mad,32,13.850000000000062,0.30000001556953715,0,1,0,266,0.0,0.002022127013249162,0.028448358164886334,0.0036101083032490976,0,step 0.5 m,0.0,0
terrain,0.5,mad,33,13.850000000000062,0.30000001556953715,0,2,0,265,0.0,0.0018306370751226268,0.033366774793113764,0.0,0,step 0.5 m,0.0,0
terrain,0.5,mad,34,14.050000000000065,0.30000000798575277,0,3,0,268,0.0,0.0017164980370983657,0.02964215413306987,0.0035587188612099642,0,step 0.5 m,0.0,0
terrain,0.5,mad,35,13.850000000000062,0.30000001556953715,0,4,0,263,0.0,0.002293323469747594,0.03318471613391719,0.0,0,step 0.5 m,0.0,0
terrain,0.5,mad,36,13.850000000000062,0.30000001556953715,0,2,0,265,0.0,0.0016875892767467498,0.029817599957044506,0.0036101083032490976,0,step 0.5 m,0.0,0
terrain,0.5,mad,37,13.850000000000062,0.30000001556953715,0,2,0,265,0.0,0.002045542418979425,0.02995547136054956,0.0,0,step 0.5 m,0.0,0
terrain,0.5,mad,38,13.850000000000062,0.30000001556953715,0,0,0,267,0.0,0.0021390549538193742,0.025960589209133942,0.0,0,step 0.5 m,0.0,0
terrain,0.5,mad,39,13.850000000000062,0.30000001556953715,0,2,0,265,0.0,0.0017721140646344193,0.030909844595074197,0.0036101083032490976,0,step 0.5 m,0.0,0
terrain,0.5,kf,0,13.850000000000062,0.30000001556953715,0,19,0,248,0.0,0.002016990876369722,0.01917875813426873,0.08664259927797834,0,step 0.5 m,0.0,0
terrain,0.5,kf,1,13.850000000000062,0.30000001556953715,0,18,0,249,0.0,0.0016660752089002224,0.021502423001883694,0.08303249097472924,0,step 0.5 m,0.0,0
terrain,0.5,kf,2,13.850000000000062,0.30000001556953715,0,23,0,244,0.0,0.0020598166159371185,0.0196616270083447,0.10469314079422383,0,step 0.5 m,0.0,0
terrain,0.5,kf,3,13.850000000000062,0.30000001556953715,0,4,0,263,0.0,0.0022793732438206615,0.016058400178414103,0.0,0,step 0.5 m,0.0,0
terrain,0.5,kf,4,12.650000000000045,0.3000008551346963,0,13,0,230,0.0,0.0023121490743284656,0.15741772012980335,0.07114624505928854,0,step 0.5 m,0.0,0
terrain,0.5,kf,5,12.450000000000042,0.30000166722535015,0,28,0,211,0.0,0.0019929821139173286,0.22382957215939367,0.13253012048192772,0,step 0.5 m,0.0,0
terrain,0.5,kf,6,13.850000000000062,0.30000001556953715,0,31,0,236,0.0,0.002092485660873781,0.0554897173098861,0.1299638989169675,0,step 0.5 m,0.0,0
terrain,0.5,kf,7,13.850000000000062,0.30000001556953715,0,22,0,245,0.0,0.0017002770016233356,0.019006706654709143,0.09747292418772563,0,step 0.5 m,0.0,0
terrain,0.5,kf,8,13.850000000000062,0.30000001556953715,0,19,0,248,0.0,0.0024071025721576593,0.02119240276775035,0.08664259927797834,0,step 0.5 m,0.0,0
terrain,0.5,kf,9,13.850000000000062,0.30000001556953715,0,10,0,257,0.0,0.00216856677548234,0.09618618890653167,0.05415162454873646,0,step 0.5 m,0.0,0
terrain,0.5,kf,10,12.250000000000039,0.3000032505292397,0,42,0,193,0.0,0.0018282034095876308,0.3817763854257913,0.19183673469387755,0,step 0.5 m,0.0,0
terrain,0.5,kf,11,13.850000000000062,0.30000001556953715,0,40,0,227,0.0,0.0017553018708380808,0.023308208297297888,0.1624548736462094,0,step 0.5 m,0.0,0
terrain,0.5,kf,12,13.850000000000062,0.30000001556953715,0,8,0,259,0.0,0.0018623942164580412,0.01693728022040771,0.05054151624548736,0,step 0.5 m,0.0,0
terrain,0.5,kf,13,13.850000000000062,0.30000001556953715,0,10,0,257,0.0,0.002265437593240506,0.08924372300515779,0.05776173285198556,0,step 0.5 m,0.0,0
terrain,0.5,kf,14,12.450000000000042,0.30000166722535015,0,28,0,211,0.0,0.002237706423842655,0.22628846298331265,0.13253012048192772,0,step 0.5 m,0.0,0
terrain,0.5,kf,15,12.450000000000042,0.30000166722535015,0,33,0,206,0.0,0.0023738349977286788,0.20501350583800848,0.15261044176706828,0,step 0.5 m,0.0,0
terrain,0.5,kf,16,13.850000000000062,0.30000001556953715,0,14,0,253,0.0,0.002162195482799293,0.018502175803497865,0.06859205776173286,0,step 0.5 m,0.0,0
terrain,0.5,kf,17,12.250000000000039,0.3000032505292397,0,107,0,128,0.0,0.002600883578328249,0.7220093355726922,0.4489795918367347,0,step 0.5 m,0.0,0
terrain,0.5,kf,18,13.850000000000062,0.30000001556953715,0,13,0,254,0.0,0.0020171752805539646,0.020061976686534453,0.06498194945848375,0,step 0.5 m,0.0,0
terrain,0.5,kf,19,11.850000000000033,0.30001235587788766,0,88,0,139,0.0,0.0023260631798923646,0.533620123565522,0.3924050632911392,0,step 0.5 m,0.0,0
terrain,0.5,kf,20,13.850000000000062,0.30000001556953715,0,7,0,260,0.0,0.0025883134064364926,0.01608061293743714,0.0,0,step 0.5 m,0.0,0
terrain,0.5,kf,21,13.850000000000062,0.30000001556953715,0,14,0,253,0.0,0.001831681588399616,0.06750858222692552,0.06859205776173286,0,step 0.5 m,0.0,0
terrain,0.5,kf,22,13.850000000000062,0.30000001556953715,0,20,0,247,0.0,0.0023617231777304996,0.025493610014258074,0.09386281588447654,0,step 0.5 m,0.0,0
terrain,0.5,kf,23,13.450000000000056,0.3000000591827784,0,27,0,232,0.0,0.0025621456012727057,0.1414999493765722,0.12639405204460966,0,step 0.5 m,0.0,0
terrain,0.5,kf,24,13.850000000000062,0.30000001556953715,0,17,0,250,0.0,0.002281064253273038,0.01833677213752873,0.07942238267148015,0,step 0.5 m,0.0,0
terrain,0.5,kf,25,13.850000000000062,0.30000001556953715,0,1,0,266,0.0,0.002048985755841825,0.01964468545666815,0.0,0,step 0.5 m,0.0,0
terrain,0.5,kf,26,13.850000000000062,0.30000001556953715,0,22,0,245,0.0,0.0025680097651230014,0.02009332660958769,0.09386281588447654,0,step 0.5 m,0.0,0
terrain,0.5,kf,27,13.850000000000062,0.30000001556953715,0,15,0,252,0.0,0.0019908834937599805,0.01802799196565402,0.07220216606498195,0,step 0.5 m,0.0,0
terrain,0.5,kf,28,13.650000000000059,0.30000003035537004,0,13,0,250,0.0,0.0021056015364809143,0.1140907013514948,0.06593406593406594,0,step 0.5 m,0.0,0
terrain,0.5,kf,29,13.850000000000062,0.30000001556953715,0,9,0,258,0.0,0.002452184972001127,0.01752919019761111,0.05415162454873646,0,step 0.5 m,0.0,0
terrain,0.5,kf,30,13.850000000000062,0.30000001556953715,0,23,0,244,0.0,0.002059358115786604,0.022704200361259943,0.10108303249097472,0,step 0.5 m,0.0,0
terrain,0.5,kf,31,12.850000000000048,0.300000438606178,0,13,0,234,0.0,0.0018317857522378302,0.1492297324997962,0.07003891050583658,0,step 0.5 m,0.0,0
terrain,0.5,kf,32,13.850000000000062,0.30000001556953715,0,10,0,257,0.0,0.002022127013249162,0.017115817740281973,0.05776173285198556,0,step 0.5 m,0.0,0
terrain,0.5,kf,33,13.850000000000062,0.30000001556953715,0,9,0,258,0.0,0.0018306370751226268,0.020999025659686425,0.05054151624548736,0,step 0.5 m,0.0,0
terrain,0.5,kf,34,13.850000000000062,0.30000001556953715,0,5,0,262,0.0,0.0017212229274511169,0.01808191556219776,0.0,0,step 0.5 m,0.0,0
terrain,0.5,kf,35,13.850000000000062,0.30000001556953715,0,4,0,263,0.0,0.002293323469747594,0.01736689609168386,0.0,0,step 0.5 m,0.0,0
terrain,0.5,kf,36,13.850000000000062,0.30000001556953715,0,10,0,257,0.0,0.0016875892767467498,0.016636371852497254,0.05776173285198556,0,step 0.5 m,0.0,0
terrain,0.5,kf,37,13.850000000000062,0.30000001556953715,0,18,0,249,0.0,0.002045542418979425,0.04499081541379615,0.08303249097472924,0,step 0.5 m,0.0,0
terrain,0.5,kf,38,13.850000000000062,0.30000001556953715,0,5,0,262,0.0,0.0021390549538193742,0.014253641166281203,0.0,0,step 0.5 m,0.0,0
terrain,0.5,kf,39,13.850000000000062,0.30000001556953715,0,12,0,255,0.0,0.0017721140646344193,0.015474217104365669,0.06498194945848375,0,step 0.5 m,0.0,0
terrain,0.5,kf_fallback,0,15.250000000000082,0.3000000127764108,0,19,0,276,0.0,0.0019742852288843656,0.019690547277617973,0.07868852459016394,0,step 0.5 m,0.0,0
terrain,0.5,kf_fallback,1,15.250000000000082,0.3000000117257901,0,18,0,277,0.0,0.0016565682094868636,0.021956812527087297,0.07540983606557378,0,step 0.5 m,0.0,0
terrain,0.5,kf_fallback,2,15.450000000000085,0.3000000119049567,0,23,0,276,0.0,0.002082654300619076,0.02322550663853893,0.09061488673139159,0,step 0.5 m,0.0,0
terrain,0.5,kf_fallback,3,14.550000000000072,0.3000000155677467,0,4,0,277,0.0,0.0023165520597238573,0.017030845628573023,0.0,0,step 0.5 m,0.0,0
terrain,0.5,kf_fallback,4,14.45000000000007,0.30000000221453416,0,13,0,266,0.0,0.0021193367759220014,0.13837342618666124,0.06228373702422145,0,step 0.5 m,0.0,0
terrain,0.5,kf_fallback,5,16.250000000000096,0.300000000117678,0,20,0,295,0.0,0.0017439086682606824,0.1018035391759859,0.07692307692307693,0,step 0.5 m,0.0,0
terrain,0.5,kf_fallback,6,15.650000000000087,0.30000001009540234,0,27,0,276,0.0,0.0020492046387651894,0.02171348441680721,0.10223642172523961,0,step 0.5 m,0.0,0
terrain,0.5,kf_fallback,7,15.450000000000085,0.30000000968662305,0,22,0,277,0.0,0.0016641294570439392,0.018608196453732,0.08737864077669903,0,step 0.5 m,0.0,0
terrain,0.5,kf_fallback,8,15.250000000000082,0.3000000135890079,0,19,0,276,0.0,0.0023891056338080623,0.022505003420284067,0.08196721311475409,0,step 0.5 m,0.0,0
terrain,0.5,kf_fallback,9,15.650000000000087,0.3000000000403202,0,10,0,293,0.0,0.0020346453575005013,0.07986026783182675,0.051118210862619806,0,step 0.5 m,0.0,0
terrain,0.5,kf_fallback,10,14.250000000000068,0.30000000431759843,0,42,0,233,0.0,0.0016732330479752968,0.3259007382502798,0.16842105263157894,0,step 0.5 m,0.0,0
terrain,0.5,kf_fallback,11,16.050000000000093,0.30000001556157335,0,40,0,271,0.0,0.0018739620639987703,0.0264219869773595,0.14018691588785046,0,step 0.5 m,0.0,0
terrain,0.5,kf_fallback,12,14.850000000000076,0.30000001191049364,0,8,0,279,0.0,0.0018941475723200088,0.01611970597387967,0.04377104377104377,0,step 0.5 m,0.0,0
terrain,0.5,kf_fallback,13,15.650000000000087,0.3000000000403202,0,10,0,293,0.0,0.0021234621809691798,0.07362333056686737,0.051118210862619806,0,step 0.5 m,0.0,0
terrain,0.5,kf_fallback,14,16.250000000000096,0.3000000000054406,0,28,0,287,0.0,0.0019282413764246796,0.16919742595737908,0.10153846153846154,0,step 0.5 m,0.0,0
terrain,0.5,kf_fallback,15,15.650000000000087,0.30000000587541265,0,24,0,279,0.0,0.002097727897910297,0.02051428467097936,0.0926517571884984,0,step 0.5 m,0.0,0
terrain,0.5,kf_fallback,16,15.050000000000079,0.3000000132472129,0,14,0,277,0.0,0.0021250881919279894,0.015013109192625622,0.06312292358803986,0,step 0.5 m,0.0,0
terrain,0.5,kf_fallback,17,16.050000000000093,0.3000000000106072,0,110,0,201,0.0,0.0021593278988918403,0.5532076346115223,0.3644859813084112,0,step 0.5 m,0.0,0
terrain,0.5,kf_fallback,18,14.850000000000076,0.30000002315454327,0,13,0,274,0.0,0.0020621258211594236,0.020817517101870756,0.06397306397306397,0,step 0.5 m,0.0,0
terrain,0.5,kf_fallback,19,17.650000000000116,0.3000000172201762,0,81,0,262,0.0,0.0019600265775556887,0.022570326488251174,0.24362606232294617,0,step 0.5 m,0.0,0
terrain,0.5,kf_fallback,20,14.650000000000073,0.3000000155516342,0,7,0,276,0.0,0.0025685952459334107,0.015771167074596974,0.0,0,step 0.5 m,0.0,0
terrain,0.5,kf_fallback,21,15.450000000000085,0.30000000233286955,0,14,0,285,0.0,0.0017284692193234078,0.015436961858626435,0.061488673139158574,0,step 0.5 m,0.0,0
terrain,0.5,kf_fallback,22,15.250000000000082,0.300000010391254,0,17,0,278,0.0,0.002319849022535216,0.026850906308907234,0.07540983606557378,0,step 0.5 m,0.0,0
terrain,0.5,kf_fallback,23,15.85000000000009,0.30000000382851694,0,26,0,281,0.0,0.0023469992824326114,0.021496786474261502,0.09779179810725552,0,step 0.5 m,0.0,0
terrain,0.5,kf_fallback,24,15.250000000000082,0.30000000910369773,0,16,0,279,0.0,0.0022715546877997124,0.018017354932051248,0.06885245901639345,0,step 0.5 m,0.0,0
terrain,0.5,kf_fallback,25,13.850000000000062,0.30000001556953715,0,1,0,266,0.0,0.002048985755841825,0.01964468545666815,0.0,0,step 0.5 m,0.0,0
terrain,0.5,kf_fallback,26,15.450000000000085,0.3000000089769411,0,21,0,278,0.0,0.002518205772312187,0.02234280544056968,0.08414239482200647,0,step 0.5 m,0.0,0
terrain,0.5,kf_fallback,27,15.250000000000082,0.3000000070253051,0,15,0,280,0.0,0.0019409137776945607,0.01867568977890806,0.06557377049180328,0,step 0.5 m,0.0,0
terrain,0.5,kf_fallback,28,15.85000000000009,0.3000000000206806,0,13,0,294,0.0,0.0019498440687552097,0.09339013072862574,0.056782334384858045,0,step 0.5 m,0.0,0
terrain,0.5,kf_fallback,29,14.850000000000076,0.3000000136220156,0,9,0,278,0.0,0.0025156332944041206,0.016757843911557428,0.04713804713804714,0,step 0.5 m,0.0,0
terrain,0.5,kf_fallback,30,15.450000000000085,0.30000001190858716,0,23,0,276,0.0,0.002104995029722551,0.020673374643737957,0.09061488673139159,0,step 0.5 m,0.0,0
terrain,0.5,kf_fallback,31,15.050000000000079,0.3000000002988152,0,11,0,280,0.0,0.0016778291326923441,0.11738765887021604,0.053156146179401995,0,step 0.5 m,0.0,0
terrain,0.5,kf_fallback,32,14.850000000000076,0.3000000155650442,0,10,0,277,0.0,0.0020893223708777064,0.016151044151600256,0.050505050505050504,0,step 0.5 m,0.0,0
terrain,0.5,kf_fallback,33,14.850000000000076,0.3000000135385547,0,9,0,278,0.0,0.0018505090722774013,0.018986237800202525,0.050505050505050504,0,step 0.5 m,0.0,0
terrain,0.5,kf_fallback,34,14.500000000000071,0.30000002033468104,0,5,0,275,0.0,0.0017962988670275095,0.018452090167533595,0.0,0,step 0.5 m,0.0,0
terrain,0.5,kf_fallback,35,14.550000000000072,0.3000000155396148,0,4,0,277,0.0,0.0022949510866764715,0.019120091579665117,0.0,0,step 0.5 m,0.0,0
terrain,0.5,kf_fallback,36,14.850000000000076,0.300000015563661,0,10,0,277,0.0,0.0017432980283920228,0.018511578472192928,0.050505050505050504,0,step 0.5 m,0.0,0
terrain,0.5,kf_fallback,37,15.250000000000082,0.3000000068880962,0,15,0,280,0.0,0.001969863989966666,0.020848732359380808,0.06557377049180328,0,step 0.5 m,0.0,0
terrain,0.5,kf_fallback,38,14.700000000000074,0.30000001032998724,0,5,0,279,0.0,0.0020966398192456656,0.015881884733366654,0.0,0,step 0.5 m,0.0,0
terrain,0.5,kf_fallback,39,15.050000000000079,0.3000000102836524,0,12,0,279,0.0,0.0017373150299783624,0.01584025584114307,0.05647840531561462,0,step 0.5 m,0.0,0
terrain,1.0,raw,1000,13.600000000000058,0.3000000119203949,0,0,0,262,0.0,0.0019651041903090203,0.025063535038245214,0.0,1,step 1.0 m,0.0,0
terrain,1.0,raw,1001,13.600000000000058,0.3000000119203949,0,0,0,262,0.0,0.0017819175217332584,0.02535352326319346,0.0,1,step 1.0 m,0.0,0
terrain,1.0,raw,1002,13.600000000000058,0.3000000119203949,0,0,0,262,0.0,0.0017571544473205375,0.022843070491536686,0.0,1,step 1.0 m,0.0,0
terrain,1.0,raw,1003,13.600000000000058,0.3000000119203949,0,0,0,262,0.0,0.001857707761301071,0.02569290986736569,0.0,1,step 1.0 m,0.0,0
terrain,1.0,raw,1004,13.600000000000058,0.3000000119203949,0,0,0,262,0.0,0.0018997256999739509,0.02855376107645941,0.0,1,step 1.0 m,0.0,0
terrain,1.0,raw,1005,13.600000000000058,0.3000000119203949,0,0,0,262,0.0,0.001979768407572972,0.027700229905966503,0.0,1,step 1.0 m,0.0,0
terrain,1.0,raw,1006,13.600000000000058,0.3000000119203949,0,0,0,262,0.0,0.0019508579376519921,0.027590990067582276,0.0,1,step 1.0 m,0.0,0
terrain,1.0,raw,1007,13.600000000000058,0.3000000119203949,0,0,0,262,0.0,0.002297423969624408,0.02365633744032597,0.0,1,step 1.0 m,0.0,0
terrain,1.0,raw,1008,13.600000000000058,0.3000000119203949,0,0,0,262,0.0,0.0021763975878182624,0.025297576861035443,0.0,1,step 1.0 m,0.0,0
terrain,1.0,raw,1009,13.800000000000061,0.3000000061140732,0,0,0,266,0.0,0.0020947419620882322,0.024041682684256046,0.0,1,step 1.0 m,0.0,0
terrain,1.0,raw,1010,13.600000000000058,0.3000000119203949,0,0,0,262,0.0,0.0019448877307048876,0.028680126854262022,0.0,1,step 1.0 m,0.0,0
terrain,1.0,raw,1011,13.600000000000058,0.3000000119203949,0,0,0,262,0.0,0.0023742035148351585,0.02585996350104822,0.0,1,step 1.0 m,0.0,0
terrain,1.0,raw,1012,13.400000000000055,0.30000002324077557,0,0,0,258,0.0,0.0022834787858745853,0.02663387769312335,0.0,1,step 1.0 m,0.0,0
terrain,1.0,raw,1013,13.600000000000058,0.3000000119203949,0,0,0,262,0.0,0.001879618247047979,0.025914903213315688,0.0,1,step 1.0 m,0.0,0
terrain,1.0,raw,1014,13.600000000000058,0.3000000119203949,0,0,0,262,0.0,0.002157667909071459,0.026893753851444897,0.0,1,step 1.0 m,0.0,0
terrain,1.0,raw,1015,13.600000000000058,0.3000000119203949,0,0,0,262,0.0,0.0018986696630820927,0.027241386402346985,0.0,1,step 1.0 m,0.0,0
terrain,1.0,raw,1016,13.600000000000058,0.3000000119203949,0,0,0,262,0.0,0.0020910309295863187,0.02462946654905993,0.0,1,step 1.0 m,0.0,0
terrain,1.0,raw,1017,13.600000000000058,0.3000000119203949,0,0,0,262,0.0,0.0019296889518803399,0.028094051556530972,0.0,1,step 1.0 m,0.0,0
terrain,1.0,raw,1018,13.600000000000058,0.3000000119203949,0,0,0,262,0.0,0.0020311126911743077,0.027356670580984448,0.0,1,step 1.0 m,0.0,0
terrain,1.0,raw,1019,13.400000000000055,0.30000002324077557,0,0,0,258,0.0,0.0019071096902889592,0.026006411418614147,0.0,1,step 1.0 m,0.0,0
terrain,1.0,raw,1020,13.600000000000058,0.3000000119203949,0,0,0,262,0.0,0.002475988126778196,0.02482331878500145,0.0,1,step 1.0 m,0.0,0
terrain,1.0,raw,1021,13.400000000000055,0.30000002324077557,0,0,0,258,0.0,0.0023892287874212573,0.028027373076262036,0.0,1,step 1.0 m,0.0,0
terrain,1.0,raw,1022,13.400000000000055,0.30000002324077557,0,0,0,258,0.0,0.0018000008310245336,0.02305665291896105,0.0,1,step 1.0 m,0.0,0
terrain,1.0,raw,1023,13.600000000000058,0.3000000119203949,0,0,0,262,0.0,0.0019991378788182463,0.02429878330013495,0.0,1,step 1.0 m,0.0,0
terrain,1.0,raw,1024,13.600000000000058,0.3000000119203949,0,0,0,262,0.0,0.002103272696475284,0.02627632230648778,0.0,1,step 1.0 m,0.0,0
terrain,1.0,raw,1025,13.400000000000055,0.30000002324077557,0,0,0,258,0.0,0.0022225411829008774,0.02595773476317462,0.0,1,step 1.0 m,0.0,0
terrain,1.0,raw,1026,13.600000000000058,0.3000000119203949,0,0,0,262,0.0,0.0016410203155919117,0.02616948264518518,0.0,1,step 1.0 m,0.0,0
terrain,1.0,raw,1027,13.600000000000058,0.30000001213326005,0,0,0,262,0.0,0.0020899401812992085,0.025568818651405745,0.0,1,step 1.0 m,0.0,0
terrain,1.0,raw,1028,13.400000000000055,0.30000002324077557,0,0,0,258,0.0,0.0023881011724256524,0.02614406893578999,0.0,1,step 1.0 m,0.0,0
terrain,1.0,raw,1029,13.600000000000058,0.3000000119203949,0,0,0,262,0.0,0.002073385897363258,0.023436515379420174,0.0,1,step 1.0 m,0.0,0
terrain,1.0,raw,1030,13.600000000000058,0.3000000119203949,0,0,0,262,0.0,0.0019307921538232048,0.025908625899889983,0.0,1,step 1.0 m,0.0,0
terrain,1.0,raw,1031,13.600000000000058,0.3000000119203949,0,0,0,262,0.0,0.002097786184847472,0.02390964297591457,0.0,1,step 1.0 m,0.0,0
terrain,1.0,raw,1032,13.400000000000055,0.30000002324077557,0,0,0,258,0.0,0.0025042018208672728,0.025673785550603057,0.0,1,step 1.0 m,0.0,0
terrain,1.0,raw,1033,13.800000000000061,0.3000000061140732,0,0,0,266,0.0,0.0023160663983349417,0.02618253813234766,0.0,1,step 1.0 m,0.0,0
terrain,1.0,raw,1034,12.600000000000044,0.30000033580739244,0,0,0,242,0.0,0.0021156465813813963,0.026378362681867763,0.0,1,step 1.0 m,0.0,0
terrain,1.0,raw,1035,13.600000000000058,0.3000000119203949,0,0,0,262,0.0,0.0023078752977115963,0.026197640108445396,0.0,1,step 1.0 m,0.0,0
terrain,1.0,raw,1036,13.600000000000058,0.3000000119203949,0,0,0,262,0.0,0.001998374373453268,0.025776153631140684,0.0,1,step 1.0 m,0.0,0
terrain,1.0,raw,1037,13.600000000000058,0.3000000119203949,0,0,0,262,0.0,0.002160340607269004,0.028658259936650724,0.0,1,step 1.0 m,0.0,0
terrain,1.0,raw,1038,13.600000000000058,0.3000000119203949,0,0,0,262,0.0,0.001691949585146555,0.027293081378994128,0.0,1,step 1.0 m,0.0,0
terrain,1.0,raw,1039,13.400000000000055,0.30000002324077557,0,0,0,258,0.0,0.002356485865375937,0.02667100588893189,0.0,1,step 1.0 m,0.0,0
terrain,1.0,median,1000,13.200000000000053,0.30000004531172153,0,3,0,251,0.0,0.001993598176327524,0.06655039099255279,0.007575757575757576,1,step 1.0 m,0.0,0
terrain,1.0,median,1001,13.200000000000053,0.30000004531172153,0,2,0,252,0.0,0.0018170988026217957,0.06192926315679694,0.003787878787878788,1,step 1.0 m,0.0,0
terrain,1.0,median,1002,13.200000000000053,0.30000004531172153,0,2,0,252,0.0,0.0017833753008550347,0.0584963638443467,0.0,1,step 1.0 m,0.0,0
terrain,1.0,median,1003,13.200000000000053,0.30000004531172153,0,2,0,252,0.0,0.0018875559080267464,0.06710158720295704,0.0,1,step 1.0 m,0.0,0
terrain,1.0,median,1004,13.200000000000053,0.30000004531172153,0,2,0,252,0.0,0.0019292469325920489,0.06102282070180543,0.0,1,step 1.0 m,0.0,0
terrain,1.0,median,1005,13.200000000000053,0.30000004531172153,0,2,0,252,0.0,0.0020254792923284875,0.06353529044533819,0.003787878787878788,1,step 1.0 m,0.0,0
terrain,1.0,median,1006,13.200000000000053,0.30000004531172153,0,2,0,252,0.0,0.0019627491380219695,0.06362242595003231,0.0,1,step 1.0 m,0.0,0
terrain,1.0,median,1007,13.200000000000053,0.30000004531172153,0,2,0,252,0.0,0.002330965059351982,0.06326110741295551,0.0,1,step 1.0 m,0.0,0
terrain,1.0,median,1008,13.200000000000053,0.30000004531172153,0,2,0,252,0.0,0.002210127364223645,0.06093100169223056,0.0,1,step 1.0 m,0.0,0
terrain,1.0,median,1009,13.400000000000055,0.30000002324077557,0,2,0,256,0.0,0.0021235029524194447,0.062291769879302857,0.0,1,step 1.0 m,0.0,0
terrain,1.0,median,1010,13.200000000000053,0.30000004531172153,0,2,0,252,0.0,0.001972275055515181,0.061746322888303555,0.0,1,step 1.0 m,0.0,0
terrain,1.0,median,1011,13.200000000000053,0.30000004531172153,0,2,0,252,0.0,0.0024132887477060104,0.06541517038156079,0.0,1,step 1.0 m,0.0,0
terrain,1.0,median,1012,13.00000000000005,0.3000000883426619,0,2,0,248,0.0,0.0023385198684449625,0.06433626187628698,0.0038461538461538464,1,step 1.0 m,0.0,0
terrain,1.0,median,1013,13.200000000000053,0.30000004531172153,0,2,0,252,0.0,0.0019190594592943778,0.06564032186142656,0.0,1,step 1.0 m,0.0,0
terrain,1.0,median,1014,13.200000000000053,0.30000004531172153,0,2,0,252,0.0,0.0021731379969555024,0.05981518386215105,0.0,1,step 1.0 m,0.0,0
terrain,1.0,median,1015,13.200000000000053,0.30000004531172153,0,2,0,252,0.0,0.001924432501645785,0.06342620566742933,0.0,1,step 1.0 m,0.0,0
terrain,1.0,median,1016,13.200000000000053,0.30000004531172153,0,2,0,252,0.0,0.002133012305085259,0.061196167320497444,0.0,1,step 1.0 m,0.0,0
terrain,1.0,median,1017,13.200000000000053,0.30000004531172153,0,2,0,252,0.0,0.0019704190026550755,0.14825097739437376,0.0,1,step 1.0 m,0.0,0
terrain,1.0,median,1018,13.200000000000053,0.30000004531172153,0,2,0,252,0.0,0.0020607576799893403,0.06431763195056217,0.0,1,step 1.0 m,0.0,0
terrain,1.0,median,1019,13.00000000000005,0.3000000883426619,0,2,0,248,0.0,0.001944573460546338,0.06937764407774635,0.0038461538461538464,1,step 1.0 m,0.0,0
terrain,1.0,median,1020,13.200000000000053,0.30000004531172153,0,2,0,252,0.0,0.0025375266104552315,0.06363239718102151,0.0,1,step 1.0 m,0.0,0
terrain,1.0,median,1021,13.00000000000005,0.3000000883426619,0,2,0,248,0.0,0.00243541058008868,0.06844479703541621,0.0038461538461538464,1,step 1.0 m,0.0,0
terrain,1.0,median,1022,13.00000000000005,0.3000000883426619,0,2,0,248,0.0,0.0018504435468370253,0.06767404171991592,0.007692307692307693,1,step 1.0 m,0.0,0
terrain,1.0,median,1023,13.200000000000053,0.30000004531172153,0,2,0,252,0.0,0.0020281068885764173,0.06726963776562234,0.0,1,step 1.0 m,0.0,0
terrain,1.0,median,1024,13.200000000000053,0.30000004531172153,0,2,0,252,0.0,0.002144594557123655,0.06452893265510355,0.0,1,step 1.0 m,0.0,0
terrain,1.0,median,1025,13.00000000000005,0.3000000883426619,0,2,0,248,0.0,0.0022736630251830553,0.11662386759595872,0.0,1,step 1.0 m,0.0,0
terrain,1.0,median,1026,13.200000000000053,0.30000004531172153,0,2,0,252,0.0,0.0016592822150913083,0.0663444294930066,0.0,1,step 1.0 m,0.0,0
terrain,1.0,median,1027,13.400000000000055,0.30000002324077557,0,2,0,256,0.0,0.002105680604323668,0.05558562138894897,0.0,1,step 1.0 m,0.0,0
terrain,1.0,median,1028,13.00000000000005,0.3000000883426619,0,2,0,248,0.0,0.002438058628811524,0.1143988740874063,0.0,1,step 1.0 m,0.0,0
terrain,1.0,median,1029,13.200000000000053,0.30000004531172153,0,2,0,252,0.0,0.0021296109083958543,0.15086330133347928,0.003787878787878788,1,step 1.0 m,0.0,0
terrain,1.0,median,1030,13.200000000000053,0.30000004531172153,0,2,0,252,0.0,0.0019677652319333547,0.060980785578457465,0.0,1,step 1.0 m,0.0,0
terrain,1.0,median,1031,13.200000000000053,0.30000004531172153,0,2,0,252,0.0,0.0021369309985885166,0.05934725048374363,0.0,1,step 1.0 m,0.0,0
terrain,1.0,median,1032,13.00000000000005,0.3000000883426619,0,2,0,248,0.0,0.002538390907501414,0.15505701419096918,0.0,1,step 1.0 m,0.0,0
terrain,1.0,median,1033,13.400000000000055,0.30000002324077557,0,2,0,256,0.0,0.002353642439195308,0.14563463163042195,0.0,1,step 1.0 m,0.0,0
terrain,1.0,median,1034,12.200000000000038,0.3000012764680624,0,2,0,232,0.0,0.0021532836483005875,0.16938084238162737,0.00819672131147541,1,step 1.0 m,0.0,0
terrain,1.0,median,1035,13.200000000000053,0.30000004531172153,0,2,0,252,0.0,0.002336389587711294,0.06271121795657977,0.0,1,step 1.0 m,0.0,0
terrain,1.0,median,1036,13.200000000000053,0.30000004531172153,0,2,0,252,0.0,0.002040230424231576,0.06624927371493378,0.003787878787878788,1,step 1.0 m,0.0,0
terrain,1.0,median,1037,13.200000000000053,0.30000004531172153,0,2,0,252,0.0,0.002190078296959898,0.06300597701547224,0.003787878787878788,1,step 1.0 m,0.0,0
terrain,1.0,median,1038,13.200000000000053,0.30000004531172153,0,2,0,252,0.0,0.0017208460891424949,0.06550133877695327,0.0,1,step 1.0 m,0.0,0
terrain,1.0,median,1039,13.00000000000005,0.3000000883426619,0,2,0,248,0.0,0.0024036486611447145,0.15672653096975594,0.007692307692307693,1,step 1.0 m,0.0,0
terrain,1.0,mad,1000,13.600000000000058,0.3000000119203949,0,9,0,253,0.0,0.0019651041903090203,0.03269353933240391,0.003676470588235294,1,step 1.0 m,0.0,0
terrain,1.0,mad,1001,13.600000000000058,0.3000000119203949,0,4,0,258,0.0,0.0017819175217332584,0.02897345675389182,0.0,1,step 1.0 m,0.0,0
terrain,1.0,mad,1002,13.600000000000058,0.3000000119203949,0,6,0,256,0.0,0.0017571544473205375,0.029681199850225805,0.0,1,step 1.0 m,0.0,0
terrain,1.0,mad,1003,13.600000000000058,0.3000000119203949,0,8,0,254,0.0,0.001857707761301071,0.03090435609524579,0.0,1,step 1.0 m,0.0,0
terrain,1.0,mad,1004,13.600000000000058,0.3000000119203949,0,6,0,256,0.0,0.0018997256999739509,0.036503216247322556,0.0,1,step 1.0 m,0.0,0
terrain,1.0,mad,1005,13.600000000000058,0.3000000119203949,0,9,0,253,0.0,0.001979768407572972,0.032123189861591774,0.0,1,step 1.0 m,0.0,0
terrain,1.0,mad,1006,13.600000000000058,0.3000000119203949,0,12,0,250,0.0,0.0019508579376519921,0.03487146179411334,0.0,1,step 1.0 m,0.0,0
terrain,1.0,mad,1007,13.600000000000058,0.3000000119203949,0,7,0,255,0.0,0.002297423969624408,0.027774124408177826,0.0,1,step 1.0 m,0.0,0
terrain,1.0,mad,1008,13.600000000000058,0.3000000119203949,0,10,0,252,0.0,0.0021763975878182624,0.032257474888171864,0.0,1,step 1.0 m,0.0,0
terrain,1.0,mad,1009,13.800000000000061,0.3000000061140732,0,4,0,262,0.0,0.0020947419620882322,0.028000547123289584,0.0036231884057971015,1,step 1.0 m,0.0,0
terrain,1.0,mad,1010,13.600000000000058,0.3000000119203949,0,10,0,252,0.0,0.0019448877307048876,0.03234592426802302,0.0,1,step 1.0 m,0.0,0
terrain,1.0,mad,1011,13.600000000000058,0.3000000119203949,0,4,0,258,0.0,0.0023742035148351585,0.030243125849246932,0.003676470588235294,1,step 1.0 m,0.0,0
terrain,1.0,mad,1012,13.400000000000055,0.30000002324077557,0,10,0,248,0.0,0.0022834787858745853,0.03209718877234145,0.0,1,step 1.0 m,0.0,0
terrain,1.0,mad,1013,13.600000000000058,0.3000000119203949,0,8,0,254,0.0,0.001879618247047979,0.030481692734751382,0.0,1,step 1.0 m,0.0,0
terrain,1.0,mad,1014,13.600000000000058,0.3000000119203949,0,5,0,257,0.0,0.002157667909071459,0.03232487841948473,0.0,1,step 1.0 m,0.0,0
terrain,1.0,mad,1015,13.600000000000058,0.3000000119203949,0,9,0,253,0.0,0.0018986696630820927,0.03292183125541389,0.0,1,step 1.0 m,0.0,0
terrain,1.0,mad,1016,13.600000000000058,0.3000000119203949,0,8,0,254,0.0,0.0020910309295863187,0.028596126196829955,0.0,1,step 1.0 m,0.0,0
terrain,1.0,mad,1017,12.800000000000047,0.30000017223855635,0,7,0,239,0.0,0.0020091777748739974,0.2743591847605403,0.0,1,step 1.0 m,0.0,0
terrain,1.0,mad,1018,13.600000000000058,0.3000000119203949,0,7,0,255,0.0,0.0020311126911743077,0.030212497816854315,0.003676470588235294,1,step 1.0 m,0.0,0
terrain,1.0,mad,1019,13.400000000000055,0.30000002324077557,0,11,0,247,0.0,0.0019071096902889592,0.03097714435821157,0.0,1,step 1.0 m,0.0,0
terrain,1.0,mad,1020,13.600000000000058,0.3000000119203949,0,5,0,257,0.0,0.002475988126778196,0.02967420387573167,0.0,1,step 1.0 m,0.0,0
terrain,1.0,mad,1021,13.400000000000055,0.30000002324077557,0,4,0,254,0.0,0.0023892287874212573,0.032393842900481834,0.0,1,step 1.0 m,0.0,0
terrain,1.0,mad,1022,13.400000000000055,0.30000002324077557,0,5,0,253,0.0,0.0018000008310245336,0.026902883272642526,0.0,1,step 1.0 m,0.0,0
terrain,1.0,mad,1023,13.600000000000058,0.3000000119203949,0,6,0,256,0.0,0.0019991378788182463,0.029201743031751447,0.0,1,step 1.0 m,0.0,0
terrain,1.0,mad,1024,13.600000000000058,0.3000000119203949,0,4,0,258,0.0,0.002103272696475284,0.029882192207088168,0.0,1,step 1.0 m,0.0,0
terrain,1.0,mad,1025,13.400000000000055,0.30000002324077557,0,11,0,247,0.0,0.0022225411829008774,0.21852233473330218,0.0,1,step 1.0 m,0.0,0
terrain,1.0,mad,1026,13.600000000000058,0.3000000119203949,0,12,0,250,0.0,0.0016410203155919117,0.030266732318651058,0.003676470588235294,1,step 1.0 m,0.0,0
terrain,1.0,mad,1027,13.600000000000058,0.30000001213326005,0,7,0,255,0.0,0.0020899401812992085,0.030487332250712557,0.0,1,step 1.0 m,0.0,0
terrain,1.0,mad,1028,13.400000000000055,0.30000002324077557,0,8,0,250,0.0,0.0023881011724256524,0.18614617343455264,0.0,1,step 1.0 m,0.0,0
terrain,1.0,mad,1029,13.600000000000058,0.3000000119203949,0,5,0,257,0.0,0.002073385897363258,0.21972480060451285,0.0,1,step 1.0 m,0.0,0
terrain,1.0,mad,1030,13.600000000000058,0.3000000119203949,0,6,0,256,0.0,0.0019307921538232048,0.03444962790386185,0.0,1,step 1.0 m,0.0,0
terrain,1.0,mad,1031,13.600000000000058,0.3000000119203949,0,10,0,252,0.0,0.002097786184847472,0.031712297591610004,0.0,1,step 1.0 m,0.0,0
terrain,1.0,mad,1032,13.400000000000055,0.30000002324077557,0,10,0,248,0.0,0.0025042018208672728,0.26257177262592696,0.0037313432835820895,1,step 1.0 m,0.0,0
terrain,1.0,mad,1033,13.800000000000061,0.3000000061140732,0,6,0,260,0.0,0.0023160663983349417,0.21328877803031843,0.0036231884057971015,1,step 1.0 m,0.0,0
terrain,1.0,mad,1034,12.200000000000038,0.3000013192070226,0,5,0,229,0.0,0.0021533671666980427,0.20845028462953386,0.00819672131147541,1,step 1.0 m,0.0,0
terrain,1.0,mad,1035,13.600000000000058,0.3000000119203949,0,6,0,256,0.0,0.0023078752977115963,0.03116200884651038,0.007352941176470588,1,step 1.0 m,0.0,0
terrain,1.0,mad,1036,13.600000000000058,0.3000000119203949,0,4,0,258,0.0,0.001998374373453268,0.02920279612530587,0.0,1,step 1.0 m,0.0,0
terrain,1.0,mad,1037,13.600000000000058,0.3000000119203949,0,12,0,250,0.0,0.002160340607269004,0.034079019925790724,0.0,1,step 1.0 m,0.0,0
terrain,1.0,mad,1038,13.600000000000058,0.3000000119203949,0,9,0,253,0.0,0.001691949585146555,0.03149397675508942,0.0,1,step 1.0 m,0.0,0
terrain,1.0,mad,1039,13.200000000000053,0.30000004531172153,0,8,0,246,0.0,0.002380230510169728,0.3232322363534697,0.003787878787878788,1,step 1.0 m,0.0,0
terrain,1.0,kf,1000,10.400000000000013,0.30051957481850206,0,96,0,102,0.0,0.0023448987999381723,1.1734579732061314,0.47596153846153844,1,step 1.0 m,0.0,0
terrain,1.0,kf,1001,11.200000000000024,0.30003595911502356,0,82,0,132,0.0,0.0020091445662158134,0.7042577540053108,0.38839285714285715,1,step 1.0 m,0.0,0
terrain,1.0,kf,1002,10.600000000000016,0.30026649454721627,0,111,0,91,0.0,0.002068507551587546,1.099474244391583,0.5377358490566038,1,step 1.0 m,0.0,0
terrain,1.0,kf,1003,10.800000000000018,0.3001366874228892,0,130,0,76,0.0,0.002148161465784179,0.9861884597143508,0.6157407407407407,1,step 1.0 m,0.0,0
terrain,1.0,kf,1004,11.000000000000021,0.30007010819374624,0,113,0,97,0.0,0.002163236116796061,0.666837619682193,0.5409090909090909,1,step 1.0 m,0.0,0
terrain,1.0,kf,1005,11.000000000000021,0.30007010819374624,0,137,0,73,0.0,0.0022708468524824934,0.8773056672851404,0.6636363636363637,1,step 1.0 m,0.0,0
terrain,1.0,kf,1006,10.800000000000018,0.3001366874228892,0,119,0,87,0.0,0.0022692297682202333,1.0290370397168258,0.5648148148148148,1,step 1.0 m,0.0,0
terrain,1.0,kf,1007,11.200000000000024,0.30003595911502356,0,111,0,103,0.0,0.002666727123135531,0.6531660999151641,0.5223214285714286,1,step 1.0 m,0.0,0
terrain,1.0,kf,1008,13.600000000000058,0.3000000119203949,0,52,0,210,0.0,0.0021763975878182624,0.022830666386305966,0.20955882352941177,1,step 1.0 m,0.0,0
terrain,1.0,kf,1009,10.400000000000013,0.30051957481850206,0,133,0,65,0.0,0.002607031355274559,1.2223207822628566,0.6538461538461539,1,step 1.0 m,0.0,0
terrain,1.0,kf,1010,10.400000000000013,0.30051957481850206,0,130,0,68,0.0,0.002300294070050098,1.1854024751802954,0.6394230769230769,1,step 1.0 m,0.0,0
terrain,1.0,kf,1011,10.400000000000013,0.30051957481850206,0,115,0,83,0.0,0.0028880578711298994,1.2036836449188244,0.5673076923076923,1,step 1.0 m,0.0,0
terrain,1.0,kf,1012,10.400000000000013,0.30051957481850206,0,113,0,85,0.0,0.002718998545819383,1.1907288769971618,0.5576923076923077,1,step 1.0 m,0.0,0
terrain,1.0,kf,1013,11.000000000000021,0.30007010819374624,0,86,0,124,0.0,0.0021893339103665785,0.9374639085547134,0.40454545454545454,1,step 1.0 m,0.0,0
terrain,1.0,kf,1014,10.800000000000018,0.3001366874228892,0,111,0,95,0.0,0.002476632336700339,1.0649956677345667,0.5277777777777778,1,step 1.0 m,0.0,0
terrain,1.0,kf,1015,10.20000000000001,0.3010129962970135,0,105,0,89,0.0,0.0022750709797578375,1.298652675172438,0.5294117647058824,1,step 1.0 m,0.0,0
terrain,1.0,kf,1016,10.400000000000013,0.30051957481850206,0,119,0,79,0.0,0.0025370791770295367,1.1954280503688122,0.5865384615384616,1,step 1.0 m,0.0,0
terrain,1.0,kf,1017,11.000000000000021,0.30007010819374624,0,76,0,134,0.0,0.0022248157700617516,0.8556644596614912,0.35909090909090907,1,step 1.0 m,0.0,0
terrain,1.0,kf,1018,10.600000000000016,0.30026649454721627,0,94,0,108,0.0,0.002419577627119927,1.0790457150102202,0.45754716981132076,1,step 1.0 m,0.0,0
terrain,1.0,kf,1019,11.200000000000024,0.30003595911502356,0,93,0,121,0.0,0.0021323383414921077,0.5696285611882256,0.4419642857142857,1,step 1.0 m,0.0,0
terrain,1.0,kf,1020,10.400000000000013,0.30051957481850206,0,91,0,107,0.0,0.003065409957367662,1.1903837336491458,0.4519230769230769,1,step 1.0 m,0.0,0
terrain,1.0,kf,1021,10.20000000000001,0.3010129962970135,0,104,0,90,0.0,0.0029234645653420494,1.2305563369788997,0.5245098039215687,1,step 1.0 m,0.0,0
terrain,1.0,kf,1022,10.600000000000016,0.30026649454721627,0,141,0,61,0.0,0.002128624065259825,1.0818139700158325,0.6792452830188679,1,step 1.0 m,0.0,0
terrain,1.0,kf,1023,10.400000000000013,0.30051957481850206,0,110,0,88,0.0,0.0024209654329288943,1.2224809269021388,0.5432692307692307,1,step 1.0 m,0.0,0
terrain,1.0,kf,1024,10.400000000000013,0.30051957481850206,0,112,0,86,0.0,0.002556281343550221,1.2335832777871976,0.5528846153846154,1,step 1.0 m,0.0,0
terrain,1.0,kf,1025,10.600000000000016,0.30026649454721627,0,76,0,126,0.0,0.002651707829503746,1.1695880993217507,0.37264150943396224,1,step 1.0 m,0.0,0
terrain,1.0,kf,1026,10.20000000000001,0.3010129962970135,0,120,0,74,0.0,0.0019688410341932644,1.2692404518478375,0.6029411764705882,1,step 1.0 m,0.0,0
terrain,1.0,kf,1027,10.800000000000018,0.3001366874228892,0,143,0,63,0.0,0.0024737134991718148,0.9484585686722649,0.6759259259259259,1,step 1.0 m,0.0,0
terrain,1.0,kf,1028,10.800000000000018,0.3001366874228892,0,80,0,126,0.0,0.002805549585718606,1.127793161283097,0.38425925925925924,1,step 1.0 m,0.0,0
terrain,1.0,kf,1029,10.800000000000018,0.3001366874228892,0,79,0,127,0.0,0.0024822209270432194,1.0991285246291997,0.37962962962962965,1,step 1.0 m,0.0,0
terrain,1.0,kf,1030,11.60000000000003,0.3000094599623236,0,66,0,156,0.0,0.0021702284318104075,0.30502393384767773,0.30603448275862066,1,step 1.0 m,0.0,0
terrain,1.0,kf,1031,11.200000000000024,0.30003595911502356,0,84,0,130,0.0,0.002425009392801256,0.7499641529036735,0.4017857142857143,1,step 1.0 m,0.0,0
terrain,1.0,kf,1032,11.000000000000021,0.30007010819374624,0,79,0,131,0.0,0.002888692676689104,0.9596258625345934,0.37272727272727274,1,step 1.0 m,0.0,0
terrain,1.0,kf,1033,10.800000000000018,0.3001366874228892,0,79,0,127,0.0,0.002719915627371597,1.136039216140131,0.37962962962962965,1,step 1.0 m,0.0,0
terrain,1.0,kf,1034,11.000000000000021,0.30007010819374624,0,71,0,139,0.0,0.002273570317387278,0.9677309742190079,0.33636363636363636,1,step 1.0 m,0.0,0
terrain,1.0,kf,1035,11.400000000000027,0.3000184437490629,0,79,0,139,0.0,0.0026004881690244244,0.4911770157086698,0.3684210526315789,1,step 1.0 m,0.0,0
terrain,1.0,kf,1036,11.60000000000003,0.3000094599623236,0,62,0,160,0.0,0.0022357492644989735,0.32621565526818025,0.29310344827586204,1,step 1.0 m,0.0,0
terrain,1.0,kf,1037,10.20000000000001,0.3010129962970135,0,108,0,86,0.0,0.0025668415641702164,1.245098697312234,0.5441176470588235,1,step 1.0 m,0.0,0
terrain,1.0,kf,1038,10.20000000000001,0.3010129962970135,0,107,0,87,0.0,0.001979575192878079,1.3272937623224448,0.5392156862745098,1,step 1.0 m,0.0,0
terrain,1.0,kf,1039,10.600000000000016,0.30026649454721627,0,72,0,130,0.0,0.0027534142134069063,1.1378150215826706,0.35377358490566035,1,step 1.0 m,0.0,0
terrain,1.0,kf_fallback,1000,19.550000000000143,0.30000000000000016,0,279,0,102,0.0,0.0016991501205860366,1.2989623848740943,0.7212276214833759,1,step 1.0 m,0.0,0
terrain,1.0,kf_fallback,1001,17.95000000000012,0.30000000000000604,0,82,0,268,0.0,0.001646474988391471,0.3270900952083259,0.24233983286908078,1,step 1.0 m,0.0,0
terrain,1.0,kf_fallback,1002,21.750000000000174,0.3000000000067494,0,165,0,260,0.0,0.0016047154971328577,0.3414408559993405,0.39080459770114945,1,step 1.0 m,0.0,0
terrain,1.0,kf_fallback,1003,19.200000000000138,0.30000001328712733,0,126,0,248,0.0,0.001908075154433778,0.025139223050571907,0.34375,1,step 1.0 m,0.0,0
terrain,1.0,kf_fallback,1004,18.00000000000012,0.3000000155462933,0,97,0,253,0.0,0.00222221340157878,0.023466016700078904,0.2833333333333333,1,step 1.0 m,0.0,0
terrain,1.0,kf_fallback,1005,18.800000000000132,0.3000000154811073,0,117,0,249,0.0,0.002185558133637421,0.022779263557749348,0.324468085106383,1,step 1.0 m,0.0,0
terrain,1.0,kf_fallback,1006,20.400000000000155,0.30000000311741365,0,147,0,251,0.0,0.0018717614378242983,0.028150526116519876,0.375,1,step 1.0 m,0.0,0
terrain,1.0,kf_fallback,1007,17.800000000000118,0.30000001358863204,0,91,0,255,0.0,0.002380795107343511,0.026866457281649797,0.2696629213483146,1,step 1.0 m,0.0,0
terrain,1.0,kf_fallback,1008,16.200000000000095,0.3000000155298704,0,52,0,262,0.0,0.002253435609110417,0.02180902518193757,0.17592592592592593,1,step 1.0 m,0.0,0
terrain,1.0,kf_fallback,1009,26.950000000000248,0.30000000000000016,0,464,0,65,0.0,0.0019364048691047399,1.272433965161424,0.8664192949907236,1,step 1.0 m,0.0,0
terrain,1.0,kf_fallback,1010,26.35000000000024,0.30000000000000016,0,449,0,68,0.0,0.0019418402570471748,1.1861716300083298,0.857685009487666,1,step 1.0 m,0.0,0
terrain,1.0,kf_fallback,1011,23.350000000000197,0.30000000000000016,0,374,0,83,0.0,0.002076580849427702,1.234314899895613,0.8072805139186295,1,step 1.0 m,0.0,0
terrain,1.0,kf_fallback,1012,23.000000000000192,0.30000000000000016,0,365,0,85,0.0,0.0019403930500247804,1.2491233804478707,0.8,1,step 1.0 m,0.0,0
terrain,1.0,kf_fallback,1013,15.200000000000081,0.30000000006018596,0,130,0,164,0.0,0.0017965805138651359,0.7957902901697237,0.4473684210526316,1,step 1.0 m,0.0,0
terrain,1.0,kf_fallback,1014,20.950000000000163,0.30000000000000016,0,311,0,98,0.0,0.0018549903562773565,0.8899073188295519,0.7565632458233891,1,step 1.0 m,0.0,0
terrain,1.0,kf_fallback,1015,22.15000000000018,0.30000000000000016,0,344,0,89,0.0,0.0017109838687952457,1.342069446626421,0.7832957110609481,1,step 1.0 m,0.0,0
terrain,1.0,kf_fallback,1016,24.150000000000208,0.30000000000000016,0,394,0,79,0.0,0.0018726076042381353,1.255367191324894,0.8219461697722568,1,step 1.0 m,0.0,0
terrain,1.0,kf_fallback,1017,13.200000000000053,0.300000047763576,0,87,0,167,0.0,0.0019705756667643855,0.6996570032617062,0.3484848484848485,1,step 1.0 m,0.0,0
terrain,1.0,kf_fallback,1018,18.350000000000126,0.3000000000000016,0,181,0,176,0.0,0.0018452656194537992,0.8539943681873603,0.5068119891008175,1,step 1.0 m,0.0,0
terrain,1.0,kf_fallback,1019,17.400000000000112,0.3000000103292984,0,79,0,259,0.0,0.0019828348290735036,0.023122388636606334,0.2413793103448276,1,step 1.0 m,0.0,0
terrain,1.0,kf_fallback,1020,18.55000000000013,0.3000000000000008,0,254,0,107,0.0,0.0020995150368693307,1.2514730615837806,0.692722371967655,1,step 1.0 m,0.0,0
terrain,1.0,kf_fallback,1021,21.950000000000177,0.30000000000000016,0,339,0,90,0.0,0.002044276694813175,1.2662103796040325,0.7790432801822323,1,step 1.0 m,0.0,0
terrain,1.0,kf_fallback,1022,21.200000000000166,0.3000000134509075,0,244,0,170,0.0,0.0019972548320269573,0.450633723205531,0.5943396226415094,1,step 1.0 m,0.0,0
terrain,1.0,kf_fallback,1023,22.350000000000183,0.30000000000000016,0,349,0,88,0.0,0.001736604924730713,1.284162515551516,0.7874720357941835,1,step 1.0 m,0.0,0
terrain,1.0,kf_fallback,1024,22.75000000000019,0.30000000000000016,0,359,0,86,0.0,0.001833305655113164,1.313068081325263,0.7956043956043956,1,step 1.0 m,0.0,0
terrain,1.0,kf_fallback,1025,14.800000000000075,0.30000000022877904,0,160,0,126,0.0,0.0020796406738118915,1.2595781727509514,0.5506756756756757,1,step 1.0 m,0.0,0
terrain,1.0,kf_fallback,1026,25.200000000000223,0.30000000000000016,0,420,0,74,0.0,0.0016662522929751082,1.2825868565218872,0.8392857142857143,1,step 1.0 m,0.0,0
terrain,1.0,kf_fallback,1027,19.40000000000014,0.3000000135556439,0,131,0,247,0.0,0.002202592612478145,0.0243096184962087,0.35051546391752575,1,step 1.0 m,0.0,0
terrain,1.0,kf_fallback,1028,14.800000000000075,0.30000000022877904,0,160,0,126,0.0,0.0022621873654989065,1.1633743211141354,0.5506756756756757,1,step 1.0 m,0.0,0
terrain,1.0,kf_fallback,1029,14.600000000000072,0.30000000044604275,0,155,0,127,0.0,0.0019926508099765445,1.1071437074892558,0.541095890410959,1,step 1.0 m,0.0,0
terrain,1.0,kf_fallback,1030,16.400000000000098,0.3000000103711384,0,54,0,264,0.0,0.0020085960567014054,0.0265897125764894,0.1798780487804878,1,step 1.0 m,0.0,0
terrain,1.0,kf_fallback,1031,16.800000000000104,0.30000000000028826,0,84,0,242,0.0,0.001878149458683821,0.47468215663384405,0.2648809523809524,1,step 1.0 m,0.0,0
terrain,1.0,kf_fallback,1032,13.800000000000061,0.3000000064449112,0,124,0,142,0.0,0.002435500144897597,0.8781592147177586,0.4673913043478261,1,step 1.0 m,0.0,0
terrain,1.0,kf_fallback,1033,14.600000000000072,0.30000000044604275,0,155,0,127,0.0,0.002236536185315239,1.19225925796623,0.541095890410959,1,step 1.0 m,0.0,0
terrain,1.0,kf_fallback,1034,12.200000000000038,0.3000013455386841,0,95,0,139,0.0,0.0021534142616083016,0.9605395507876063,0.4016393442622951,1,step 1.0 m,0.0,0
terrain,1.0,kf_fallback,1035,16.800000000000104,0.30000001169519735,0,65,0,261,0.0,0.002239723862061392,0.022219852423030192,0.20833333333333334,1,step 1.0 m,0.0,0
terrain,1.0,kf_fallback,1036,16.6000000000001,0.3000000153724725,0,62,0,260,0.0,0.001990461515104801,0.01692333761986968,0.20180722891566266,1,step 1.0 m,0.0,0
terrain,1.0,kf_fallback,1037,22.75000000000019,0.30000000000000016,0,359,0,86,0.0,0.001961786399814305,1.2875263068033203,0.7956043956043956,1,step 1.0 m,0.0,0
terrain,1.0,kf_fallback,1038,22.550000000000185,0.30000000000000016,0,354,0,87,0.0,0.0016405599807900802,1.3615439201906019,0.7915742793791575,1,step 1.0 m,0.0,0
terrain,1.0,kf_fallback,1039,14.000000000000064,0.30000000330565035,0,140,0,130,0.0,0.0022883974865669727,1.17059829635668,0.5107142857142857,1,step 1.0 m,0.0,0
terrain,2.0,raw,2000,12.850000000000048,0.30000001556917355,0,0,0,247,0.0,0.0021613582459479143,0.025051940438029524,0.0,2,step 2.0 m,0.0,0
terrain,2.0,raw,2001,12.850000000000048,0.30000001556917355,0,0,0,247,0.0,0.0024300817152351248,0.02365139732338288,0.0,2,step 2.0 m,0.0,0
terrain,2.0,raw,2002,10.650000000000016,0.30002408968006794,0,0,0,203,0.0,0.002311778182609804,0.024850474795913628,0.0,2,step 2.0 m,0.0,0
terrain,2.0,raw,2003,13.05000000000005,0.3000000079855396,0,0,0,251,0.0,0.002125556752053576,0.025580478220262184,0.0,2,step 2.0 m,0.0,0
terrain,2.0,raw,2004,12.850000000000048,0.30000001556917355,0,0,0,247,0.0,0.0020746878377194584,0.027657585225791096,0.0,2,step 2.0 m,0.0,0
terrain,2.0,raw,2005,12.850000000000048,0.30000001556917355,0,0,0,247,0.0,0.0023459078611419043,0.02838418656832465,0.0,2,step 2.0 m,0.0,0
terrain,2.0,raw,2006,11.050000000000022,0.3000063373952572,0,0,0,211,0.0,0.002420270000003988,0.02183069010826253,0.0,2,step 2.0 m,0.0,0
terrain,2.0,raw,2007,12.850000000000048,0.30000001556917355,0,0,0,247,0.0,0.001656878660857175,0.025444686376787172,0.0,2,step 2.0 m,0.0,0
terrain,2.0,raw,2008,10.650000000000016,0.30002408968006794,0,0,0,203,0.0,0.0019262994469702247,0.0232483815781666,0.0,2,step 2.0 m,0.0,0
terrain,2.0,raw,2009,12.850000000000048,0.30000001556917355,0,0,0,247,0.0,0.0024433114865209326,0.026101922447406795,0.0,2,step 2.0 m,0.0,0
terrain,2.0,raw,2010,12.850000000000048,0.30000001556917355,0,0,0,247,0.0,0.002034035087016476,0.025372308899457005,0.0,2,step 2.0 m,0.0,0
terrain,2.0,raw,2011,12.850000000000048,0.30000001556917355,0,0,0,247,0.0,0.0020910103757219214,0.024605514201388307,0.0,2,step 2.0 m,0.0,0
terrain,2.0,raw,2012,12.850000000000048,0.30000001556917355,0,0,0,247,0.0,0.002027951504407286,0.02746040348270017,0.0,2,step 2.0 m,0.0,0
terrain,2.0,raw,2013,12.850000000000048,0.30000001556917355,0,0,0,247,0.0,0.0018575164912802476,0.026464785889075998,0.0,2,step 2.0 m,0.0,0
terrain,2.0,raw,2014,10.25000000000001,0.3000915695521135,0,0,0,195,0.0,0.0026404747953077596,0.023085011725143493,0.0,2,step 2.0 m,0.0,0
terrain,2.0,raw,2015,13.05000000000005,0.3000000079855396,0,0,0,251,0.0,0.002099279245141399,0.025651428726207258,0.0,2,step 2.0 m,0.0,0
terrain,2.0,raw,2016,9.45,0.3013230943787853,0,0,0,179,0.0,0.0022943590259186506,0.020583143652532096,0.0,2,step 2.0 m,0.0,0
terrain,2.0,raw,2017,9.850000000000005,0.3003480735397906,0,0,0,187,0.0,0.0024980555504782965,0.02372452117422126,0.0,2,step 2.0 m,0.0,0
terrain,2.0,raw,2018,12.850000000000048,0.30000001556917355,0,0,0,247,0.0,0.0019439033749033368,0.026878879264511848,0.0,2,step 2.0 m,0.0,0
terrain,2.0,raw,2019,13.05000000000005,0.3000000079855396,0,0,0,251,0.0,0.002033901774182733,0.0242496851803685,0.0,2,step 2.0 m,0.0,0
terrain,2.0,raw,2020,12.850000000000048,0.30000001556917355,0,0,0,247,0.0,0.002185403894577539,0.026616402878397095,0.0,2,step 2.0 m,0.0,0
terrain,2.0,raw,2021,12.850000000000048,0.30000001556917355,0,0,0,247,0.0,0.0020987172183890707,0.0256408548299246,0.0,2,step 2.0 m,0.0,0
terrain,2.0,raw,2022,12.850000000000048,0.30000001556917355,0,0,0,247,0.0,0.0024765682484101117,0.026124039926320817,0.0,2,step 2.0 m,0.0,0
terrain,2.0,raw,2023,12.850000000000048,0.30000001556917355,0,0,0,247,0.0,0.002067429573532287,0.024061127027262683,0.0,2,step 2.0 m,0.0,0
terrain,2.0,raw,2024,12.850000000000048,0.30000001556917355,0,0,0,247,0.0,0.0019461430077889002,0.026099489511530023,0.0,2,step 2.0 m,0.0,0
terrain,2.0,raw,2025,9.049999999999994,0.3050293349233687,0,0,0,171,0.0,0.003631701596982926,0.02152935138605718,0.0,2,step 2.0 m,0.0,0
terrain,2.0,raw,2026,12.850000000000048,0.30000001556917355,0,0,0,247,0.0,0.0021849124943133067,0.02902618722460682,0.0,2,step 2.0 m,0.0,0
terrain,2.0,raw,2027,12.850000000000048,0.30000001556917355,0,0,0,247,0.0,0.002258046616990395,0.027342992175103182,0.0,2,step 2.0 m,0.0,0
terrain,2.0,raw,2028,12.850000000000048,0.30000001556917355,0,0,0,247,0.0,0.0022983449943968794,0.024517115191041806,0.0,2,step 2.0 m,0.0,0
terrain,2.0,raw,2029,12.250000000000039,0.3000001153847361,0,0,0,235,0.0,0.0024039474397724607,0.02338730091606046,0.0,2,step 2.0 m,0.0,0
terrain,2.0,raw,2030,13.05000000000005,0.3000000079855396,0,0,0,251,0.0,0.0025446892185725717,0.024331687800345916,0.0,2,step 2.0 m,0.0,0
terrain,2.0,raw,2031,12.650000000000045,0.30000003035474976,0,0,0,243,0.0,0.0022784201233028603,0.02793185820026807,0.0,2,step 2.0 m,0.0,0
terrain,2.0,raw,2032,12.850000000000048,0.30000001556917355,0,0,0,247,0.0,0.0024292132053085505,0.025166856580380183,0.0,2,step 2.0 m,0.0,0
terrain,2.0,raw,2033,12.850000000000048,0.30000001556917355,0,0,0,247,0.0,0.002030349279664466,0.028114822138155037,0.0,2,step 2.0 m,0.0,0
terrain,2.0,raw,2034,13.05000000000005,0.3000000079855396,0,0,0,251,0.0,0.002030455354055565,0.024519485292955508,0.0,2,step 2.0 m,0.0,0
terrain,2.0,raw,2035,12.850000000000048,0.30000001556917355,0,0,0,247,0.0,0.0021786136895412225,0.025320191962751336,0.0,2,step 2.0 m,0.0,0
terrain,2.0,raw,2036,9.45,0.3013230943787853,0,0,0,179,0.0,0.002372008616830414,0.02203353359975378,0.0,2,step 2.0 m,0.0,0
terrain,2.0,raw,2037,10.650000000000016,0.30002408968006794,0,0,0,203,0.0,0.002325258818249525,0.024683328887172302,0.0,2,step 2.0 m,0.0,0
terrain,2.0,raw,2038,12.850000000000048,0.30000001556917355,0,0,0,247,0.0,0.0023879376991449426,0.025398928653810156,0.0,2,step 2.0 m,0.0,0
terrain,2.0,raw,2039,13.05000000000005,0.3000000079855396,0,0,0,251,0.0,0.0016884995853157652,0.024987817554788155,0.0,2,step 2.0 m,0.0,0
terrain,2.0,median,2000,12.450000000000042,0.30000005918172,0,2,0,237,0.0,0.002193421532710725,0.06309956313301944,0.0,2,step 2.0 m,0.0,0
terrain,2.0,median,2001,12.450000000000042,0.30000005918172,0,2,0,237,0.0,0.0024681778846727307,0.059664420703441315,0.0,2,step 2.0 m,0.0,0
terrain,2.0,median,2002,10.25000000000001,0.3000915695521135,0,2,0,193,0.0,0.002372612897711711,0.355311308873743,0.0,2,step 2.0 m,0.0,0
terrain,2.0,median,2003,12.650000000000045,0.30000003035474976,0,2,0,241,0.0,0.0021698929530581607,0.06770757122193785,0.003952569169960474,2,step 2.0 m,0.0,0
terrain,2.0,median,2004,12.450000000000042,0.30000005918172,0,2,0,237,0.0,0.0021309830752727016,0.06481716135535687,0.008032128514056224,2,step 2.0 m,0.0,0
terrain,2.0,median,2005,12.450000000000042,0.30000005918172,0,2,0,237,0.0,0.0023932513287021483,0.27680249947394897,0.0,2,step 2.0 m,0.0,0
terrain,2.0,median,2006,10.650000000000016,0.30002408968006794,0,2,0,201,0.0,0.002498209209355807,0.33594881367374735,0.004694835680751174,2,step 2.0 m,0.0,0
terrain,2.0,median,2007,12.450000000000042,0.30000005918172,0,2,0,237,0.0,0.0016870229793434042,0.2737621773641672,0.0,2,step 2.0 m,0.0,0
terrain,2.0,median,2008,10.25000000000001,0.3000915695521135,0,2,0,193,0.0,0.0019815860861321505,0.3572231583122447,0.0,2,step 2.0 m,0.0,0
terrain,2.0,median,2009,12.450000000000042,0.30000005918172,0,2,0,237,0.0,0.002485836466918822,0.059710736713201484,0.0,2,step 2.0 m,0.0,0
terrain,2.0,median,2010,12.450000000000042,0.30000005918172,0,2,0,237,0.0,0.0020874972895805564,0.06096237529774242,0.0,2,step 2.0 m,0.0,0
terrain,2.0,median,2011,12.450000000000042,0.30000005918172,0,2,0,237,0.0,0.00213297439535841,0.2745823774200113,0.004016064257028112,2,step 2.0 m,0.0,0
terrain,2.0,median,2012,12.450000000000042,0.30000005918172,0,2,0,237,0.0,0.0020586050186757405,0.06267803822481872,0.0,2,step 2.0 m,0.0,0
terrain,2.0,median,2013,12.450000000000042,0.30000005918172,0,2,0,237,0.0,0.001888509168225931,0.06293283870044887,0.004016064257028112,2,step 2.0 m,0.0,0
terrain,2.0,median,2014,9.850000000000005,0.3003480735397906,0,2,0,185,0.0,0.002702695698980863,0.39012387808959825,0.0,2,step 2.0 m,0.0,0
terrain,2.0,median,2015,12.650000000000045,0.30000003035474976,0,2,0,241,0.0,0.0021426622366946427,0.06129151813750584,0.0,2,step 2.0 m,0.0,0
terrain,2.0,median,2016,9.049999999999994,0.3050293349233687,0,2,0,169,0.0,0.002362724754642467,0.46908910521067815,0.0,2,step 2.0 m,0.0,0
terrain,2.0,median,2017,9.45,0.3013230943787853,0,2,0,177,0.0,0.002587646613826723,0.42753152742431527,0.0,2,step 2.0 m,0.0,0
terrain,2.0,median,2018,12.450000000000042,0.30000005918172,0,2,0,237,0.0,0.0019800334982393803,0.06563457623823608,0.004016064257028112,2,step 2.0 m,0.0,0
terrain,2.0,median,2019,12.650000000000045,0.30000003035474976,0,2,0,241,0.0,0.002059008775665784,0.06006314729500492,0.0,2,step 2.0 m,0.0,0
terrain,2.0,median,2020,12.450000000000042,0.30000005918172,0,2,0,237,0.0,0.0022259951056722584,0.06771796983236658,0.0,2,step 2.0 m,0.0,0
terrain,2.0,median,2021,12.450000000000042,0.30000005918172,0,2,0,237,0.0,0.002145049648602513,0.2731462310573106,0.0,2,step 2.0 m,0.0,0
terrain,2.0,median,2022,12.450000000000042,0.30000005918172,0,2,0,237,0.0,0.0025415241838802217,0.06526879869164033,0.004016064257028112,2,step 2.0 m,0.0,0
terrain,2.0,median,2023,12.450000000000042,0.30000005918172,0,2,0,237,0.0,0.0021001069379398608,0.06350470270309118,0.0,2,step 2.0 m,0.0,0
terrain,2.0,median,2024,12.450000000000042,0.30000005918172,0,2,0,237,0.0,0.0019690546867345564,0.26898667322555175,0.0,2,step 2.0 m,0.0,0
terrain,2.0,median,2025,8.649999999999988,0.31911746174345496,0,2,0,162,0.0,0.0037886294786919385,0.542555420997597,0.0,2,step 2.0 m,0.0,0
terrain,2.0,median,2026,12.450000000000042,0.30000005918172,0,2,0,237,0.0,0.002227153091462218,0.07111760824902189,0.0,2,step 2.0 m,0.0,0
terrain,2.0,median,2027,12.450000000000042,0.30000005918172,0,2,0,237,0.0,0.0022863833096118244,0.06682390835016044,0.0,2,step 2.0 m,0.0,0
terrain,2.0,median,2028,12.450000000000042,0.30000005918172,0,2,0,237,0.0,0.002343159168384783,0.06026276394792195,0.004016064257028112,2,step 2.0 m,0.0,0
terrain,2.0,median,2029,11.850000000000033,0.3000004386009235,0,2,0,225,0.0,0.0024706271187122384,0.2959767964156294,0.0,2,step 2.0 m,0.0,0
terrain,2.0,median,2030,12.650000000000045,0.30000003035474976,0,2,0,241,0.0,0.00260763417441964,0.05871608369117535,0.0,2,step 2.0 m,0.0,0
terrain,2.0,median,2031,12.250000000000039,0.3000001153847361,0,2,0,233,0.0,0.002312728627745901,0.0631727242983972,0.0,2,step 2.0 m,0.0,0
terrain,2.0,median,2032,12.450000000000042,0.30000005918172,0,2,0,237,0.0,0.002468622460907782,0.06626454458555124,0.0,2,step 2.0 m,0.0,0
terrain,2.0,median,2033,12.450000000000042,0.30000005918172,0,2,0,237,0.0,0.002074461839917962,0.0628824037954502,0.004016064257028112,2,step 2.0 m,0.0,0
terrain,2.0,median,2034,12.650000000000045,0.30000003035474976,0,2,0,241,0.0,0.00206338271594147,0.06075693075145179,0.0,2,step 2.0 m,0.0,0
terrain,2.0,median,2035,12.450000000000042,0.30000005918172,0,2,0,237,0.0,0.0022100081908536643,0.06372250410510998,0.0,2,step 2.0 m,0.0,0
terrain,2.0,median,2036,9.049999999999994,0.3050293349233687,0,2,0,169,0.0,0.0024356772246185293,0.4714998740767024,0.0,2,step 2.0 m,0.0,0
terrain,2.0,median,2037,10.25000000000001,0.3000915695521135,0,2,0,193,0.0,0.002411610833334955,0.35401343056226847,0.004878048780487805,2,step 2.0 m,0.0,0
terrain,2.0,median,2038,12.450000000000042,0.30000005918172,0,2,0,237,0.0,0.00243796838722668,0.18802764227530874,0.0,2,step 2.0 m,0.0,0
terrain,2.0,median,2039,12.650000000000045,0.30000003035474976,0,2,0,241,0.0,0.001717898903322606,0.058036999538130164,0.0,2,step 2.0 m,0.0,0
terrain,2.0,mad,2000,12.850000000000048,0.30000001556917355,0,11,0,236,0.0,0.0021613582459479143,0.029887184443864147,0.0038910505836575876,2,step 2.0 m,0.0,0
terrain,2.0,mad,2001,12.850000000000048,0.30000001556917355,0,9,0,238,0.0,0.0024300817152351248,0.02714591191052707,0.0,2,step 2.0 m,0.0,0
terrain,2.0,mad,2002,9.45,0.3013230943787853,0,8,0,171,0.0,0.0025098006521230213,0.8222334468318403,0.005291005291005291,2,step 2.0 m,0.0,0
terrain,2.0,mad,2003,13.05000000000005,0.3000000079855396,0,10,0,241,0.0,0.002125556752053576,0.03042225871053832,0.0,2,step 2.0 m,0.0,0
terrain,2.0,mad,2004,12.850000000000048,0.30000001556917355,0,7,0,240,0.0,0.0020746878377194584,0.42767397679371205,0.0,2,step 2.0 m,0.0,0
terrain,2.0,mad,2005,12.050000000000036,0.3000002249619192,0,8,0,223,0.0,0.0024478101072626015,0.6079711574937982,0.0,2,step 2.0 m,0.0,0
terrain,2.0,mad,2006,9.650000000000002,0.30067862667812717,0,10,0,173,0.0,0.0026991216999064324,0.8390877213805134,0.0,2,step 2.0 m,0.0,0
terrain,2.0,mad,2007,11.450000000000028,0.30000166721005816,0,10,0,209,0.0,0.0017741622052673712,0.6438825504704523,0.0,2,step 2.0 m,0.0,0
terrain,2.0,mad,2008,9.249999999999996,0.3025795900906301,0,10,0,165,0.0,0.0021290052794831946,0.9204186365796481,0.0,2,step 2.0 m,0.0,0
terrain,2.0,mad,2009,12.850000000000048,0.30000001556917355,0,9,0,238,0.0,0.0024433114865209326,0.03042960535487882,0.0038910505836575876,2,step 2.0 m,0.0,0
terrain,2.0,mad,2010,12.850000000000048,0.30000001556917355,0,11,0,236,0.0,0.002034035087016476,0.029581283119398408,0.0,2,step 2.0 m,0.0,0
terrain,2.0,mad,2011,11.65000000000003,0.30000085512573244,0,9,0,214,0.0,0.0022168621531541235,0.6289339912138077,0.0,2,step 2.0 m,0.0,0
terrain,2.0,mad,2012,12.850000000000048,0.30000001556917355,0,8,0,239,0.0,0.002027951504407286,0.032030139366903555,0.0,2,step 2.0 m,0.0,0
terrain,2.0,mad,2013,12.850000000000048,0.30000001556917355,0,7,0,240,0.0,0.0018575164912802476,0.033532177538297986,0.0,2,step 2.0 m,0.0,0
terrain,2.0,mad,2014,8.84999999999999,0.30980551482454227,0,11,0,157,0.0,0.0029711430846290866,1.0087735800699826,0.0,2,step 2.0 m,0.0,0
terrain,2.0,mad,2015,13.05000000000005,0.3000000079855396,0,7,0,244,0.0,0.002099279245141399,0.02975544764093874,0.0,2,step 2.0 m,0.0,0
terrain,2.0,mad,2016,8.14999999999998,0.4084740257721179,0,7,0,150,0.0,0.002559607070685047,1.3332235130688743,0.0,2,step 2.0 m,0.010592532215147332,0
terrain,2.0,mad,2017,8.499999999999986,0.3326135519264246,0,10,0,151,0.0,0.0028379931356435797,1.157909548926819,0.0,2,step 2.0 m,0.0,0
terrain,2.0,mad,2018,12.850000000000048,0.30000001556917355,0,13,0,234,0.0,0.0019439033749033368,0.035610262236044965,0.0038910505836575876,2,step 2.0 m,0.0,0
terrain,2.0,mad,2019,13.05000000000005,0.3000000079855396,0,9,0,242,0.0,0.002033901774182733,0.029083562540710303,0.0,2,step 2.0 m,0.0,0
terrain,2.0,mad,2020,12.850000000000048,0.30000001556917355,0,10,0,237,0.0,0.002185403894577539,0.03261778772718522,0.0,2,step 2.0 m,0.0,0
terrain,2.0,mad,2021,11.65000000000003,0.30000085512573244,0,10,0,213,0.0,0.0022444003418070654,0.585427899255207,0.004291845493562232,2,step 2.0 m,0.0,0
terrain,2.0,mad,2022,12.850000000000048,0.30000001556917355,0,9,0,238,0.0,0.0024765682484101117,0.030958902859315324,0.0,2,step 2.0 m,0.0,0
terrain,2.0,mad,2023,12.850000000000048,0.30000001556917355,0,8,0,239,0.0,0.002067429573532287,0.028765614169143132,0.0,2,step 2.0 m,0.0,0
terrain,2.0,mad,2024,12.650000000000045,0.30000003035474976,0,8,0,235,0.0,0.001960803568014614,0.5651402491004168,0.0,2,step 2.0 m,0.0,0
terrain,2.0,mad,2025,7.94999999999998,0.541700497214108,0,12,0,142,0.0,0.004025379911681042,1.5300215514150965,0.025157232704402517,2,step 2.0 m,0.17712562151763492,0
terrain,2.0,mad,2026,12.850000000000048,0.30000001556917355,0,16,0,231,0.0,0.0021849124943133067,0.03634613084981408,0.0038910505836575876,2,step 2.0 m,0.0,0
terrain,2.0,mad,2027,12.850000000000048,0.30000001556917355,0,8,0,239,0.0,0.002258046616990395,0.03289677827590383,0.0038910505836575876,2,step 2.0 m,0.0,0
terrain,2.0,mad,2028,12.850000000000048,0.30000001556917355,0,12,0,235,0.0,0.0022983449943968794,0.03494257221088317,0.0,2,step 2.0 m,0.0,0
terrain,2.0,mad,2029,10.85000000000002,0.3000123558019654,0,10,0,197,0.0,0.0026483329632677375,0.7011998758209332,0.0,2,step 2.0 m,0.0,0
terrain,2.0,mad,2030,13.05000000000005,0.3000000079855396,0,10,0,241,0.0,0.0025446892185725717,0.030673355701441474,0.0,2,step 2.0 m,0.0,0
terrain,2.0,mad,2031,12.650000000000045,0.30000003035474976,0,12,0,231,0.0,0.0022784201233028603,0.032990400660822004,0.003952569169960474,2,step 2.0 m,0.0,0
terrain,2.0,mad,2032,12.850000000000048,0.30000001556917355,0,9,0,238,0.0,0.0024292132053085505,0.03289259222400519,0.0038910505836575876,2,step 2.0 m,0.0,0
terrain,2.0,mad,2033,12.850000000000048,0.30000001556917355,0,7,0,240,0.0,0.002030349279664466,0.03484009543954746,0.0038910505836575876,2,step 2.0 m,0.0,0
terrain,2.0,mad,2034,13.05000000000005,0.3000000079855396,0,6,0,245,0.0,0.002030455354055565,0.028406638833966102,0.0,2,step 2.0 m,0.0,0
terrain,2.0,mad,2035,12.850000000000048,0.30000001556917355,0,7,0,240,0.0,0.0021786136895412225,0.034122633426721206,0.0,2,step 2.0 m,0.0,0
terrain,2.0,mad,2036,8.14999999999998,0.4084740257721179,0,8,0,149,0.0,0.0026145156320756023,1.3388332077490401,0.0,2,step 2.0 m,0.010592532215147332,0
terrain,2.0,mad,2037,9.249999999999996,0.3025795900906301,0,8,0,167,0.0,0.002622268755045251,0.9252483800883857,0.0,2,step 2.0 m,0.0,0
terrain,2.0,mad,2038,12.850000000000048,0.30000001556917355,0,11,0,236,0.0,0.0023879376991449426,0.4696490234383153,0.0,2,step 2.0 m,0.0,0
terrain,2.0,mad,2039,13.05000000000005,0.3000000079855396,0,10,0,241,0.0,0.0016884995853157652,0.290954272431399,0.0,2,step 2.0 m,0.0,0
terrain,2.0,kf,2000,7.94999999999998,0.541700497214108,0,47,0,107,0.0,0.0031228610468013633,1.9456863635942978,0.2830188679245283,2,step 2.0 m,0.17712562151763492,0
terrain,2.0,kf,2001,8.14999999999998,0.4084740257721179,0,63,0,94,0.0,0.0034997425925688283,1.797731339186833,0.3803680981595092,2,step 2.0 m,0.010592532215147332,0
terrain,2.0,kf,2002,8.04999999999998,0.4619204322529394,0,23,0,132,0.0,0.002816663240327976,1.917927221086054,0.13664596273291926,2,step 2.0 m,0.0774005403161742,0
terrain,2.0,kf,2003,8.04999999999998,0.4619204322529394,0,71,0,84,0.0,0.003085047260887494,1.9307676323727512,0.43478260869565216,2,step 2.0 m,0.0774005403161742,0
terrain,2.0,kf,2004,7.94999999999998,0.541700497214108,0,42,0,112,0.0,0.0028914691973170917,1.988261028226266,0.25157232704402516,2,step 2.0 m,0.17712562151763492,0
terrain,2.0,kf,2005,8.04999999999998,0.4619204322529394,0,37,0,118,0.0,0.0033284885048021715,1.8971936362160924,0.2236024844720497,2,step 2.0 m,0.0774005403161742,0
terrain,2.0,kf,2006,8.04999999999998,0.4619204322529394,0,25,0,130,0.0,0.0030983958513363797,1.924776726712895,0.14906832298136646,2,step 2.0 m,0.0774005403161742,0
terrain,2.0,kf,2007,7.84999999999998,0.6607891155403891,0,32,0,121,0.0,0.002256343856725891,2.035745763432246,0.18471337579617833,2,step 2.0 m,0.3259863944254863,0
terrain,2.0,kf,2008,8.04999999999998,0.4619204322529394,0,23,0,132,0.0,0.0023640170217415083,1.9122003576300919,0.13664596273291926,2,step 2.0 m,0.0774005403161742,0
terrain,2.0,kf,2009,7.7499999999999805,1.0034176473711027,0,75,0,77,0.0,0.0035878222908093866,2.217284096275935,0.45806451612903226,2,step 2.0 m,0.7542720592138783,1
terrain,2.0,kf,2010,8.04999999999998,0.4619204322529394,0,75,0,80,0.0,0.0029139442485976897,1.8614830179798878,0.45962732919254656,2,step 2.0 m,0.0774005403161742,0
terrain,2.0,kf,2011,8.04999999999998,0.4619204322529394,0,35,0,120,0.0,0.0029543951978902258,1.8812131854417435,0.2111801242236025,2,step 2.0 m,0.0774005403161742,0
terrain,2.0,kf,2012,7.699999999999981,1.2187496327098313,0,72,0,80,0.0,0.002861651663852053,2.2704574981483323,0.43506493506493504,2,step 2.0 m,1.0,1
terrain,2.0,kf,2013,7.7499999999999805,1.0034176473711027,0,70,0,82,0.0,0.002590980211766942,2.209065144078494,0.4258064516129032,2,step 2.0 m,0.7542720592138783,1
terrain,2.0,kf,2014,7.94999999999998,0.541700497214108,0,20,0,134,0.0,0.0032192574115858076,1.9905733383278945,0.11320754716981132,2,step 2.0 m,0.17712562151763492,0
terrain,2.0,kf,2015,7.94999999999998,0.541700497214108,0,53,0,101,0.0,0.0030450882860079157,1.9260259283479089,0.32075471698113206,2,step 2.0 m,0.17712562151763492,0
terrain,2.0,kf,2016,7.84999999999998,0.6607891155403891,0,15,0,138,0.0,0.0026189176749320435,2.0449001714539667,0.07643312101910828,2,step 2.0 m,0.3259863944254863,0
terrain,2.0,kf,2017,7.79999999999998,0.7712348033271561,0,17,0,136,0.0,0.0029736067083368026,2.065558162708721,0.08333333333333333,2,step 2.0 m,0.4640435041589451,0
terrain,2.0,kf,2018,7.7499999999999805,0.9154904012773526,0,53,0,99,0.0,0.002641261338138195,2.1452089455487737,0.3161290322580645,2,step 2.0 m,0.6443630015966907,1
terrain,2.0,kf,2019,7.7499999999999805,0.9154904012773526,0,80,0,72,0.0,0.002971274940819669,2.1465086640600273,0.49032258064516127,2,step 2.0 m,0.6443630015966907,1
terrain,2.0,kf,2020,8.14999999999998,0.4084740257721179,0,59,0,98,0.0,0.0030162195552740777,1.8324046352668497,0.3558282208588957,2,step 2.0 m,0.010592532215147332,0
terrain,2.0,kf,2021,7.79999999999998,0.7712348033271561,0,32,0,121,0.0,0.003009356869188146,2.0969050147288706,0.1794871794871795,2,step 2.0 m,0.4640435041589451,0
terrain,2.0,kf,2022,7.79999999999998,0.7712348033271561,0,73,0,80,0.0,0.0036414078200963694,2.0879957817969634,0.4423076923076923,2,step 2.0 m,0.4640435041589451,0
terrain,2.0,kf,2023,8.04999999999998,0.4619204322529394,0,87,0,68,0.0,0.002874117647734045,1.9149415826019727,0.5341614906832298,2,step 2.0 m,0.0774005403161742,0
terrain,2.0,kf,2024,7.94999999999998,0.541700497214108,0,39,0,115,0.0,0.0026946932329222676,1.9851151823376272,0.23270440251572327,2,step 2.0 m,0.17712562151763492,0
terrain,2.0,kf,2025,7.84999999999998,0.6607891155403891,0,13,0,140,0.0,0.004043069796960398,2.0150459490397,0.06369426751592357,2,step 2.0 m,0.3259863944254863,0
terrain,2.0,kf,2026,8.04999999999998,0.4619204322529394,0,80,0,75,0.0,0.0030229034380868888,1.881163358956104,0.4906832298136646,2,step 2.0 m,0.0774005403161742,0
terrain,2.0,kf,2027,8.299999999999983,0.3635854731449771,0,98,0,61,0.0,0.003130682054100575,1.7212380423592875,0.5903614457831325,2,step 2.0 m,0.0,0
terrain,2.0,kf,2028,7.7499999999999805,1.0034176473711027,0,61,0,91,0.0,0.00336448029971411,2.2322018121526885,0.36774193548387096,2,step 2.0 m,0.7542720592138783,1
terrain,2.0,kf,2029,7.84999999999998,0.6607891155403891,0,29,0,124,0.0,0.0034351643247144286,2.060198413951252,0.16560509554140126,2,step 2.0 m,0.3259863944254863,0
terrain,2.0,kf,2030,7.94999999999998,0.541700497214108,0,62,0,92,0.0,0.0037741405406794197,1.9694388519134336,0.37735849056603776,2,step 2.0 m,0.17712562151763492,0
terrain,2.0,kf,2031,7.79999999999998,0.7712348033271561,0,62,0,91,0.0,0.003298359502809279,2.0711662284094254,0.3717948717948718,2,step 2.0 m,0.4640435041589451,0
terrain,2.0,kf,2032,7.84999999999998,0.6607891155403891,0,51,0,102,0.0,0.003549701434753455,2.0069039433680085,0.3057324840764331,2,step 2.0 m,0.3259863944254863,0
terrain,2.0,kf,2033,7.84999999999998,0.6607891155403891,0,86,0,67,0.0,0.0029166379981330564,2.019920126391121,0.5286624203821656,2,step 2.0 m,0.3259863944254863,0
terrain,2.0,kf,2034,8.04999999999998,0.4619204322529394,0,90,0,65,0.0,0.0029468601479474494,1.9083045078007574,0.5527950310559007,2,step 2.0 m,0.0774005403161742,0
terrain,2.0,kf,2035,7.79999999999998,0.7712348033271561,0,79,0,74,0.0,0.003099768483766261,2.061383588956716,0.4807692307692308,2,step 2.0 m,0.4640435041589451,0
terrain,2.0,kf,2036,7.84999999999998,0.6607891155403891,0,15,0,138,0.0,0.0026850968359903742,2.033767674718752,0.07643312101910828,2,step 2.0 m,0.3259863944254863,0
terrain,2.0,kf,2037,7.84999999999998,0.6607891155403891,0,21,0,132,0.0,0.002902469911156801,2.0071416925817718,0.11464968152866242,2,step 2.0 m,0.3259863944254863,0
terrain,2.0,kf,2038,8.04999999999998,0.4619204322529394,0,42,0,113,0.0,0.003458022963133285,1.9144322589321432,0.2546583850931677,2,step 2.0 m,0.0774005403161742,0
terrain,2.0,kf,2039,7.94999999999998,0.541700497214108,0,44,0,110,0.0,0.002354975992708464,1.943783451301744,0.2641509433962264,2,step 2.0 m,0.17712562151763492,0
terrain,2.0,kf_fallback,2000,15.250000000000082,0.3000000000054399,0,188,0,107,0.0,0.0019584047876892545,1.9397568927074549,0.6262295081967213,2,step 2.0 m,0.0,0
terrain,2.0,kf_fallback,2001,17.85000000000012,0.30000000000000093,0,253,0,94,0.0,0.0020512971210781008,1.6953859331112426,0.7170868347338936,2,step 2.0 m,0.0,0
terrain,2.0,kf_fallback,2002,10.25000000000001,0.30009652446095175,0,63,0,132,0.0,0.002372822597437573,1.8521493228239756,0.32195121951219513,2,step 2.0 m,0.0,0
terrain,2.0,kf_fallback,2003,19.850000000000147,0.30000000000000016,0,303,0,84,0.0,0.0018963054699172861,1.8969585127176938,0.7707808564231738,2,step 2.0 m,0.0,0
terrain,2.0,kf_fallback,2004,14.250000000000068,0.30000000015325623,0,163,0,112,0.0,0.001987216963758287,1.9511961054720235,0.5824561403508772,2,step 2.0 m,0.0,0
terrain,2.0,kf_fallback,2005,13.05000000000005,0.3000000084176546,0,133,0,118,0.0,0.002337758892031844,1.7474310306304264,0.5210727969348659,2,step 2.0 m,0.0,0
terrain,2.0,kf_fallback,2006,10.650000000000016,0.30002539319556537,0,73,0,130,0.0,0.0024983915704232733,1.8804840402577763,0.3568075117370892,2,step 2.0 m,0.0,0
terrain,2.0,kf_fallback,2007,12.450000000000042,0.3000000623841422,0,118,0,121,0.0,0.0016872043418761629,2.1285530087331472,0.4859437751004016,2,step 2.0 m,0.0,0
terrain,2.0,kf_fallback,2008,10.25000000000001,0.30009652446095175,0,63,0,132,0.0,0.0019817626877715578,1.863731485578986,0.32195121951219513,2,step 2.0 m,0.0,0
terrain,2.0,kf_fallback,2009,21.250000000000167,0.30000000000000016,0,338,0,77,0.0,0.0020491471902643744,2.2327687417064257,0.8023529411764706,2,step 2.0 m,0.0,0
terrain,2.0,kf_fallback,2010,20.65000000000016,0.30000000000000016,0,323,0,80,0.0,0.0018044835691367765,1.749296401312999,0.7893462469733656,2,step 2.0 m,0.0,0
terrain,2.0,kf_fallback,2011,12.650000000000045,0.30000003199730063,0,123,0,120,0.0,0.0021068108627423842,1.7582682653171526,0.4980237154150198,2,step 2.0 m,0.0,0
terrain,2.0,kf_fallback,2012,20.65000000000016,0.30000000000000016,0,323,0,80,0.0,0.0018413351700284093,2.356771164427608,0.7893462469733656,2,step 2.0 m,0.0,0
terrain,2.0,kf_fallback,2013,20.250000000000153,0.30000000000000016,0,313,0,82,0.0,0.0017110418841106223,2.3061178534848836,0.7802469135802469,2,step 2.0 m,0.0,0
terrain,2.0,kf_fallback,2014,9.850000000000005,0.30036690808502053,0,53,0,134,0.0,0.002702878259217498,1.993904716741322,0.28426395939086296,2,step 2.0 m,0.0,0
terrain,2.0,kf_fallback,2015,16.4500000000001,0.30000000000009897,0,218,0,101,0.0,0.0018700116111952524,1.884639002046063,0.6717325227963525,2,step 2.0 m,0.0,0
terrain,2.0,kf_fallback,2016,9.049999999999994,0.3053014759870665,0,33,0,138,0.0,0.0023629460645660937,2.0846528576904197,0.19889502762430938,2,step 2.0 m,0.0,0
terrain,2.0,kf_fallback,2017,9.45,0.3013946880459154,0,43,0,136,0.0,0.002587894917165611,2.121371421597678,0.24338624338624337,2,step 2.0 m,0.0,0
terrain,2.0,kf_fallback,2018,16.850000000000104,0.300000000000026,0,228,0,99,0.0,0.0017635155446464007,2.2795766357659013,0.685459940652819,2,step 2.0 m,0.0,0
terrain,2.0,kf_fallback,2019,22.25000000000018,0.30000000000000016,0,363,0,72,0.0,0.0017639357191156196,2.233617474306164,0.8224719101123595,2,step 2.0 m,0.0,0
terrain,2.0,kf_fallback,2020,17.050000000000107,0.30000000000001337,0,233,0,98,0.0,0.0019033896455038861,1.7495899664751755,0.6920821114369502,2,step 2.0 m,0.0,0
terrain,2.0,kf_fallback,2021,12.450000000000042,0.3000000623841422,0,118,0,121,0.0,0.0021452439871373604,2.2433115818479505,0.4859437751004016,2,step 2.0 m,0.0,0
terrain,2.0,kf_fallback,2022,20.65000000000016,0.30000000000000016,0,323,0,80,0.0,0.0020144371124964132,2.216400896632378,0.7893462469733656,2,step 2.0 m,0.0,0
terrain,2.0,kf_fallback,2023,23.050000000000193,0.30000000000000016,0,383,0,68,0.0,0.0018458953285153134,1.8665210115627295,0.8373101952277657,2,step 2.0 m,0.0,0
terrain,2.0,kf_fallback,2024,13.650000000000059,0.3000000011358111,0,148,0,115,0.0,0.0018762019297872527,1.9787730310602276,0.5531135531135531,2,step 2.0 m,0.0,0
terrain,2.0,kf_fallback,2025,8.649999999999988,0.32015192137542114,0,24,0,140,0.0,0.003788883649090629,2.0171897783173205,0.15028901734104047,2,step 2.0 m,0.0,0
terrain,2.0,kf_fallback,2026,21.650000000000173,0.30000000000000016,0,348,0,75,0.0,0.0019533681654711832,1.7906925259856232,0.8106235565819861,2,step 2.0 m,0.0,0
terrain,2.0,kf_fallback,2027,24.450000000000212,0.30000000000000016,0,418,0,61,0.0,0.0021111826009572966,1.6649388154742013,0.8609406952965235,2,step 2.0 m,0.0,0
terrain,2.0,kf_fallback,2028,18.450000000000127,0.30000000000000016,0,268,0,91,0.0,0.0019845440526617907,2.3816726966357074,0.7344173441734417,2,step 2.0 m,0.0,0
terrain,2.0,kf_fallback,2029,11.850000000000033,0.30000046233420496,0,103,0,124,0.0,0.0024707971102298784,2.0995740717143465,0.4472573839662447,2,step 2.0 m,0.0,0
terrain,2.0,kf_fallback,2030,18.250000000000124,0.3000000000000002,0,263,0,92,0.0,0.002145307588810755,1.9647906309804204,0.7287671232876712,2,step 2.0 m,0.0,0
terrain,2.0,kf_fallback,2031,18.450000000000127,0.30000000000000016,0,268,0,91,0.0,0.0019278989923777572,2.143227077438062,0.7344173441734417,2,step 2.0 m,0.0,0
terrain,2.0,kf_fallback,2032,16.250000000000096,0.30000000000019306,0,213,0,102,0.0,0.002123971839968787,2.08274239073935,0.6646153846153846,2,step 2.0 m,0.0,0
terrain,2.0,kf_fallback,2033,23.250000000000195,0.30000000000000016,0,388,0,67,0.0,0.0018597330267541457,1.9958897627419412,0.8408602150537634,2,step 2.0 m,0.0,0
terrain,2.0,kf_fallback,2034,23.6500000000002,0.30000000000000016,0,398,0,65,0.0,0.0018050686342188321,1.9334271016542908,0.8477801268498943,2,step 2.0 m,0.0,0
terrain,2.0,kf_fallback,2035,21.850000000000176,0.30000000000000016,0,353,0,74,0.0,0.0018779125007913034,2.088379898244537,0.8146453089244852,2,step 2.0 m,0.0,0
terrain,2.0,kf_fallback,2036,9.049999999999994,0.3053014759870665,0,33,0,138,0.0,0.0024358135739113948,2.0489247726418007,0.19889502762430938,2,step 2.0 m,0.0,0
terrain,2.0,kf_fallback,2037,10.25000000000001,0.30009652446095175,0,63,0,132,0.0,0.0024118464218097517,2.045082593552718,0.32195121951219513,2,step 2.0 m,0.0,0
terrain,2.0,kf_fallback,2038,14.050000000000065,0.30000000029880036,0,158,0,113,0.0,0.002254201193403778,1.923670920022335,0.5729537366548043,2,step 2.0 m,0.0,0
terrain,2.0,kf_fallback,2039,14.650000000000073,0.30000000004031724,0,173,0,110,0.0,0.0016212647193352796,1.8994158238036245,0.6006825938566553,2,step 2.0 m,0.0,0
